[2026-03-17T20:36:57.179+0000] {processor.py:186} INFO - Started process (PID=52) to work on /opt/airflow/dags/scraping_dag.py
[2026-03-17T20:36:57.182+0000] {processor.py:914} INFO - Processing file /opt/airflow/dags/scraping_dag.py for tasks to queue
[2026-03-17T20:36:57.188+0000] {logging_mixin.py:190} INFO - [2026-03-17T20:36:57.187+0000] {dagbag.py:587} INFO - Filling up the DagBag from /opt/airflow/dags/scraping_dag.py
[2026-03-17T20:36:57.674+0000] {processor.py:925} INFO - DAG(s) 'pipeline_ville_ideale_complet' retrieved from /opt/airflow/dags/scraping_dag.py
[2026-03-17T20:36:58.065+0000] {logging_mixin.py:190} INFO - [2026-03-17T20:36:58.063+0000] {override.py:1858} INFO - Created Permission View: can delete on DAG:pipeline_ville_ideale_complet
[2026-03-17T20:36:58.089+0000] {logging_mixin.py:190} INFO - [2026-03-17T20:36:58.088+0000] {override.py:1858} INFO - Created Permission View: can edit on DAG:pipeline_ville_ideale_complet
[2026-03-17T20:36:58.109+0000] {logging_mixin.py:190} INFO - [2026-03-17T20:36:58.108+0000] {override.py:1858} INFO - Created Permission View: can read on DAG:pipeline_ville_ideale_complet
[2026-03-17T20:36:58.111+0000] {logging_mixin.py:190} INFO - [2026-03-17T20:36:58.110+0000] {dag.py:3211} INFO - Sync 1 DAGs
[2026-03-17T20:36:58.132+0000] {logging_mixin.py:190} INFO - [2026-03-17T20:36:58.131+0000] {dag.py:3234} INFO - Creating ORM DAG for pipeline_ville_ideale_complet
[2026-03-17T20:36:58.158+0000] {logging_mixin.py:190} INFO - [2026-03-17T20:36:58.158+0000] {dag.py:4138} INFO - Setting next_dagrun for pipeline_ville_ideale_complet to 2026-03-16 00:00:00+00:00, run_after=2026-03-17 00:00:00+00:00
[2026-03-17T20:36:58.204+0000] {processor.py:208} INFO - Processing /opt/airflow/dags/scraping_dag.py took 1.037 seconds
[2026-03-17T20:37:28.627+0000] {processor.py:186} INFO - Started process (PID=53) to work on /opt/airflow/dags/scraping_dag.py
[2026-03-17T20:37:28.628+0000] {processor.py:914} INFO - Processing file /opt/airflow/dags/scraping_dag.py for tasks to queue
[2026-03-17T20:37:28.631+0000] {logging_mixin.py:190} INFO - [2026-03-17T20:37:28.631+0000] {dagbag.py:587} INFO - Filling up the DagBag from /opt/airflow/dags/scraping_dag.py
[2026-03-17T20:37:28.821+0000] {processor.py:925} INFO - DAG(s) 'pipeline_ville_ideale_complet' retrieved from /opt/airflow/dags/scraping_dag.py
[2026-03-17T20:37:28.857+0000] {logging_mixin.py:190} INFO - [2026-03-17T20:37:28.857+0000] {dag.py:3211} INFO - Sync 1 DAGs
[2026-03-17T20:37:28.887+0000] {logging_mixin.py:190} INFO - [2026-03-17T20:37:28.887+0000] {dag.py:4138} INFO - Setting next_dagrun for pipeline_ville_ideale_complet to 2026-03-16 00:00:00+00:00, run_after=2026-03-17 00:00:00+00:00
[2026-03-17T20:37:28.958+0000] {processor.py:208} INFO - Processing /opt/airflow/dags/scraping_dag.py took 0.341 seconds
[2026-03-17T20:37:59.095+0000] {processor.py:186} INFO - Started process (PID=54) to work on /opt/airflow/dags/scraping_dag.py
[2026-03-17T20:37:59.099+0000] {processor.py:914} INFO - Processing file /opt/airflow/dags/scraping_dag.py for tasks to queue
[2026-03-17T20:37:59.106+0000] {logging_mixin.py:190} INFO - [2026-03-17T20:37:59.106+0000] {dagbag.py:587} INFO - Filling up the DagBag from /opt/airflow/dags/scraping_dag.py
[2026-03-17T20:37:59.437+0000] {processor.py:925} INFO - DAG(s) 'pipeline_ville_ideale_complet' retrieved from /opt/airflow/dags/scraping_dag.py
[2026-03-17T20:37:59.476+0000] {logging_mixin.py:190} INFO - [2026-03-17T20:37:59.476+0000] {dag.py:3211} INFO - Sync 1 DAGs
[2026-03-17T20:37:59.513+0000] {logging_mixin.py:190} INFO - [2026-03-17T20:37:59.512+0000] {dag.py:4138} INFO - Setting next_dagrun for pipeline_ville_ideale_complet to 2026-03-16 00:00:00+00:00, run_after=2026-03-17 00:00:00+00:00
[2026-03-17T20:37:59.559+0000] {processor.py:208} INFO - Processing /opt/airflow/dags/scraping_dag.py took 0.480 seconds
[2026-03-17T20:38:29.876+0000] {processor.py:186} INFO - Started process (PID=55) to work on /opt/airflow/dags/scraping_dag.py
[2026-03-17T20:38:29.878+0000] {processor.py:914} INFO - Processing file /opt/airflow/dags/scraping_dag.py for tasks to queue
[2026-03-17T20:38:29.882+0000] {logging_mixin.py:190} INFO - [2026-03-17T20:38:29.881+0000] {dagbag.py:587} INFO - Filling up the DagBag from /opt/airflow/dags/scraping_dag.py
[2026-03-17T20:38:30.043+0000] {processor.py:925} INFO - DAG(s) 'pipeline_ville_ideale_complet' retrieved from /opt/airflow/dags/scraping_dag.py
[2026-03-17T20:38:30.080+0000] {logging_mixin.py:190} INFO - [2026-03-17T20:38:30.079+0000] {dag.py:3211} INFO - Sync 1 DAGs
[2026-03-17T20:38:30.108+0000] {logging_mixin.py:190} INFO - [2026-03-17T20:38:30.108+0000] {dag.py:4138} INFO - Setting next_dagrun for pipeline_ville_ideale_complet to 2026-03-16 00:00:00+00:00, run_after=2026-03-17 00:00:00+00:00
[2026-03-17T20:38:30.177+0000] {processor.py:208} INFO - Processing /opt/airflow/dags/scraping_dag.py took 0.310 seconds
[2026-03-17T20:39:00.541+0000] {processor.py:186} INFO - Started process (PID=56) to work on /opt/airflow/dags/scraping_dag.py
[2026-03-17T20:39:00.544+0000] {processor.py:914} INFO - Processing file /opt/airflow/dags/scraping_dag.py for tasks to queue
[2026-03-17T20:39:00.548+0000] {logging_mixin.py:190} INFO - [2026-03-17T20:39:00.548+0000] {dagbag.py:587} INFO - Filling up the DagBag from /opt/airflow/dags/scraping_dag.py
[2026-03-17T20:39:00.780+0000] {processor.py:925} INFO - DAG(s) 'pipeline_ville_ideale_complet' retrieved from /opt/airflow/dags/scraping_dag.py
[2026-03-17T20:39:00.818+0000] {logging_mixin.py:190} INFO - [2026-03-17T20:39:00.818+0000] {dag.py:3211} INFO - Sync 1 DAGs
[2026-03-17T20:39:00.862+0000] {logging_mixin.py:190} INFO - [2026-03-17T20:39:00.862+0000] {dag.py:4138} INFO - Setting next_dagrun for pipeline_ville_ideale_complet to 2026-03-16 00:00:00+00:00, run_after=2026-03-17 00:00:00+00:00
[2026-03-17T20:39:00.885+0000] {processor.py:208} INFO - Processing /opt/airflow/dags/scraping_dag.py took 0.353 seconds
[2026-03-17T20:39:31.107+0000] {processor.py:186} INFO - Started process (PID=57) to work on /opt/airflow/dags/scraping_dag.py
[2026-03-17T20:39:31.110+0000] {processor.py:914} INFO - Processing file /opt/airflow/dags/scraping_dag.py for tasks to queue
[2026-03-17T20:39:31.115+0000] {logging_mixin.py:190} INFO - [2026-03-17T20:39:31.115+0000] {dagbag.py:587} INFO - Filling up the DagBag from /opt/airflow/dags/scraping_dag.py
[2026-03-17T20:39:31.330+0000] {processor.py:925} INFO - DAG(s) 'pipeline_ville_ideale_complet' retrieved from /opt/airflow/dags/scraping_dag.py
[2026-03-17T20:39:31.361+0000] {logging_mixin.py:190} INFO - [2026-03-17T20:39:31.361+0000] {dag.py:3211} INFO - Sync 1 DAGs
[2026-03-17T20:39:31.392+0000] {logging_mixin.py:190} INFO - [2026-03-17T20:39:31.390+0000] {dag.py:4138} INFO - Setting next_dagrun for pipeline_ville_ideale_complet to 2026-03-16 00:00:00+00:00, run_after=2026-03-17 00:00:00+00:00
[2026-03-17T20:39:31.446+0000] {processor.py:208} INFO - Processing /opt/airflow/dags/scraping_dag.py took 0.350 seconds
[2026-03-17T20:40:01.813+0000] {processor.py:186} INFO - Started process (PID=58) to work on /opt/airflow/dags/scraping_dag.py
[2026-03-17T20:40:01.816+0000] {processor.py:914} INFO - Processing file /opt/airflow/dags/scraping_dag.py for tasks to queue
[2026-03-17T20:40:01.822+0000] {logging_mixin.py:190} INFO - [2026-03-17T20:40:01.821+0000] {dagbag.py:587} INFO - Filling up the DagBag from /opt/airflow/dags/scraping_dag.py
[2026-03-17T20:40:02.117+0000] {processor.py:925} INFO - DAG(s) 'pipeline_ville_ideale_complet' retrieved from /opt/airflow/dags/scraping_dag.py
[2026-03-17T20:40:02.164+0000] {logging_mixin.py:190} INFO - [2026-03-17T20:40:02.164+0000] {dag.py:3211} INFO - Sync 1 DAGs
[2026-03-17T20:40:02.207+0000] {logging_mixin.py:190} INFO - [2026-03-17T20:40:02.206+0000] {dag.py:4138} INFO - Setting next_dagrun for pipeline_ville_ideale_complet to 2026-03-17 00:00:00+00:00, run_after=2026-03-18 00:00:00+00:00
[2026-03-17T20:40:02.249+0000] {processor.py:208} INFO - Processing /opt/airflow/dags/scraping_dag.py took 0.448 seconds
[2026-03-17T20:40:32.773+0000] {processor.py:186} INFO - Started process (PID=59) to work on /opt/airflow/dags/scraping_dag.py
[2026-03-17T20:40:32.778+0000] {processor.py:914} INFO - Processing file /opt/airflow/dags/scraping_dag.py for tasks to queue
[2026-03-17T20:40:32.786+0000] {logging_mixin.py:190} INFO - [2026-03-17T20:40:32.785+0000] {dagbag.py:587} INFO - Filling up the DagBag from /opt/airflow/dags/scraping_dag.py
[2026-03-17T20:40:33.049+0000] {processor.py:925} INFO - DAG(s) 'pipeline_ville_ideale_complet' retrieved from /opt/airflow/dags/scraping_dag.py
[2026-03-17T20:40:33.138+0000] {logging_mixin.py:190} INFO - [2026-03-17T20:40:33.137+0000] {dag.py:3211} INFO - Sync 1 DAGs
[2026-03-17T20:40:33.187+0000] {logging_mixin.py:190} INFO - [2026-03-17T20:40:33.186+0000] {dag.py:4138} INFO - Setting next_dagrun for pipeline_ville_ideale_complet to 2026-03-17 00:00:00+00:00, run_after=2026-03-18 00:00:00+00:00
[2026-03-17T20:40:33.228+0000] {processor.py:208} INFO - Processing /opt/airflow/dags/scraping_dag.py took 0.468 seconds
[2026-03-17T20:41:03.743+0000] {processor.py:186} INFO - Started process (PID=60) to work on /opt/airflow/dags/scraping_dag.py
[2026-03-17T20:41:03.755+0000] {processor.py:914} INFO - Processing file /opt/airflow/dags/scraping_dag.py for tasks to queue
[2026-03-17T20:41:03.762+0000] {logging_mixin.py:190} INFO - [2026-03-17T20:41:03.761+0000] {dagbag.py:587} INFO - Filling up the DagBag from /opt/airflow/dags/scraping_dag.py
[2026-03-17T20:41:04.001+0000] {processor.py:925} INFO - DAG(s) 'pipeline_ville_ideale_complet' retrieved from /opt/airflow/dags/scraping_dag.py
[2026-03-17T20:41:04.050+0000] {logging_mixin.py:190} INFO - [2026-03-17T20:41:04.050+0000] {dag.py:3211} INFO - Sync 1 DAGs
[2026-03-17T20:41:04.089+0000] {logging_mixin.py:190} INFO - [2026-03-17T20:41:04.089+0000] {dag.py:4138} INFO - Setting next_dagrun for pipeline_ville_ideale_complet to 2026-03-17 00:00:00+00:00, run_after=2026-03-18 00:00:00+00:00
[2026-03-17T20:41:04.120+0000] {processor.py:208} INFO - Processing /opt/airflow/dags/scraping_dag.py took 0.387 seconds
[2026-03-17T20:41:34.542+0000] {processor.py:186} INFO - Started process (PID=61) to work on /opt/airflow/dags/scraping_dag.py
[2026-03-17T20:41:34.546+0000] {processor.py:914} INFO - Processing file /opt/airflow/dags/scraping_dag.py for tasks to queue
[2026-03-17T20:41:34.555+0000] {logging_mixin.py:190} INFO - [2026-03-17T20:41:34.554+0000] {dagbag.py:587} INFO - Filling up the DagBag from /opt/airflow/dags/scraping_dag.py
[2026-03-17T20:41:34.744+0000] {processor.py:925} INFO - DAG(s) 'pipeline_ville_ideale_complet' retrieved from /opt/airflow/dags/scraping_dag.py
[2026-03-17T20:41:34.789+0000] {logging_mixin.py:190} INFO - [2026-03-17T20:41:34.789+0000] {dag.py:3211} INFO - Sync 1 DAGs
[2026-03-17T20:41:34.824+0000] {logging_mixin.py:190} INFO - [2026-03-17T20:41:34.824+0000] {dag.py:4138} INFO - Setting next_dagrun for pipeline_ville_ideale_complet to 2026-03-17 00:00:00+00:00, run_after=2026-03-18 00:00:00+00:00
[2026-03-17T20:41:34.857+0000] {processor.py:208} INFO - Processing /opt/airflow/dags/scraping_dag.py took 0.324 seconds
[2026-03-17T20:42:05.324+0000] {processor.py:186} INFO - Started process (PID=62) to work on /opt/airflow/dags/scraping_dag.py
[2026-03-17T20:42:05.326+0000] {processor.py:914} INFO - Processing file /opt/airflow/dags/scraping_dag.py for tasks to queue
[2026-03-17T20:42:05.330+0000] {logging_mixin.py:190} INFO - [2026-03-17T20:42:05.329+0000] {dagbag.py:587} INFO - Filling up the DagBag from /opt/airflow/dags/scraping_dag.py
[2026-03-17T20:42:05.533+0000] {processor.py:925} INFO - DAG(s) 'pipeline_ville_ideale_complet' retrieved from /opt/airflow/dags/scraping_dag.py
[2026-03-17T20:42:05.565+0000] {logging_mixin.py:190} INFO - [2026-03-17T20:42:05.565+0000] {dag.py:3211} INFO - Sync 1 DAGs
[2026-03-17T20:42:05.590+0000] {logging_mixin.py:190} INFO - [2026-03-17T20:42:05.589+0000] {dag.py:4138} INFO - Setting next_dagrun for pipeline_ville_ideale_complet to 2026-03-17 00:00:00+00:00, run_after=2026-03-18 00:00:00+00:00
[2026-03-17T20:42:05.612+0000] {processor.py:208} INFO - Processing /opt/airflow/dags/scraping_dag.py took 0.299 seconds
[2026-03-17T20:42:35.727+0000] {processor.py:186} INFO - Started process (PID=63) to work on /opt/airflow/dags/scraping_dag.py
[2026-03-17T20:42:35.729+0000] {processor.py:914} INFO - Processing file /opt/airflow/dags/scraping_dag.py for tasks to queue
[2026-03-17T20:42:35.732+0000] {logging_mixin.py:190} INFO - [2026-03-17T20:42:35.731+0000] {dagbag.py:587} INFO - Filling up the DagBag from /opt/airflow/dags/scraping_dag.py
[2026-03-17T20:42:35.916+0000] {processor.py:925} INFO - DAG(s) 'pipeline_ville_ideale_complet' retrieved from /opt/airflow/dags/scraping_dag.py
[2026-03-17T20:42:35.946+0000] {logging_mixin.py:190} INFO - [2026-03-17T20:42:35.945+0000] {dag.py:3211} INFO - Sync 1 DAGs
[2026-03-17T20:42:35.971+0000] {logging_mixin.py:190} INFO - [2026-03-17T20:42:35.971+0000] {dag.py:4138} INFO - Setting next_dagrun for pipeline_ville_ideale_complet to 2026-03-17 00:00:00+00:00, run_after=2026-03-18 00:00:00+00:00
[2026-03-17T20:42:36.007+0000] {processor.py:208} INFO - Processing /opt/airflow/dags/scraping_dag.py took 0.293 seconds
[2026-03-17T20:43:06.408+0000] {processor.py:186} INFO - Started process (PID=64) to work on /opt/airflow/dags/scraping_dag.py
[2026-03-17T20:43:06.409+0000] {processor.py:914} INFO - Processing file /opt/airflow/dags/scraping_dag.py for tasks to queue
[2026-03-17T20:43:06.413+0000] {logging_mixin.py:190} INFO - [2026-03-17T20:43:06.412+0000] {dagbag.py:587} INFO - Filling up the DagBag from /opt/airflow/dags/scraping_dag.py
[2026-03-17T20:43:06.588+0000] {processor.py:925} INFO - DAG(s) 'pipeline_ville_ideale_complet' retrieved from /opt/airflow/dags/scraping_dag.py
[2026-03-17T20:43:06.616+0000] {logging_mixin.py:190} INFO - [2026-03-17T20:43:06.615+0000] {dag.py:3211} INFO - Sync 1 DAGs
[2026-03-17T20:43:06.646+0000] {logging_mixin.py:190} INFO - [2026-03-17T20:43:06.645+0000] {dag.py:4138} INFO - Setting next_dagrun for pipeline_ville_ideale_complet to 2026-03-17 00:00:00+00:00, run_after=2026-03-18 00:00:00+00:00
[2026-03-17T20:43:06.679+0000] {processor.py:208} INFO - Processing /opt/airflow/dags/scraping_dag.py took 0.278 seconds
[2026-03-17T20:43:36.759+0000] {processor.py:186} INFO - Started process (PID=65) to work on /opt/airflow/dags/scraping_dag.py
[2026-03-17T20:43:36.762+0000] {processor.py:914} INFO - Processing file /opt/airflow/dags/scraping_dag.py for tasks to queue
[2026-03-17T20:43:36.766+0000] {logging_mixin.py:190} INFO - [2026-03-17T20:43:36.765+0000] {dagbag.py:587} INFO - Filling up the DagBag from /opt/airflow/dags/scraping_dag.py
[2026-03-17T20:43:36.929+0000] {processor.py:925} INFO - DAG(s) 'pipeline_ville_ideale_complet' retrieved from /opt/airflow/dags/scraping_dag.py
[2026-03-17T20:43:36.962+0000] {logging_mixin.py:190} INFO - [2026-03-17T20:43:36.962+0000] {dag.py:3211} INFO - Sync 1 DAGs
[2026-03-17T20:43:36.991+0000] {logging_mixin.py:190} INFO - [2026-03-17T20:43:36.990+0000] {dag.py:4138} INFO - Setting next_dagrun for pipeline_ville_ideale_complet to 2026-03-17 00:00:00+00:00, run_after=2026-03-18 00:00:00+00:00
[2026-03-17T20:43:37.026+0000] {processor.py:208} INFO - Processing /opt/airflow/dags/scraping_dag.py took 0.273 seconds
[2026-03-17T20:44:07.139+0000] {processor.py:186} INFO - Started process (PID=66) to work on /opt/airflow/dags/scraping_dag.py
[2026-03-17T20:44:07.141+0000] {processor.py:914} INFO - Processing file /opt/airflow/dags/scraping_dag.py for tasks to queue
[2026-03-17T20:44:07.143+0000] {logging_mixin.py:190} INFO - [2026-03-17T20:44:07.143+0000] {dagbag.py:587} INFO - Filling up the DagBag from /opt/airflow/dags/scraping_dag.py
[2026-03-17T20:44:07.339+0000] {processor.py:925} INFO - DAG(s) 'pipeline_ville_ideale_complet' retrieved from /opt/airflow/dags/scraping_dag.py
[2026-03-17T20:44:07.370+0000] {logging_mixin.py:190} INFO - [2026-03-17T20:44:07.370+0000] {dag.py:3211} INFO - Sync 1 DAGs
[2026-03-17T20:44:07.410+0000] {logging_mixin.py:190} INFO - [2026-03-17T20:44:07.409+0000] {dag.py:4138} INFO - Setting next_dagrun for pipeline_ville_ideale_complet to 2026-03-17 00:00:00+00:00, run_after=2026-03-18 00:00:00+00:00
[2026-03-17T20:44:07.436+0000] {processor.py:208} INFO - Processing /opt/airflow/dags/scraping_dag.py took 0.304 seconds
[2026-03-17T20:44:37.797+0000] {processor.py:186} INFO - Started process (PID=67) to work on /opt/airflow/dags/scraping_dag.py
[2026-03-17T20:44:37.800+0000] {processor.py:914} INFO - Processing file /opt/airflow/dags/scraping_dag.py for tasks to queue
[2026-03-17T20:44:37.804+0000] {logging_mixin.py:190} INFO - [2026-03-17T20:44:37.804+0000] {dagbag.py:587} INFO - Filling up the DagBag from /opt/airflow/dags/scraping_dag.py
[2026-03-17T20:44:37.992+0000] {processor.py:925} INFO - DAG(s) 'pipeline_ville_ideale_complet' retrieved from /opt/airflow/dags/scraping_dag.py
[2026-03-17T20:44:38.048+0000] {logging_mixin.py:190} INFO - [2026-03-17T20:44:38.047+0000] {dag.py:3211} INFO - Sync 1 DAGs
[2026-03-17T20:44:38.087+0000] {logging_mixin.py:190} INFO - [2026-03-17T20:44:38.087+0000] {dag.py:4138} INFO - Setting next_dagrun for pipeline_ville_ideale_complet to 2026-03-17 00:00:00+00:00, run_after=2026-03-18 00:00:00+00:00
[2026-03-17T20:44:38.132+0000] {processor.py:208} INFO - Processing /opt/airflow/dags/scraping_dag.py took 0.352 seconds
[2026-03-17T20:45:08.481+0000] {processor.py:186} INFO - Started process (PID=68) to work on /opt/airflow/dags/scraping_dag.py
[2026-03-17T20:45:08.484+0000] {processor.py:914} INFO - Processing file /opt/airflow/dags/scraping_dag.py for tasks to queue
[2026-03-17T20:45:08.488+0000] {logging_mixin.py:190} INFO - [2026-03-17T20:45:08.488+0000] {dagbag.py:587} INFO - Filling up the DagBag from /opt/airflow/dags/scraping_dag.py
[2026-03-17T20:45:08.709+0000] {processor.py:925} INFO - DAG(s) 'pipeline_ville_ideale_complet' retrieved from /opt/airflow/dags/scraping_dag.py
[2026-03-17T20:45:08.770+0000] {logging_mixin.py:190} INFO - [2026-03-17T20:45:08.769+0000] {dag.py:3211} INFO - Sync 1 DAGs
[2026-03-17T20:45:08.816+0000] {logging_mixin.py:190} INFO - [2026-03-17T20:45:08.815+0000] {dag.py:4138} INFO - Setting next_dagrun for pipeline_ville_ideale_complet to 2026-03-17 00:00:00+00:00, run_after=2026-03-18 00:00:00+00:00
[2026-03-17T20:45:08.847+0000] {processor.py:208} INFO - Processing /opt/airflow/dags/scraping_dag.py took 0.379 seconds
[2026-03-17T20:45:39.222+0000] {processor.py:186} INFO - Started process (PID=69) to work on /opt/airflow/dags/scraping_dag.py
[2026-03-17T20:45:39.227+0000] {processor.py:914} INFO - Processing file /opt/airflow/dags/scraping_dag.py for tasks to queue
[2026-03-17T20:45:39.232+0000] {logging_mixin.py:190} INFO - [2026-03-17T20:45:39.231+0000] {dagbag.py:587} INFO - Filling up the DagBag from /opt/airflow/dags/scraping_dag.py
[2026-03-17T20:45:39.440+0000] {processor.py:925} INFO - DAG(s) 'pipeline_ville_ideale_complet' retrieved from /opt/airflow/dags/scraping_dag.py
[2026-03-17T20:45:39.477+0000] {logging_mixin.py:190} INFO - [2026-03-17T20:45:39.477+0000] {dag.py:3211} INFO - Sync 1 DAGs
[2026-03-17T20:45:39.523+0000] {logging_mixin.py:190} INFO - [2026-03-17T20:45:39.523+0000] {dag.py:4138} INFO - Setting next_dagrun for pipeline_ville_ideale_complet to 2026-03-17 00:00:00+00:00, run_after=2026-03-18 00:00:00+00:00
[2026-03-17T20:45:39.562+0000] {processor.py:208} INFO - Processing /opt/airflow/dags/scraping_dag.py took 0.348 seconds
[2026-03-17T20:46:09.961+0000] {processor.py:186} INFO - Started process (PID=70) to work on /opt/airflow/dags/scraping_dag.py
[2026-03-17T20:46:09.963+0000] {processor.py:914} INFO - Processing file /opt/airflow/dags/scraping_dag.py for tasks to queue
[2026-03-17T20:46:09.970+0000] {logging_mixin.py:190} INFO - [2026-03-17T20:46:09.969+0000] {dagbag.py:587} INFO - Filling up the DagBag from /opt/airflow/dags/scraping_dag.py
[2026-03-17T20:46:10.202+0000] {processor.py:925} INFO - DAG(s) 'pipeline_ville_ideale_complet' retrieved from /opt/airflow/dags/scraping_dag.py
[2026-03-17T20:46:10.232+0000] {logging_mixin.py:190} INFO - [2026-03-17T20:46:10.231+0000] {dag.py:3211} INFO - Sync 1 DAGs
[2026-03-17T20:46:10.260+0000] {logging_mixin.py:190} INFO - [2026-03-17T20:46:10.260+0000] {dag.py:4138} INFO - Setting next_dagrun for pipeline_ville_ideale_complet to 2026-03-17 00:00:00+00:00, run_after=2026-03-18 00:00:00+00:00
[2026-03-17T20:46:10.318+0000] {processor.py:208} INFO - Processing /opt/airflow/dags/scraping_dag.py took 0.368 seconds
[2026-03-17T20:46:40.748+0000] {processor.py:186} INFO - Started process (PID=71) to work on /opt/airflow/dags/scraping_dag.py
[2026-03-17T20:46:40.751+0000] {processor.py:914} INFO - Processing file /opt/airflow/dags/scraping_dag.py for tasks to queue
[2026-03-17T20:46:40.754+0000] {logging_mixin.py:190} INFO - [2026-03-17T20:46:40.754+0000] {dagbag.py:587} INFO - Filling up the DagBag from /opt/airflow/dags/scraping_dag.py
[2026-03-17T20:46:40.934+0000] {processor.py:925} INFO - DAG(s) 'pipeline_ville_ideale_complet' retrieved from /opt/airflow/dags/scraping_dag.py
[2026-03-17T20:46:40.972+0000] {logging_mixin.py:190} INFO - [2026-03-17T20:46:40.970+0000] {dag.py:3211} INFO - Sync 1 DAGs
[2026-03-17T20:46:40.999+0000] {logging_mixin.py:190} INFO - [2026-03-17T20:46:40.999+0000] {dag.py:4138} INFO - Setting next_dagrun for pipeline_ville_ideale_complet to 2026-03-17 00:00:00+00:00, run_after=2026-03-18 00:00:00+00:00
[2026-03-17T20:46:41.033+0000] {processor.py:208} INFO - Processing /opt/airflow/dags/scraping_dag.py took 0.297 seconds
[2026-03-17T20:47:11.140+0000] {processor.py:186} INFO - Started process (PID=72) to work on /opt/airflow/dags/scraping_dag.py
[2026-03-17T20:47:11.143+0000] {processor.py:914} INFO - Processing file /opt/airflow/dags/scraping_dag.py for tasks to queue
[2026-03-17T20:47:11.149+0000] {logging_mixin.py:190} INFO - [2026-03-17T20:47:11.148+0000] {dagbag.py:587} INFO - Filling up the DagBag from /opt/airflow/dags/scraping_dag.py
[2026-03-17T20:47:11.350+0000] {processor.py:925} INFO - DAG(s) 'pipeline_ville_ideale_complet' retrieved from /opt/airflow/dags/scraping_dag.py
[2026-03-17T20:47:11.381+0000] {logging_mixin.py:190} INFO - [2026-03-17T20:47:11.380+0000] {dag.py:3211} INFO - Sync 1 DAGs
[2026-03-17T20:47:11.413+0000] {logging_mixin.py:190} INFO - [2026-03-17T20:47:11.413+0000] {dag.py:4138} INFO - Setting next_dagrun for pipeline_ville_ideale_complet to 2026-03-17 00:00:00+00:00, run_after=2026-03-18 00:00:00+00:00
[2026-03-17T20:47:11.452+0000] {processor.py:208} INFO - Processing /opt/airflow/dags/scraping_dag.py took 0.326 seconds
[2026-03-17T20:47:41.874+0000] {processor.py:186} INFO - Started process (PID=73) to work on /opt/airflow/dags/scraping_dag.py
[2026-03-17T20:47:41.875+0000] {processor.py:914} INFO - Processing file /opt/airflow/dags/scraping_dag.py for tasks to queue
[2026-03-17T20:47:41.878+0000] {logging_mixin.py:190} INFO - [2026-03-17T20:47:41.878+0000] {dagbag.py:587} INFO - Filling up the DagBag from /opt/airflow/dags/scraping_dag.py
[2026-03-17T20:47:42.038+0000] {processor.py:925} INFO - DAG(s) 'pipeline_ville_ideale_complet' retrieved from /opt/airflow/dags/scraping_dag.py
[2026-03-17T20:47:42.064+0000] {logging_mixin.py:190} INFO - [2026-03-17T20:47:42.064+0000] {dag.py:3211} INFO - Sync 1 DAGs
[2026-03-17T20:47:42.085+0000] {logging_mixin.py:190} INFO - [2026-03-17T20:47:42.085+0000] {dag.py:4138} INFO - Setting next_dagrun for pipeline_ville_ideale_complet to 2026-03-17 00:00:00+00:00, run_after=2026-03-18 00:00:00+00:00
[2026-03-17T20:47:42.116+0000] {processor.py:208} INFO - Processing /opt/airflow/dags/scraping_dag.py took 0.251 seconds
[2026-03-17T20:48:12.279+0000] {processor.py:186} INFO - Started process (PID=74) to work on /opt/airflow/dags/scraping_dag.py
[2026-03-17T20:48:12.281+0000] {processor.py:914} INFO - Processing file /opt/airflow/dags/scraping_dag.py for tasks to queue
[2026-03-17T20:48:12.286+0000] {logging_mixin.py:190} INFO - [2026-03-17T20:48:12.285+0000] {dagbag.py:587} INFO - Filling up the DagBag from /opt/airflow/dags/scraping_dag.py
[2026-03-17T20:48:12.523+0000] {processor.py:925} INFO - DAG(s) 'pipeline_ville_ideale_complet' retrieved from /opt/airflow/dags/scraping_dag.py
[2026-03-17T20:48:12.554+0000] {logging_mixin.py:190} INFO - [2026-03-17T20:48:12.554+0000] {dag.py:3211} INFO - Sync 1 DAGs
[2026-03-17T20:48:12.585+0000] {logging_mixin.py:190} INFO - [2026-03-17T20:48:12.584+0000] {dag.py:4138} INFO - Setting next_dagrun for pipeline_ville_ideale_complet to 2026-03-17 00:00:00+00:00, run_after=2026-03-18 00:00:00+00:00
[2026-03-17T20:48:12.620+0000] {processor.py:208} INFO - Processing /opt/airflow/dags/scraping_dag.py took 0.355 seconds
[2026-03-17T20:48:42.915+0000] {processor.py:186} INFO - Started process (PID=75) to work on /opt/airflow/dags/scraping_dag.py
[2026-03-17T20:48:42.918+0000] {processor.py:914} INFO - Processing file /opt/airflow/dags/scraping_dag.py for tasks to queue
[2026-03-17T20:48:42.924+0000] {logging_mixin.py:190} INFO - [2026-03-17T20:48:42.922+0000] {dagbag.py:587} INFO - Filling up the DagBag from /opt/airflow/dags/scraping_dag.py
[2026-03-17T20:48:43.122+0000] {processor.py:925} INFO - DAG(s) 'pipeline_ville_ideale_complet' retrieved from /opt/airflow/dags/scraping_dag.py
[2026-03-17T20:48:43.153+0000] {logging_mixin.py:190} INFO - [2026-03-17T20:48:43.153+0000] {dag.py:3211} INFO - Sync 1 DAGs
[2026-03-17T20:48:43.186+0000] {logging_mixin.py:190} INFO - [2026-03-17T20:48:43.186+0000] {dag.py:4138} INFO - Setting next_dagrun for pipeline_ville_ideale_complet to 2026-03-17 00:00:00+00:00, run_after=2026-03-18 00:00:00+00:00
[2026-03-17T20:48:43.220+0000] {processor.py:208} INFO - Processing /opt/airflow/dags/scraping_dag.py took 0.319 seconds
[2026-03-17T20:49:13.411+0000] {processor.py:186} INFO - Started process (PID=76) to work on /opt/airflow/dags/scraping_dag.py
[2026-03-17T20:49:13.414+0000] {processor.py:914} INFO - Processing file /opt/airflow/dags/scraping_dag.py for tasks to queue
[2026-03-17T20:49:13.418+0000] {logging_mixin.py:190} INFO - [2026-03-17T20:49:13.417+0000] {dagbag.py:587} INFO - Filling up the DagBag from /opt/airflow/dags/scraping_dag.py
[2026-03-17T20:49:13.605+0000] {processor.py:925} INFO - DAG(s) 'pipeline_ville_ideale_complet' retrieved from /opt/airflow/dags/scraping_dag.py
[2026-03-17T20:49:13.640+0000] {logging_mixin.py:190} INFO - [2026-03-17T20:49:13.640+0000] {dag.py:3211} INFO - Sync 1 DAGs
[2026-03-17T20:49:13.670+0000] {logging_mixin.py:190} INFO - [2026-03-17T20:49:13.670+0000] {dag.py:4138} INFO - Setting next_dagrun for pipeline_ville_ideale_complet to 2026-03-17 00:00:00+00:00, run_after=2026-03-18 00:00:00+00:00
[2026-03-17T20:49:13.697+0000] {processor.py:208} INFO - Processing /opt/airflow/dags/scraping_dag.py took 0.296 seconds
[2026-03-17T20:49:44.033+0000] {processor.py:186} INFO - Started process (PID=77) to work on /opt/airflow/dags/scraping_dag.py
[2026-03-17T20:49:44.034+0000] {processor.py:914} INFO - Processing file /opt/airflow/dags/scraping_dag.py for tasks to queue
[2026-03-17T20:49:44.039+0000] {logging_mixin.py:190} INFO - [2026-03-17T20:49:44.038+0000] {dagbag.py:587} INFO - Filling up the DagBag from /opt/airflow/dags/scraping_dag.py
[2026-03-17T20:49:44.193+0000] {processor.py:925} INFO - DAG(s) 'pipeline_ville_ideale_complet' retrieved from /opt/airflow/dags/scraping_dag.py
[2026-03-17T20:49:44.221+0000] {logging_mixin.py:190} INFO - [2026-03-17T20:49:44.221+0000] {dag.py:3211} INFO - Sync 1 DAGs
[2026-03-17T20:49:44.243+0000] {logging_mixin.py:190} INFO - [2026-03-17T20:49:44.243+0000] {dag.py:4138} INFO - Setting next_dagrun for pipeline_ville_ideale_complet to 2026-03-17 00:00:00+00:00, run_after=2026-03-18 00:00:00+00:00
[2026-03-17T20:49:44.265+0000] {processor.py:208} INFO - Processing /opt/airflow/dags/scraping_dag.py took 0.241 seconds
[2026-03-17T20:50:14.518+0000] {processor.py:186} INFO - Started process (PID=78) to work on /opt/airflow/dags/scraping_dag.py
[2026-03-17T20:50:14.521+0000] {processor.py:914} INFO - Processing file /opt/airflow/dags/scraping_dag.py for tasks to queue
[2026-03-17T20:50:14.527+0000] {logging_mixin.py:190} INFO - [2026-03-17T20:50:14.526+0000] {dagbag.py:587} INFO - Filling up the DagBag from /opt/airflow/dags/scraping_dag.py
[2026-03-17T20:50:14.770+0000] {processor.py:925} INFO - DAG(s) 'pipeline_ville_ideale_complet' retrieved from /opt/airflow/dags/scraping_dag.py
[2026-03-17T20:50:14.799+0000] {logging_mixin.py:190} INFO - [2026-03-17T20:50:14.799+0000] {dag.py:3211} INFO - Sync 1 DAGs
[2026-03-17T20:50:14.828+0000] {logging_mixin.py:190} INFO - [2026-03-17T20:50:14.827+0000] {dag.py:4138} INFO - Setting next_dagrun for pipeline_ville_ideale_complet to 2026-03-17 00:00:00+00:00, run_after=2026-03-18 00:00:00+00:00
[2026-03-17T20:50:14.854+0000] {processor.py:208} INFO - Processing /opt/airflow/dags/scraping_dag.py took 0.348 seconds
[2026-03-17T20:50:45.115+0000] {processor.py:186} INFO - Started process (PID=79) to work on /opt/airflow/dags/scraping_dag.py
[2026-03-17T20:50:45.117+0000] {processor.py:914} INFO - Processing file /opt/airflow/dags/scraping_dag.py for tasks to queue
[2026-03-17T20:50:45.120+0000] {logging_mixin.py:190} INFO - [2026-03-17T20:50:45.120+0000] {dagbag.py:587} INFO - Filling up the DagBag from /opt/airflow/dags/scraping_dag.py
[2026-03-17T20:50:45.269+0000] {processor.py:925} INFO - DAG(s) 'pipeline_ville_ideale_complet' retrieved from /opt/airflow/dags/scraping_dag.py
[2026-03-17T20:50:45.296+0000] {logging_mixin.py:190} INFO - [2026-03-17T20:50:45.296+0000] {dag.py:3211} INFO - Sync 1 DAGs
[2026-03-17T20:50:45.319+0000] {logging_mixin.py:190} INFO - [2026-03-17T20:50:45.318+0000] {dag.py:4138} INFO - Setting next_dagrun for pipeline_ville_ideale_complet to 2026-03-17 00:00:00+00:00, run_after=2026-03-18 00:00:00+00:00
[2026-03-17T20:50:45.346+0000] {processor.py:208} INFO - Processing /opt/airflow/dags/scraping_dag.py took 0.241 seconds
[2026-03-17T20:51:15.700+0000] {processor.py:186} INFO - Started process (PID=80) to work on /opt/airflow/dags/scraping_dag.py
[2026-03-17T20:51:15.703+0000] {processor.py:914} INFO - Processing file /opt/airflow/dags/scraping_dag.py for tasks to queue
[2026-03-17T20:51:15.708+0000] {logging_mixin.py:190} INFO - [2026-03-17T20:51:15.707+0000] {dagbag.py:587} INFO - Filling up the DagBag from /opt/airflow/dags/scraping_dag.py
[2026-03-17T20:51:15.889+0000] {processor.py:925} INFO - DAG(s) 'pipeline_ville_ideale_complet' retrieved from /opt/airflow/dags/scraping_dag.py
[2026-03-17T20:51:15.915+0000] {logging_mixin.py:190} INFO - [2026-03-17T20:51:15.915+0000] {dag.py:3211} INFO - Sync 1 DAGs
[2026-03-17T20:51:15.939+0000] {logging_mixin.py:190} INFO - [2026-03-17T20:51:15.939+0000] {dag.py:4138} INFO - Setting next_dagrun for pipeline_ville_ideale_complet to 2026-03-17 00:00:00+00:00, run_after=2026-03-18 00:00:00+00:00
[2026-03-17T20:51:15.976+0000] {processor.py:208} INFO - Processing /opt/airflow/dags/scraping_dag.py took 0.288 seconds
[2026-03-17T20:51:46.225+0000] {processor.py:186} INFO - Started process (PID=81) to work on /opt/airflow/dags/scraping_dag.py
[2026-03-17T20:51:46.226+0000] {processor.py:914} INFO - Processing file /opt/airflow/dags/scraping_dag.py for tasks to queue
[2026-03-17T20:51:46.230+0000] {logging_mixin.py:190} INFO - [2026-03-17T20:51:46.230+0000] {dagbag.py:587} INFO - Filling up the DagBag from /opt/airflow/dags/scraping_dag.py
[2026-03-17T20:51:46.385+0000] {processor.py:925} INFO - DAG(s) 'pipeline_ville_ideale_complet' retrieved from /opt/airflow/dags/scraping_dag.py
[2026-03-17T20:51:46.418+0000] {logging_mixin.py:190} INFO - [2026-03-17T20:51:46.418+0000] {dag.py:3211} INFO - Sync 1 DAGs
[2026-03-17T20:51:46.450+0000] {logging_mixin.py:190} INFO - [2026-03-17T20:51:46.450+0000] {dag.py:4138} INFO - Setting next_dagrun for pipeline_ville_ideale_complet to 2026-03-17 00:00:00+00:00, run_after=2026-03-18 00:00:00+00:00
[2026-03-17T20:51:46.480+0000] {processor.py:208} INFO - Processing /opt/airflow/dags/scraping_dag.py took 0.265 seconds
[2026-03-17T20:52:16.698+0000] {processor.py:186} INFO - Started process (PID=82) to work on /opt/airflow/dags/scraping_dag.py
[2026-03-17T20:52:16.700+0000] {processor.py:914} INFO - Processing file /opt/airflow/dags/scraping_dag.py for tasks to queue
[2026-03-17T20:52:16.704+0000] {logging_mixin.py:190} INFO - [2026-03-17T20:52:16.704+0000] {dagbag.py:587} INFO - Filling up the DagBag from /opt/airflow/dags/scraping_dag.py
[2026-03-17T20:52:16.853+0000] {processor.py:925} INFO - DAG(s) 'pipeline_ville_ideale_complet' retrieved from /opt/airflow/dags/scraping_dag.py
[2026-03-17T20:52:16.882+0000] {logging_mixin.py:190} INFO - [2026-03-17T20:52:16.882+0000] {dag.py:3211} INFO - Sync 1 DAGs
[2026-03-17T20:52:16.910+0000] {logging_mixin.py:190} INFO - [2026-03-17T20:52:16.909+0000] {dag.py:4138} INFO - Setting next_dagrun for pipeline_ville_ideale_complet to 2026-03-17 00:00:00+00:00, run_after=2026-03-18 00:00:00+00:00
[2026-03-17T20:52:16.937+0000] {processor.py:208} INFO - Processing /opt/airflow/dags/scraping_dag.py took 0.248 seconds
[2026-03-17T20:52:47.258+0000] {processor.py:186} INFO - Started process (PID=83) to work on /opt/airflow/dags/scraping_dag.py
[2026-03-17T20:52:47.260+0000] {processor.py:914} INFO - Processing file /opt/airflow/dags/scraping_dag.py for tasks to queue
[2026-03-17T20:52:47.264+0000] {logging_mixin.py:190} INFO - [2026-03-17T20:52:47.264+0000] {dagbag.py:587} INFO - Filling up the DagBag from /opt/airflow/dags/scraping_dag.py
[2026-03-17T20:52:47.488+0000] {processor.py:925} INFO - DAG(s) 'pipeline_ville_ideale_complet' retrieved from /opt/airflow/dags/scraping_dag.py
[2026-03-17T20:52:47.523+0000] {logging_mixin.py:190} INFO - [2026-03-17T20:52:47.523+0000] {dag.py:3211} INFO - Sync 1 DAGs
[2026-03-17T20:52:47.556+0000] {logging_mixin.py:190} INFO - [2026-03-17T20:52:47.556+0000] {dag.py:4138} INFO - Setting next_dagrun for pipeline_ville_ideale_complet to 2026-03-17 00:00:00+00:00, run_after=2026-03-18 00:00:00+00:00
[2026-03-17T20:52:47.595+0000] {processor.py:208} INFO - Processing /opt/airflow/dags/scraping_dag.py took 0.348 seconds
[2026-03-17T20:53:18.027+0000] {processor.py:186} INFO - Started process (PID=84) to work on /opt/airflow/dags/scraping_dag.py
[2026-03-17T20:53:18.029+0000] {processor.py:914} INFO - Processing file /opt/airflow/dags/scraping_dag.py for tasks to queue
[2026-03-17T20:53:18.034+0000] {logging_mixin.py:190} INFO - [2026-03-17T20:53:18.034+0000] {dagbag.py:587} INFO - Filling up the DagBag from /opt/airflow/dags/scraping_dag.py
[2026-03-17T20:53:18.185+0000] {processor.py:925} INFO - DAG(s) 'pipeline_ville_ideale_complet' retrieved from /opt/airflow/dags/scraping_dag.py
[2026-03-17T20:53:18.210+0000] {logging_mixin.py:190} INFO - [2026-03-17T20:53:18.210+0000] {dag.py:3211} INFO - Sync 1 DAGs
[2026-03-17T20:53:18.234+0000] {logging_mixin.py:190} INFO - [2026-03-17T20:53:18.233+0000] {dag.py:4138} INFO - Setting next_dagrun for pipeline_ville_ideale_complet to 2026-03-17 00:00:00+00:00, run_after=2026-03-18 00:00:00+00:00
[2026-03-17T20:53:18.259+0000] {processor.py:208} INFO - Processing /opt/airflow/dags/scraping_dag.py took 0.240 seconds
[2026-03-17T20:53:48.368+0000] {processor.py:186} INFO - Started process (PID=85) to work on /opt/airflow/dags/scraping_dag.py
[2026-03-17T20:53:48.370+0000] {processor.py:914} INFO - Processing file /opt/airflow/dags/scraping_dag.py for tasks to queue
[2026-03-17T20:53:48.373+0000] {logging_mixin.py:190} INFO - [2026-03-17T20:53:48.373+0000] {dagbag.py:587} INFO - Filling up the DagBag from /opt/airflow/dags/scraping_dag.py
[2026-03-17T20:53:48.511+0000] {processor.py:925} INFO - DAG(s) 'pipeline_ville_ideale_complet' retrieved from /opt/airflow/dags/scraping_dag.py
[2026-03-17T20:53:48.537+0000] {logging_mixin.py:190} INFO - [2026-03-17T20:53:48.536+0000] {dag.py:3211} INFO - Sync 1 DAGs
[2026-03-17T20:53:48.559+0000] {logging_mixin.py:190} INFO - [2026-03-17T20:53:48.559+0000] {dag.py:4138} INFO - Setting next_dagrun for pipeline_ville_ideale_complet to 2026-03-17 00:00:00+00:00, run_after=2026-03-18 00:00:00+00:00
[2026-03-17T20:53:48.594+0000] {processor.py:208} INFO - Processing /opt/airflow/dags/scraping_dag.py took 0.235 seconds
[2026-03-17T20:54:18.728+0000] {processor.py:186} INFO - Started process (PID=86) to work on /opt/airflow/dags/scraping_dag.py
[2026-03-17T20:54:18.730+0000] {processor.py:914} INFO - Processing file /opt/airflow/dags/scraping_dag.py for tasks to queue
[2026-03-17T20:54:18.733+0000] {logging_mixin.py:190} INFO - [2026-03-17T20:54:18.733+0000] {dagbag.py:587} INFO - Filling up the DagBag from /opt/airflow/dags/scraping_dag.py
[2026-03-17T20:54:18.902+0000] {processor.py:925} INFO - DAG(s) 'pipeline_ville_ideale_complet' retrieved from /opt/airflow/dags/scraping_dag.py
[2026-03-17T20:54:18.945+0000] {logging_mixin.py:190} INFO - [2026-03-17T20:54:18.944+0000] {dag.py:3211} INFO - Sync 1 DAGs
[2026-03-17T20:54:18.978+0000] {logging_mixin.py:190} INFO - [2026-03-17T20:54:18.978+0000] {dag.py:4138} INFO - Setting next_dagrun for pipeline_ville_ideale_complet to 2026-03-17 00:00:00+00:00, run_after=2026-03-18 00:00:00+00:00
[2026-03-17T20:54:19.014+0000] {processor.py:208} INFO - Processing /opt/airflow/dags/scraping_dag.py took 0.296 seconds
[2026-03-17T20:54:49.363+0000] {processor.py:186} INFO - Started process (PID=87) to work on /opt/airflow/dags/scraping_dag.py
[2026-03-17T20:54:49.364+0000] {processor.py:914} INFO - Processing file /opt/airflow/dags/scraping_dag.py for tasks to queue
[2026-03-17T20:54:49.368+0000] {logging_mixin.py:190} INFO - [2026-03-17T20:54:49.367+0000] {dagbag.py:587} INFO - Filling up the DagBag from /opt/airflow/dags/scraping_dag.py
[2026-03-17T20:54:49.543+0000] {processor.py:925} INFO - DAG(s) 'pipeline_ville_ideale_complet' retrieved from /opt/airflow/dags/scraping_dag.py
[2026-03-17T20:54:49.575+0000] {logging_mixin.py:190} INFO - [2026-03-17T20:54:49.575+0000] {dag.py:3211} INFO - Sync 1 DAGs
[2026-03-17T20:54:49.603+0000] {logging_mixin.py:190} INFO - [2026-03-17T20:54:49.603+0000] {dag.py:4138} INFO - Setting next_dagrun for pipeline_ville_ideale_complet to 2026-03-17 00:00:00+00:00, run_after=2026-03-18 00:00:00+00:00
[2026-03-17T20:54:49.632+0000] {processor.py:208} INFO - Processing /opt/airflow/dags/scraping_dag.py took 0.276 seconds
[2026-03-17T20:55:19.805+0000] {processor.py:186} INFO - Started process (PID=88) to work on /opt/airflow/dags/scraping_dag.py
[2026-03-17T20:55:19.809+0000] {processor.py:914} INFO - Processing file /opt/airflow/dags/scraping_dag.py for tasks to queue
[2026-03-17T20:55:19.814+0000] {logging_mixin.py:190} INFO - [2026-03-17T20:55:19.813+0000] {dagbag.py:587} INFO - Filling up the DagBag from /opt/airflow/dags/scraping_dag.py
[2026-03-17T20:55:19.974+0000] {processor.py:925} INFO - DAG(s) 'pipeline_ville_ideale_complet' retrieved from /opt/airflow/dags/scraping_dag.py
[2026-03-17T20:55:20.006+0000] {logging_mixin.py:190} INFO - [2026-03-17T20:55:20.005+0000] {dag.py:3211} INFO - Sync 1 DAGs
[2026-03-17T20:55:20.029+0000] {logging_mixin.py:190} INFO - [2026-03-17T20:55:20.029+0000] {dag.py:4138} INFO - Setting next_dagrun for pipeline_ville_ideale_complet to 2026-03-17 00:00:00+00:00, run_after=2026-03-18 00:00:00+00:00
[2026-03-17T20:55:20.057+0000] {processor.py:208} INFO - Processing /opt/airflow/dags/scraping_dag.py took 0.261 seconds
[2026-03-17T20:55:50.405+0000] {processor.py:186} INFO - Started process (PID=89) to work on /opt/airflow/dags/scraping_dag.py
[2026-03-17T20:55:50.406+0000] {processor.py:914} INFO - Processing file /opt/airflow/dags/scraping_dag.py for tasks to queue
[2026-03-17T20:55:50.410+0000] {logging_mixin.py:190} INFO - [2026-03-17T20:55:50.410+0000] {dagbag.py:587} INFO - Filling up the DagBag from /opt/airflow/dags/scraping_dag.py
[2026-03-17T20:55:50.578+0000] {processor.py:925} INFO - DAG(s) 'pipeline_ville_ideale_complet' retrieved from /opt/airflow/dags/scraping_dag.py
[2026-03-17T20:55:50.611+0000] {logging_mixin.py:190} INFO - [2026-03-17T20:55:50.610+0000] {dag.py:3211} INFO - Sync 1 DAGs
[2026-03-17T20:55:50.638+0000] {logging_mixin.py:190} INFO - [2026-03-17T20:55:50.638+0000] {dag.py:4138} INFO - Setting next_dagrun for pipeline_ville_ideale_complet to 2026-03-17 00:00:00+00:00, run_after=2026-03-18 00:00:00+00:00
[2026-03-17T20:55:50.673+0000] {processor.py:208} INFO - Processing /opt/airflow/dags/scraping_dag.py took 0.277 seconds
[2026-03-17T20:56:20.854+0000] {processor.py:186} INFO - Started process (PID=90) to work on /opt/airflow/dags/scraping_dag.py
[2026-03-17T20:56:20.855+0000] {processor.py:914} INFO - Processing file /opt/airflow/dags/scraping_dag.py for tasks to queue
[2026-03-17T20:56:20.858+0000] {logging_mixin.py:190} INFO - [2026-03-17T20:56:20.858+0000] {dagbag.py:587} INFO - Filling up the DagBag from /opt/airflow/dags/scraping_dag.py
[2026-03-17T20:56:21.022+0000] {processor.py:925} INFO - DAG(s) 'pipeline_ville_ideale_complet' retrieved from /opt/airflow/dags/scraping_dag.py
[2026-03-17T20:56:21.051+0000] {logging_mixin.py:190} INFO - [2026-03-17T20:56:21.051+0000] {dag.py:3211} INFO - Sync 1 DAGs
[2026-03-17T20:56:21.079+0000] {logging_mixin.py:190} INFO - [2026-03-17T20:56:21.079+0000] {dag.py:4138} INFO - Setting next_dagrun for pipeline_ville_ideale_complet to 2026-03-17 00:00:00+00:00, run_after=2026-03-18 00:00:00+00:00
[2026-03-17T20:56:21.108+0000] {processor.py:208} INFO - Processing /opt/airflow/dags/scraping_dag.py took 0.263 seconds
[2026-03-17T20:56:51.456+0000] {processor.py:186} INFO - Started process (PID=91) to work on /opt/airflow/dags/scraping_dag.py
[2026-03-17T20:56:51.458+0000] {processor.py:914} INFO - Processing file /opt/airflow/dags/scraping_dag.py for tasks to queue
[2026-03-17T20:56:51.463+0000] {logging_mixin.py:190} INFO - [2026-03-17T20:56:51.463+0000] {dagbag.py:587} INFO - Filling up the DagBag from /opt/airflow/dags/scraping_dag.py
[2026-03-17T20:56:51.628+0000] {processor.py:925} INFO - DAG(s) 'pipeline_ville_ideale_complet' retrieved from /opt/airflow/dags/scraping_dag.py
[2026-03-17T20:56:51.662+0000] {logging_mixin.py:190} INFO - [2026-03-17T20:56:51.661+0000] {dag.py:3211} INFO - Sync 1 DAGs
[2026-03-17T20:56:51.691+0000] {logging_mixin.py:190} INFO - [2026-03-17T20:56:51.691+0000] {dag.py:4138} INFO - Setting next_dagrun for pipeline_ville_ideale_complet to 2026-03-17 00:00:00+00:00, run_after=2026-03-18 00:00:00+00:00
[2026-03-17T20:56:51.719+0000] {processor.py:208} INFO - Processing /opt/airflow/dags/scraping_dag.py took 0.272 seconds
[2026-03-17T20:57:21.974+0000] {processor.py:186} INFO - Started process (PID=92) to work on /opt/airflow/dags/scraping_dag.py
[2026-03-17T20:57:21.975+0000] {processor.py:914} INFO - Processing file /opt/airflow/dags/scraping_dag.py for tasks to queue
[2026-03-17T20:57:21.978+0000] {logging_mixin.py:190} INFO - [2026-03-17T20:57:21.978+0000] {dagbag.py:587} INFO - Filling up the DagBag from /opt/airflow/dags/scraping_dag.py
[2026-03-17T20:57:22.159+0000] {processor.py:925} INFO - DAG(s) 'pipeline_ville_ideale_complet' retrieved from /opt/airflow/dags/scraping_dag.py
[2026-03-17T20:57:22.186+0000] {logging_mixin.py:190} INFO - [2026-03-17T20:57:22.185+0000] {dag.py:3211} INFO - Sync 1 DAGs
[2026-03-17T20:57:22.210+0000] {logging_mixin.py:190} INFO - [2026-03-17T20:57:22.210+0000] {dag.py:4138} INFO - Setting next_dagrun for pipeline_ville_ideale_complet to 2026-03-17 00:00:00+00:00, run_after=2026-03-18 00:00:00+00:00
[2026-03-17T20:57:22.241+0000] {processor.py:208} INFO - Processing /opt/airflow/dags/scraping_dag.py took 0.274 seconds
[2026-03-17T20:57:52.545+0000] {processor.py:186} INFO - Started process (PID=93) to work on /opt/airflow/dags/scraping_dag.py
[2026-03-17T20:57:52.547+0000] {processor.py:914} INFO - Processing file /opt/airflow/dags/scraping_dag.py for tasks to queue
[2026-03-17T20:57:52.550+0000] {logging_mixin.py:190} INFO - [2026-03-17T20:57:52.550+0000] {dagbag.py:587} INFO - Filling up the DagBag from /opt/airflow/dags/scraping_dag.py
[2026-03-17T20:57:52.710+0000] {processor.py:925} INFO - DAG(s) 'pipeline_ville_ideale_complet' retrieved from /opt/airflow/dags/scraping_dag.py
[2026-03-17T20:57:52.744+0000] {logging_mixin.py:190} INFO - [2026-03-17T20:57:52.744+0000] {dag.py:3211} INFO - Sync 1 DAGs
[2026-03-17T20:57:52.771+0000] {logging_mixin.py:190} INFO - [2026-03-17T20:57:52.770+0000] {dag.py:4138} INFO - Setting next_dagrun for pipeline_ville_ideale_complet to 2026-03-17 00:00:00+00:00, run_after=2026-03-18 00:00:00+00:00
[2026-03-17T20:57:52.800+0000] {processor.py:208} INFO - Processing /opt/airflow/dags/scraping_dag.py took 0.262 seconds
[2026-03-17T20:58:22.996+0000] {processor.py:186} INFO - Started process (PID=94) to work on /opt/airflow/dags/scraping_dag.py
[2026-03-17T20:58:22.998+0000] {processor.py:914} INFO - Processing file /opt/airflow/dags/scraping_dag.py for tasks to queue
[2026-03-17T20:58:23.002+0000] {logging_mixin.py:190} INFO - [2026-03-17T20:58:23.001+0000] {dagbag.py:587} INFO - Filling up the DagBag from /opt/airflow/dags/scraping_dag.py
[2026-03-17T20:58:23.246+0000] {processor.py:925} INFO - DAG(s) 'pipeline_ville_ideale_complet' retrieved from /opt/airflow/dags/scraping_dag.py
[2026-03-17T20:58:23.279+0000] {logging_mixin.py:190} INFO - [2026-03-17T20:58:23.278+0000] {dag.py:3211} INFO - Sync 1 DAGs
[2026-03-17T20:58:23.308+0000] {logging_mixin.py:190} INFO - [2026-03-17T20:58:23.308+0000] {dag.py:4138} INFO - Setting next_dagrun for pipeline_ville_ideale_complet to 2026-03-17 00:00:00+00:00, run_after=2026-03-18 00:00:00+00:00
[2026-03-17T20:58:23.339+0000] {processor.py:208} INFO - Processing /opt/airflow/dags/scraping_dag.py took 0.354 seconds
[2026-03-17T20:58:53.588+0000] {processor.py:186} INFO - Started process (PID=95) to work on /opt/airflow/dags/scraping_dag.py
[2026-03-17T20:58:53.589+0000] {processor.py:914} INFO - Processing file /opt/airflow/dags/scraping_dag.py for tasks to queue
[2026-03-17T20:58:53.592+0000] {logging_mixin.py:190} INFO - [2026-03-17T20:58:53.592+0000] {dagbag.py:587} INFO - Filling up the DagBag from /opt/airflow/dags/scraping_dag.py
[2026-03-17T20:58:53.760+0000] {processor.py:925} INFO - DAG(s) 'pipeline_ville_ideale_complet' retrieved from /opt/airflow/dags/scraping_dag.py
[2026-03-17T20:58:53.787+0000] {logging_mixin.py:190} INFO - [2026-03-17T20:58:53.786+0000] {dag.py:3211} INFO - Sync 1 DAGs
[2026-03-17T20:58:53.812+0000] {logging_mixin.py:190} INFO - [2026-03-17T20:58:53.811+0000] {dag.py:4138} INFO - Setting next_dagrun for pipeline_ville_ideale_complet to 2026-03-17 00:00:00+00:00, run_after=2026-03-18 00:00:00+00:00
[2026-03-17T20:58:53.845+0000] {processor.py:208} INFO - Processing /opt/airflow/dags/scraping_dag.py took 0.266 seconds
[2026-03-17T20:59:24.101+0000] {processor.py:186} INFO - Started process (PID=96) to work on /opt/airflow/dags/scraping_dag.py
[2026-03-17T20:59:24.104+0000] {processor.py:914} INFO - Processing file /opt/airflow/dags/scraping_dag.py for tasks to queue
[2026-03-17T20:59:24.108+0000] {logging_mixin.py:190} INFO - [2026-03-17T20:59:24.107+0000] {dagbag.py:587} INFO - Filling up the DagBag from /opt/airflow/dags/scraping_dag.py
[2026-03-17T20:59:24.289+0000] {processor.py:925} INFO - DAG(s) 'pipeline_ville_ideale_complet' retrieved from /opt/airflow/dags/scraping_dag.py
[2026-03-17T20:59:24.327+0000] {logging_mixin.py:190} INFO - [2026-03-17T20:59:24.326+0000] {dag.py:3211} INFO - Sync 1 DAGs
[2026-03-17T20:59:24.350+0000] {logging_mixin.py:190} INFO - [2026-03-17T20:59:24.350+0000] {dag.py:4138} INFO - Setting next_dagrun for pipeline_ville_ideale_complet to 2026-03-17 00:00:00+00:00, run_after=2026-03-18 00:00:00+00:00
[2026-03-17T20:59:24.383+0000] {processor.py:208} INFO - Processing /opt/airflow/dags/scraping_dag.py took 0.292 seconds
[2026-03-17T20:59:54.744+0000] {processor.py:186} INFO - Started process (PID=97) to work on /opt/airflow/dags/scraping_dag.py
[2026-03-17T20:59:54.747+0000] {processor.py:914} INFO - Processing file /opt/airflow/dags/scraping_dag.py for tasks to queue
[2026-03-17T20:59:54.750+0000] {logging_mixin.py:190} INFO - [2026-03-17T20:59:54.750+0000] {dagbag.py:587} INFO - Filling up the DagBag from /opt/airflow/dags/scraping_dag.py
[2026-03-17T20:59:54.915+0000] {processor.py:925} INFO - DAG(s) 'pipeline_ville_ideale_complet' retrieved from /opt/airflow/dags/scraping_dag.py
[2026-03-17T20:59:54.948+0000] {logging_mixin.py:190} INFO - [2026-03-17T20:59:54.947+0000] {dag.py:3211} INFO - Sync 1 DAGs
[2026-03-17T20:59:54.975+0000] {logging_mixin.py:190} INFO - [2026-03-17T20:59:54.975+0000] {dag.py:4138} INFO - Setting next_dagrun for pipeline_ville_ideale_complet to 2026-03-17 00:00:00+00:00, run_after=2026-03-18 00:00:00+00:00
[2026-03-17T20:59:55.001+0000] {processor.py:208} INFO - Processing /opt/airflow/dags/scraping_dag.py took 0.268 seconds
[2026-03-17T21:00:25.236+0000] {processor.py:186} INFO - Started process (PID=98) to work on /opt/airflow/dags/scraping_dag.py
[2026-03-17T21:00:25.238+0000] {processor.py:914} INFO - Processing file /opt/airflow/dags/scraping_dag.py for tasks to queue
[2026-03-17T21:00:25.242+0000] {logging_mixin.py:190} INFO - [2026-03-17T21:00:25.241+0000] {dagbag.py:587} INFO - Filling up the DagBag from /opt/airflow/dags/scraping_dag.py
[2026-03-17T21:00:25.427+0000] {processor.py:925} INFO - DAG(s) 'pipeline_ville_ideale_complet' retrieved from /opt/airflow/dags/scraping_dag.py
[2026-03-17T21:00:25.453+0000] {logging_mixin.py:190} INFO - [2026-03-17T21:00:25.453+0000] {dag.py:3211} INFO - Sync 1 DAGs
[2026-03-17T21:00:25.476+0000] {logging_mixin.py:190} INFO - [2026-03-17T21:00:25.476+0000] {dag.py:4138} INFO - Setting next_dagrun for pipeline_ville_ideale_complet to 2026-03-17 00:00:00+00:00, run_after=2026-03-18 00:00:00+00:00
[2026-03-17T21:00:25.504+0000] {processor.py:208} INFO - Processing /opt/airflow/dags/scraping_dag.py took 0.276 seconds
[2026-03-17T21:00:55.849+0000] {processor.py:186} INFO - Started process (PID=99) to work on /opt/airflow/dags/scraping_dag.py
[2026-03-17T21:00:55.851+0000] {processor.py:914} INFO - Processing file /opt/airflow/dags/scraping_dag.py for tasks to queue
[2026-03-17T21:00:55.854+0000] {logging_mixin.py:190} INFO - [2026-03-17T21:00:55.854+0000] {dagbag.py:587} INFO - Filling up the DagBag from /opt/airflow/dags/scraping_dag.py
[2026-03-17T21:00:56.027+0000] {processor.py:925} INFO - DAG(s) 'pipeline_ville_ideale_complet' retrieved from /opt/airflow/dags/scraping_dag.py
[2026-03-17T21:00:56.062+0000] {logging_mixin.py:190} INFO - [2026-03-17T21:00:56.061+0000] {dag.py:3211} INFO - Sync 1 DAGs
[2026-03-17T21:00:56.098+0000] {logging_mixin.py:190} INFO - [2026-03-17T21:00:56.098+0000] {dag.py:4138} INFO - Setting next_dagrun for pipeline_ville_ideale_complet to 2026-03-17 00:00:00+00:00, run_after=2026-03-18 00:00:00+00:00
[2026-03-17T21:00:56.122+0000] {processor.py:208} INFO - Processing /opt/airflow/dags/scraping_dag.py took 0.280 seconds
[2026-03-17T21:01:26.284+0000] {processor.py:186} INFO - Started process (PID=100) to work on /opt/airflow/dags/scraping_dag.py
[2026-03-17T21:01:26.286+0000] {processor.py:914} INFO - Processing file /opt/airflow/dags/scraping_dag.py for tasks to queue
[2026-03-17T21:01:26.289+0000] {logging_mixin.py:190} INFO - [2026-03-17T21:01:26.289+0000] {dagbag.py:587} INFO - Filling up the DagBag from /opt/airflow/dags/scraping_dag.py
[2026-03-17T21:01:26.483+0000] {processor.py:925} INFO - DAG(s) 'pipeline_ville_ideale_complet' retrieved from /opt/airflow/dags/scraping_dag.py
[2026-03-17T21:01:26.525+0000] {logging_mixin.py:190} INFO - [2026-03-17T21:01:26.524+0000] {dag.py:3211} INFO - Sync 1 DAGs
[2026-03-17T21:01:26.554+0000] {logging_mixin.py:190} INFO - [2026-03-17T21:01:26.554+0000] {dag.py:4138} INFO - Setting next_dagrun for pipeline_ville_ideale_complet to 2026-03-17 00:00:00+00:00, run_after=2026-03-18 00:00:00+00:00
[2026-03-17T21:01:26.580+0000] {processor.py:208} INFO - Processing /opt/airflow/dags/scraping_dag.py took 0.305 seconds
[2026-03-17T21:01:56.912+0000] {processor.py:186} INFO - Started process (PID=101) to work on /opt/airflow/dags/scraping_dag.py
[2026-03-17T21:01:56.913+0000] {processor.py:914} INFO - Processing file /opt/airflow/dags/scraping_dag.py for tasks to queue
[2026-03-17T21:01:56.916+0000] {logging_mixin.py:190} INFO - [2026-03-17T21:01:56.915+0000] {dagbag.py:587} INFO - Filling up the DagBag from /opt/airflow/dags/scraping_dag.py
[2026-03-17T21:01:57.095+0000] {processor.py:925} INFO - DAG(s) 'pipeline_ville_ideale_complet' retrieved from /opt/airflow/dags/scraping_dag.py
[2026-03-17T21:01:57.129+0000] {logging_mixin.py:190} INFO - [2026-03-17T21:01:57.128+0000] {dag.py:3211} INFO - Sync 1 DAGs
[2026-03-17T21:01:57.153+0000] {logging_mixin.py:190} INFO - [2026-03-17T21:01:57.153+0000] {dag.py:4138} INFO - Setting next_dagrun for pipeline_ville_ideale_complet to 2026-03-17 00:00:00+00:00, run_after=2026-03-18 00:00:00+00:00
[2026-03-17T21:01:57.184+0000] {processor.py:208} INFO - Processing /opt/airflow/dags/scraping_dag.py took 0.282 seconds
[2026-03-17T21:02:27.436+0000] {processor.py:186} INFO - Started process (PID=102) to work on /opt/airflow/dags/scraping_dag.py
[2026-03-17T21:02:27.437+0000] {processor.py:914} INFO - Processing file /opt/airflow/dags/scraping_dag.py for tasks to queue
[2026-03-17T21:02:27.440+0000] {logging_mixin.py:190} INFO - [2026-03-17T21:02:27.440+0000] {dagbag.py:587} INFO - Filling up the DagBag from /opt/airflow/dags/scraping_dag.py
[2026-03-17T21:02:27.625+0000] {processor.py:925} INFO - DAG(s) 'pipeline_ville_ideale_complet' retrieved from /opt/airflow/dags/scraping_dag.py
[2026-03-17T21:02:27.654+0000] {logging_mixin.py:190} INFO - [2026-03-17T21:02:27.653+0000] {dag.py:3211} INFO - Sync 1 DAGs
[2026-03-17T21:02:27.682+0000] {logging_mixin.py:190} INFO - [2026-03-17T21:02:27.682+0000] {dag.py:4138} INFO - Setting next_dagrun for pipeline_ville_ideale_complet to 2026-03-17 00:00:00+00:00, run_after=2026-03-18 00:00:00+00:00
[2026-03-17T21:02:27.712+0000] {processor.py:208} INFO - Processing /opt/airflow/dags/scraping_dag.py took 0.287 seconds
[2026-03-17T21:02:58.028+0000] {processor.py:186} INFO - Started process (PID=103) to work on /opt/airflow/dags/scraping_dag.py
[2026-03-17T21:02:58.031+0000] {processor.py:914} INFO - Processing file /opt/airflow/dags/scraping_dag.py for tasks to queue
[2026-03-17T21:02:58.035+0000] {logging_mixin.py:190} INFO - [2026-03-17T21:02:58.034+0000] {dagbag.py:587} INFO - Filling up the DagBag from /opt/airflow/dags/scraping_dag.py
[2026-03-17T21:02:58.194+0000] {processor.py:925} INFO - DAG(s) 'pipeline_ville_ideale_complet' retrieved from /opt/airflow/dags/scraping_dag.py
[2026-03-17T21:02:58.230+0000] {logging_mixin.py:190} INFO - [2026-03-17T21:02:58.229+0000] {dag.py:3211} INFO - Sync 1 DAGs
[2026-03-17T21:02:58.259+0000] {logging_mixin.py:190} INFO - [2026-03-17T21:02:58.259+0000] {dag.py:4138} INFO - Setting next_dagrun for pipeline_ville_ideale_complet to 2026-03-17 00:00:00+00:00, run_after=2026-03-18 00:00:00+00:00
[2026-03-17T21:02:58.294+0000] {processor.py:208} INFO - Processing /opt/airflow/dags/scraping_dag.py took 0.275 seconds
[2026-03-17T21:03:28.599+0000] {processor.py:186} INFO - Started process (PID=104) to work on /opt/airflow/dags/scraping_dag.py
[2026-03-17T21:03:28.600+0000] {processor.py:914} INFO - Processing file /opt/airflow/dags/scraping_dag.py for tasks to queue
[2026-03-17T21:03:28.604+0000] {logging_mixin.py:190} INFO - [2026-03-17T21:03:28.604+0000] {dagbag.py:587} INFO - Filling up the DagBag from /opt/airflow/dags/scraping_dag.py
[2026-03-17T21:03:28.765+0000] {processor.py:925} INFO - DAG(s) 'pipeline_ville_ideale_complet' retrieved from /opt/airflow/dags/scraping_dag.py
[2026-03-17T21:03:28.800+0000] {logging_mixin.py:190} INFO - [2026-03-17T21:03:28.799+0000] {dag.py:3211} INFO - Sync 1 DAGs
[2026-03-17T21:03:28.825+0000] {logging_mixin.py:190} INFO - [2026-03-17T21:03:28.825+0000] {dag.py:4138} INFO - Setting next_dagrun for pipeline_ville_ideale_complet to 2026-03-17 00:00:00+00:00, run_after=2026-03-18 00:00:00+00:00
[2026-03-17T21:03:28.855+0000] {processor.py:208} INFO - Processing /opt/airflow/dags/scraping_dag.py took 0.265 seconds
[2026-03-17T21:03:59.104+0000] {processor.py:186} INFO - Started process (PID=105) to work on /opt/airflow/dags/scraping_dag.py
[2026-03-17T21:03:59.107+0000] {processor.py:914} INFO - Processing file /opt/airflow/dags/scraping_dag.py for tasks to queue
[2026-03-17T21:03:59.112+0000] {logging_mixin.py:190} INFO - [2026-03-17T21:03:59.112+0000] {dagbag.py:587} INFO - Filling up the DagBag from /opt/airflow/dags/scraping_dag.py
[2026-03-17T21:03:59.291+0000] {processor.py:925} INFO - DAG(s) 'pipeline_ville_ideale_complet' retrieved from /opt/airflow/dags/scraping_dag.py
[2026-03-17T21:03:59.319+0000] {logging_mixin.py:190} INFO - [2026-03-17T21:03:59.318+0000] {dag.py:3211} INFO - Sync 1 DAGs
[2026-03-17T21:03:59.347+0000] {logging_mixin.py:190} INFO - [2026-03-17T21:03:59.346+0000] {dag.py:4138} INFO - Setting next_dagrun for pipeline_ville_ideale_complet to 2026-03-17 00:00:00+00:00, run_after=2026-03-18 00:00:00+00:00
[2026-03-17T21:03:59.396+0000] {processor.py:208} INFO - Processing /opt/airflow/dags/scraping_dag.py took 0.306 seconds
[2026-03-17T21:04:29.612+0000] {processor.py:186} INFO - Started process (PID=106) to work on /opt/airflow/dags/scraping_dag.py
[2026-03-17T21:04:29.615+0000] {processor.py:914} INFO - Processing file /opt/airflow/dags/scraping_dag.py for tasks to queue
[2026-03-17T21:04:29.619+0000] {logging_mixin.py:190} INFO - [2026-03-17T21:04:29.618+0000] {dagbag.py:587} INFO - Filling up the DagBag from /opt/airflow/dags/scraping_dag.py
[2026-03-17T21:04:29.788+0000] {processor.py:925} INFO - DAG(s) 'pipeline_ville_ideale_complet' retrieved from /opt/airflow/dags/scraping_dag.py
[2026-03-17T21:04:29.815+0000] {logging_mixin.py:190} INFO - [2026-03-17T21:04:29.814+0000] {dag.py:3211} INFO - Sync 1 DAGs
[2026-03-17T21:04:29.839+0000] {logging_mixin.py:190} INFO - [2026-03-17T21:04:29.839+0000] {dag.py:4138} INFO - Setting next_dagrun for pipeline_ville_ideale_complet to 2026-03-17 00:00:00+00:00, run_after=2026-03-18 00:00:00+00:00
[2026-03-17T21:04:29.873+0000] {processor.py:208} INFO - Processing /opt/airflow/dags/scraping_dag.py took 0.273 seconds
[2026-03-17T21:05:00.177+0000] {processor.py:186} INFO - Started process (PID=107) to work on /opt/airflow/dags/scraping_dag.py
[2026-03-17T21:05:00.180+0000] {processor.py:914} INFO - Processing file /opt/airflow/dags/scraping_dag.py for tasks to queue
[2026-03-17T21:05:00.183+0000] {logging_mixin.py:190} INFO - [2026-03-17T21:05:00.183+0000] {dagbag.py:587} INFO - Filling up the DagBag from /opt/airflow/dags/scraping_dag.py
[2026-03-17T21:05:00.366+0000] {processor.py:925} INFO - DAG(s) 'pipeline_ville_ideale_complet' retrieved from /opt/airflow/dags/scraping_dag.py
[2026-03-17T21:05:00.396+0000] {logging_mixin.py:190} INFO - [2026-03-17T21:05:00.396+0000] {dag.py:3211} INFO - Sync 1 DAGs
[2026-03-17T21:05:00.425+0000] {logging_mixin.py:190} INFO - [2026-03-17T21:05:00.425+0000] {dag.py:4138} INFO - Setting next_dagrun for pipeline_ville_ideale_complet to 2026-03-17 00:00:00+00:00, run_after=2026-03-18 00:00:00+00:00
[2026-03-17T21:05:00.452+0000] {processor.py:208} INFO - Processing /opt/airflow/dags/scraping_dag.py took 0.285 seconds
[2026-03-17T21:05:30.652+0000] {processor.py:186} INFO - Started process (PID=108) to work on /opt/airflow/dags/scraping_dag.py
[2026-03-17T21:05:30.656+0000] {processor.py:914} INFO - Processing file /opt/airflow/dags/scraping_dag.py for tasks to queue
[2026-03-17T21:05:30.660+0000] {logging_mixin.py:190} INFO - [2026-03-17T21:05:30.660+0000] {dagbag.py:587} INFO - Filling up the DagBag from /opt/airflow/dags/scraping_dag.py
[2026-03-17T21:05:30.936+0000] {processor.py:925} INFO - DAG(s) 'pipeline_ville_ideale_complet' retrieved from /opt/airflow/dags/scraping_dag.py
[2026-03-17T21:05:30.998+0000] {logging_mixin.py:190} INFO - [2026-03-17T21:05:30.997+0000] {dag.py:3211} INFO - Sync 1 DAGs
[2026-03-17T21:05:31.053+0000] {logging_mixin.py:190} INFO - [2026-03-17T21:05:31.053+0000] {dag.py:4138} INFO - Setting next_dagrun for pipeline_ville_ideale_complet to 2026-03-17 00:00:00+00:00, run_after=2026-03-18 00:00:00+00:00
[2026-03-17T21:05:31.093+0000] {processor.py:208} INFO - Processing /opt/airflow/dags/scraping_dag.py took 0.458 seconds
[2026-03-17T21:06:16.395+0000] {processor.py:186} INFO - Started process (PID=52) to work on /opt/airflow/dags/scraping_dag.py
[2026-03-17T21:06:16.397+0000] {processor.py:914} INFO - Processing file /opt/airflow/dags/scraping_dag.py for tasks to queue
[2026-03-17T21:06:16.402+0000] {logging_mixin.py:190} INFO - [2026-03-17T21:06:16.401+0000] {dagbag.py:587} INFO - Filling up the DagBag from /opt/airflow/dags/scraping_dag.py
[2026-03-17T21:06:16.684+0000] {processor.py:925} INFO - DAG(s) 'pipeline_ville_ideale_complet' retrieved from /opt/airflow/dags/scraping_dag.py
[2026-03-17T21:06:16.959+0000] {logging_mixin.py:190} INFO - [2026-03-17T21:06:16.957+0000] {override.py:1858} INFO - Created Permission View: can read on DAG:pipeline_ville_ideale_complet
[2026-03-17T21:06:16.980+0000] {logging_mixin.py:190} INFO - [2026-03-17T21:06:16.980+0000] {override.py:1858} INFO - Created Permission View: can delete on DAG:pipeline_ville_ideale_complet
[2026-03-17T21:06:16.996+0000] {logging_mixin.py:190} INFO - [2026-03-17T21:06:16.996+0000] {override.py:1858} INFO - Created Permission View: can edit on DAG:pipeline_ville_ideale_complet
[2026-03-17T21:06:16.998+0000] {logging_mixin.py:190} INFO - [2026-03-17T21:06:16.997+0000] {dag.py:3211} INFO - Sync 1 DAGs
[2026-03-17T21:06:17.016+0000] {logging_mixin.py:190} INFO - [2026-03-17T21:06:17.015+0000] {dag.py:3234} INFO - Creating ORM DAG for pipeline_ville_ideale_complet
[2026-03-17T21:06:17.036+0000] {logging_mixin.py:190} INFO - [2026-03-17T21:06:17.035+0000] {dag.py:4138} INFO - Setting next_dagrun for pipeline_ville_ideale_complet to 2026-03-16 00:00:00+00:00, run_after=2026-03-17 00:00:00+00:00
[2026-03-17T21:06:17.072+0000] {processor.py:208} INFO - Processing /opt/airflow/dags/scraping_dag.py took 0.696 seconds
[2026-03-17T21:06:47.419+0000] {processor.py:186} INFO - Started process (PID=53) to work on /opt/airflow/dags/scraping_dag.py
[2026-03-17T21:06:47.421+0000] {processor.py:914} INFO - Processing file /opt/airflow/dags/scraping_dag.py for tasks to queue
[2026-03-17T21:06:47.425+0000] {logging_mixin.py:190} INFO - [2026-03-17T21:06:47.424+0000] {dagbag.py:587} INFO - Filling up the DagBag from /opt/airflow/dags/scraping_dag.py
[2026-03-17T21:06:47.583+0000] {processor.py:925} INFO - DAG(s) 'pipeline_ville_ideale_complet' retrieved from /opt/airflow/dags/scraping_dag.py
[2026-03-17T21:06:47.612+0000] {logging_mixin.py:190} INFO - [2026-03-17T21:06:47.612+0000] {dag.py:3211} INFO - Sync 1 DAGs
[2026-03-17T21:06:47.636+0000] {logging_mixin.py:190} INFO - [2026-03-17T21:06:47.636+0000] {dag.py:4138} INFO - Setting next_dagrun for pipeline_ville_ideale_complet to 2026-03-16 00:00:00+00:00, run_after=2026-03-17 00:00:00+00:00
[2026-03-17T21:06:47.672+0000] {processor.py:208} INFO - Processing /opt/airflow/dags/scraping_dag.py took 0.261 seconds
[2026-03-17T21:07:17.809+0000] {processor.py:186} INFO - Started process (PID=54) to work on /opt/airflow/dags/scraping_dag.py
[2026-03-17T21:07:17.812+0000] {processor.py:914} INFO - Processing file /opt/airflow/dags/scraping_dag.py for tasks to queue
[2026-03-17T21:07:17.817+0000] {logging_mixin.py:190} INFO - [2026-03-17T21:07:17.817+0000] {dagbag.py:587} INFO - Filling up the DagBag from /opt/airflow/dags/scraping_dag.py
[2026-03-17T21:07:18.034+0000] {processor.py:925} INFO - DAG(s) 'pipeline_ville_ideale_complet' retrieved from /opt/airflow/dags/scraping_dag.py
[2026-03-17T21:07:18.078+0000] {logging_mixin.py:190} INFO - [2026-03-17T21:07:18.078+0000] {dag.py:3211} INFO - Sync 1 DAGs
[2026-03-17T21:07:18.118+0000] {logging_mixin.py:190} INFO - [2026-03-17T21:07:18.118+0000] {dag.py:4138} INFO - Setting next_dagrun for pipeline_ville_ideale_complet to 2026-03-16 00:00:00+00:00, run_after=2026-03-17 00:00:00+00:00
[2026-03-17T21:07:18.158+0000] {processor.py:208} INFO - Processing /opt/airflow/dags/scraping_dag.py took 0.362 seconds
[2026-03-17T21:07:48.444+0000] {processor.py:186} INFO - Started process (PID=55) to work on /opt/airflow/dags/scraping_dag.py
[2026-03-17T21:07:48.446+0000] {processor.py:914} INFO - Processing file /opt/airflow/dags/scraping_dag.py for tasks to queue
[2026-03-17T21:07:48.450+0000] {logging_mixin.py:190} INFO - [2026-03-17T21:07:48.449+0000] {dagbag.py:587} INFO - Filling up the DagBag from /opt/airflow/dags/scraping_dag.py
[2026-03-17T21:07:48.612+0000] {processor.py:925} INFO - DAG(s) 'pipeline_ville_ideale_complet' retrieved from /opt/airflow/dags/scraping_dag.py
[2026-03-17T21:07:48.641+0000] {logging_mixin.py:190} INFO - [2026-03-17T21:07:48.641+0000] {dag.py:3211} INFO - Sync 1 DAGs
[2026-03-17T21:07:48.663+0000] {logging_mixin.py:190} INFO - [2026-03-17T21:07:48.663+0000] {dag.py:4138} INFO - Setting next_dagrun for pipeline_ville_ideale_complet to 2026-03-16 00:00:00+00:00, run_after=2026-03-17 00:00:00+00:00
[2026-03-17T21:07:48.691+0000] {processor.py:208} INFO - Processing /opt/airflow/dags/scraping_dag.py took 0.256 seconds
[2026-03-17T21:08:18.899+0000] {processor.py:186} INFO - Started process (PID=56) to work on /opt/airflow/dags/scraping_dag.py
[2026-03-17T21:08:18.901+0000] {processor.py:914} INFO - Processing file /opt/airflow/dags/scraping_dag.py for tasks to queue
[2026-03-17T21:08:18.903+0000] {logging_mixin.py:190} INFO - [2026-03-17T21:08:18.903+0000] {dagbag.py:587} INFO - Filling up the DagBag from /opt/airflow/dags/scraping_dag.py
[2026-03-17T21:08:19.110+0000] {processor.py:925} INFO - DAG(s) 'pipeline_ville_ideale_complet' retrieved from /opt/airflow/dags/scraping_dag.py
[2026-03-17T21:08:19.156+0000] {logging_mixin.py:190} INFO - [2026-03-17T21:08:19.155+0000] {dag.py:3211} INFO - Sync 1 DAGs
[2026-03-17T21:08:19.191+0000] {logging_mixin.py:190} INFO - [2026-03-17T21:08:19.191+0000] {dag.py:4138} INFO - Setting next_dagrun for pipeline_ville_ideale_complet to 2026-03-16 00:00:00+00:00, run_after=2026-03-17 00:00:00+00:00
[2026-03-17T21:08:19.230+0000] {processor.py:208} INFO - Processing /opt/airflow/dags/scraping_dag.py took 0.338 seconds
[2026-03-17T21:08:49.509+0000] {processor.py:186} INFO - Started process (PID=57) to work on /opt/airflow/dags/scraping_dag.py
[2026-03-17T21:08:49.511+0000] {processor.py:914} INFO - Processing file /opt/airflow/dags/scraping_dag.py for tasks to queue
[2026-03-17T21:08:49.514+0000] {logging_mixin.py:190} INFO - [2026-03-17T21:08:49.513+0000] {dagbag.py:587} INFO - Filling up the DagBag from /opt/airflow/dags/scraping_dag.py
[2026-03-17T21:08:49.682+0000] {processor.py:925} INFO - DAG(s) 'pipeline_ville_ideale_complet' retrieved from /opt/airflow/dags/scraping_dag.py
[2026-03-17T21:08:49.708+0000] {logging_mixin.py:190} INFO - [2026-03-17T21:08:49.708+0000] {dag.py:3211} INFO - Sync 1 DAGs
[2026-03-17T21:08:49.731+0000] {logging_mixin.py:190} INFO - [2026-03-17T21:08:49.731+0000] {dag.py:4138} INFO - Setting next_dagrun for pipeline_ville_ideale_complet to 2026-03-17 00:00:00+00:00, run_after=2026-03-18 00:00:00+00:00
[2026-03-17T21:08:49.753+0000] {processor.py:208} INFO - Processing /opt/airflow/dags/scraping_dag.py took 0.250 seconds
[2026-03-17T21:09:19.996+0000] {processor.py:186} INFO - Started process (PID=58) to work on /opt/airflow/dags/scraping_dag.py
[2026-03-17T21:09:20.001+0000] {processor.py:914} INFO - Processing file /opt/airflow/dags/scraping_dag.py for tasks to queue
[2026-03-17T21:09:20.007+0000] {logging_mixin.py:190} INFO - [2026-03-17T21:09:20.006+0000] {dagbag.py:587} INFO - Filling up the DagBag from /opt/airflow/dags/scraping_dag.py
[2026-03-17T21:09:20.171+0000] {processor.py:925} INFO - DAG(s) 'pipeline_ville_ideale_complet' retrieved from /opt/airflow/dags/scraping_dag.py
[2026-03-17T21:09:20.202+0000] {logging_mixin.py:190} INFO - [2026-03-17T21:09:20.201+0000] {dag.py:3211} INFO - Sync 1 DAGs
[2026-03-17T21:09:20.225+0000] {logging_mixin.py:190} INFO - [2026-03-17T21:09:20.225+0000] {dag.py:4138} INFO - Setting next_dagrun for pipeline_ville_ideale_complet to 2026-03-17 00:00:00+00:00, run_after=2026-03-18 00:00:00+00:00
[2026-03-17T21:09:20.256+0000] {processor.py:208} INFO - Processing /opt/airflow/dags/scraping_dag.py took 0.269 seconds
[2026-03-17T21:09:50.527+0000] {processor.py:186} INFO - Started process (PID=59) to work on /opt/airflow/dags/scraping_dag.py
[2026-03-17T21:09:50.529+0000] {processor.py:914} INFO - Processing file /opt/airflow/dags/scraping_dag.py for tasks to queue
[2026-03-17T21:09:50.533+0000] {logging_mixin.py:190} INFO - [2026-03-17T21:09:50.532+0000] {dagbag.py:587} INFO - Filling up the DagBag from /opt/airflow/dags/scraping_dag.py
[2026-03-17T21:09:50.681+0000] {processor.py:925} INFO - DAG(s) 'pipeline_ville_ideale_complet' retrieved from /opt/airflow/dags/scraping_dag.py
[2026-03-17T21:09:50.710+0000] {logging_mixin.py:190} INFO - [2026-03-17T21:09:50.710+0000] {dag.py:3211} INFO - Sync 1 DAGs
[2026-03-17T21:09:50.733+0000] {logging_mixin.py:190} INFO - [2026-03-17T21:09:50.733+0000] {dag.py:4138} INFO - Setting next_dagrun for pipeline_ville_ideale_complet to 2026-03-17 00:00:00+00:00, run_after=2026-03-18 00:00:00+00:00
[2026-03-17T21:09:50.756+0000] {processor.py:208} INFO - Processing /opt/airflow/dags/scraping_dag.py took 0.240 seconds
[2026-03-17T21:10:20.962+0000] {processor.py:186} INFO - Started process (PID=60) to work on /opt/airflow/dags/scraping_dag.py
[2026-03-17T21:10:20.964+0000] {processor.py:914} INFO - Processing file /opt/airflow/dags/scraping_dag.py for tasks to queue
[2026-03-17T21:10:20.969+0000] {logging_mixin.py:190} INFO - [2026-03-17T21:10:20.969+0000] {dagbag.py:587} INFO - Filling up the DagBag from /opt/airflow/dags/scraping_dag.py
[2026-03-17T21:10:21.162+0000] {processor.py:925} INFO - DAG(s) 'pipeline_ville_ideale_complet' retrieved from /opt/airflow/dags/scraping_dag.py
[2026-03-17T21:10:21.192+0000] {logging_mixin.py:190} INFO - [2026-03-17T21:10:21.192+0000] {dag.py:3211} INFO - Sync 1 DAGs
[2026-03-17T21:10:21.221+0000] {logging_mixin.py:190} INFO - [2026-03-17T21:10:21.221+0000] {dag.py:4138} INFO - Setting next_dagrun for pipeline_ville_ideale_complet to 2026-03-17 00:00:00+00:00, run_after=2026-03-18 00:00:00+00:00
[2026-03-17T21:10:21.258+0000] {processor.py:208} INFO - Processing /opt/airflow/dags/scraping_dag.py took 0.309 seconds
[2026-03-17T21:10:51.587+0000] {processor.py:186} INFO - Started process (PID=61) to work on /opt/airflow/dags/scraping_dag.py
[2026-03-17T21:10:51.589+0000] {processor.py:914} INFO - Processing file /opt/airflow/dags/scraping_dag.py for tasks to queue
[2026-03-17T21:10:51.594+0000] {logging_mixin.py:190} INFO - [2026-03-17T21:10:51.593+0000] {dagbag.py:587} INFO - Filling up the DagBag from /opt/airflow/dags/scraping_dag.py
[2026-03-17T21:10:51.785+0000] {processor.py:925} INFO - DAG(s) 'pipeline_ville_ideale_complet' retrieved from /opt/airflow/dags/scraping_dag.py
[2026-03-17T21:10:51.812+0000] {logging_mixin.py:190} INFO - [2026-03-17T21:10:51.812+0000] {dag.py:3211} INFO - Sync 1 DAGs
[2026-03-17T21:10:51.839+0000] {logging_mixin.py:190} INFO - [2026-03-17T21:10:51.839+0000] {dag.py:4138} INFO - Setting next_dagrun for pipeline_ville_ideale_complet to 2026-03-17 00:00:00+00:00, run_after=2026-03-18 00:00:00+00:00
[2026-03-17T21:10:51.870+0000] {processor.py:208} INFO - Processing /opt/airflow/dags/scraping_dag.py took 0.297 seconds
[2026-03-17T21:11:22.115+0000] {processor.py:186} INFO - Started process (PID=62) to work on /opt/airflow/dags/scraping_dag.py
[2026-03-17T21:11:22.116+0000] {processor.py:914} INFO - Processing file /opt/airflow/dags/scraping_dag.py for tasks to queue
[2026-03-17T21:11:22.119+0000] {logging_mixin.py:190} INFO - [2026-03-17T21:11:22.118+0000] {dagbag.py:587} INFO - Filling up the DagBag from /opt/airflow/dags/scraping_dag.py
[2026-03-17T21:11:22.288+0000] {processor.py:925} INFO - DAG(s) 'pipeline_ville_ideale_complet' retrieved from /opt/airflow/dags/scraping_dag.py
[2026-03-17T21:11:22.315+0000] {logging_mixin.py:190} INFO - [2026-03-17T21:11:22.315+0000] {dag.py:3211} INFO - Sync 1 DAGs
[2026-03-17T21:11:22.344+0000] {logging_mixin.py:190} INFO - [2026-03-17T21:11:22.344+0000] {dag.py:4138} INFO - Setting next_dagrun for pipeline_ville_ideale_complet to 2026-03-17 00:00:00+00:00, run_after=2026-03-18 00:00:00+00:00
[2026-03-17T21:11:22.376+0000] {processor.py:208} INFO - Processing /opt/airflow/dags/scraping_dag.py took 0.267 seconds
[2026-03-17T21:11:52.630+0000] {processor.py:186} INFO - Started process (PID=63) to work on /opt/airflow/dags/scraping_dag.py
[2026-03-17T21:11:52.632+0000] {processor.py:914} INFO - Processing file /opt/airflow/dags/scraping_dag.py for tasks to queue
[2026-03-17T21:11:52.637+0000] {logging_mixin.py:190} INFO - [2026-03-17T21:11:52.636+0000] {dagbag.py:587} INFO - Filling up the DagBag from /opt/airflow/dags/scraping_dag.py
[2026-03-17T21:11:52.828+0000] {processor.py:925} INFO - DAG(s) 'pipeline_ville_ideale_complet' retrieved from /opt/airflow/dags/scraping_dag.py
[2026-03-17T21:11:52.869+0000] {logging_mixin.py:190} INFO - [2026-03-17T21:11:52.869+0000] {dag.py:3211} INFO - Sync 1 DAGs
[2026-03-17T21:11:52.906+0000] {logging_mixin.py:190} INFO - [2026-03-17T21:11:52.906+0000] {dag.py:4138} INFO - Setting next_dagrun for pipeline_ville_ideale_complet to 2026-03-17 00:00:00+00:00, run_after=2026-03-18 00:00:00+00:00
[2026-03-17T21:11:52.943+0000] {processor.py:208} INFO - Processing /opt/airflow/dags/scraping_dag.py took 0.326 seconds
[2026-03-17T21:12:23.149+0000] {processor.py:186} INFO - Started process (PID=64) to work on /opt/airflow/dags/scraping_dag.py
[2026-03-17T21:12:23.151+0000] {processor.py:914} INFO - Processing file /opt/airflow/dags/scraping_dag.py for tasks to queue
[2026-03-17T21:12:23.155+0000] {logging_mixin.py:190} INFO - [2026-03-17T21:12:23.154+0000] {dagbag.py:587} INFO - Filling up the DagBag from /opt/airflow/dags/scraping_dag.py
[2026-03-17T21:12:23.304+0000] {processor.py:925} INFO - DAG(s) 'pipeline_ville_ideale_complet' retrieved from /opt/airflow/dags/scraping_dag.py
[2026-03-17T21:12:23.334+0000] {logging_mixin.py:190} INFO - [2026-03-17T21:12:23.333+0000] {dag.py:3211} INFO - Sync 1 DAGs
[2026-03-17T21:12:23.355+0000] {logging_mixin.py:190} INFO - [2026-03-17T21:12:23.355+0000] {dag.py:4138} INFO - Setting next_dagrun for pipeline_ville_ideale_complet to 2026-03-17 00:00:00+00:00, run_after=2026-03-18 00:00:00+00:00
[2026-03-17T21:12:23.380+0000] {processor.py:208} INFO - Processing /opt/airflow/dags/scraping_dag.py took 0.239 seconds
[2026-03-17T21:12:53.707+0000] {processor.py:186} INFO - Started process (PID=65) to work on /opt/airflow/dags/scraping_dag.py
[2026-03-17T21:12:53.710+0000] {processor.py:914} INFO - Processing file /opt/airflow/dags/scraping_dag.py for tasks to queue
[2026-03-17T21:12:53.714+0000] {logging_mixin.py:190} INFO - [2026-03-17T21:12:53.713+0000] {dagbag.py:587} INFO - Filling up the DagBag from /opt/airflow/dags/scraping_dag.py
[2026-03-17T21:12:53.855+0000] {processor.py:925} INFO - DAG(s) 'pipeline_ville_ideale_complet' retrieved from /opt/airflow/dags/scraping_dag.py
[2026-03-17T21:12:53.882+0000] {logging_mixin.py:190} INFO - [2026-03-17T21:12:53.881+0000] {dag.py:3211} INFO - Sync 1 DAGs
[2026-03-17T21:12:53.909+0000] {logging_mixin.py:190} INFO - [2026-03-17T21:12:53.908+0000] {dag.py:4138} INFO - Setting next_dagrun for pipeline_ville_ideale_complet to 2026-03-17 00:00:00+00:00, run_after=2026-03-18 00:00:00+00:00
[2026-03-17T21:12:53.945+0000] {processor.py:208} INFO - Processing /opt/airflow/dags/scraping_dag.py took 0.247 seconds
[2026-03-17T21:13:24.100+0000] {processor.py:186} INFO - Started process (PID=66) to work on /opt/airflow/dags/scraping_dag.py
[2026-03-17T21:13:24.102+0000] {processor.py:914} INFO - Processing file /opt/airflow/dags/scraping_dag.py for tasks to queue
[2026-03-17T21:13:24.107+0000] {logging_mixin.py:190} INFO - [2026-03-17T21:13:24.106+0000] {dagbag.py:587} INFO - Filling up the DagBag from /opt/airflow/dags/scraping_dag.py
[2026-03-17T21:13:24.253+0000] {processor.py:925} INFO - DAG(s) 'pipeline_ville_ideale_complet' retrieved from /opt/airflow/dags/scraping_dag.py
[2026-03-17T21:13:24.280+0000] {logging_mixin.py:190} INFO - [2026-03-17T21:13:24.280+0000] {dag.py:3211} INFO - Sync 1 DAGs
[2026-03-17T21:13:24.304+0000] {logging_mixin.py:190} INFO - [2026-03-17T21:13:24.303+0000] {dag.py:4138} INFO - Setting next_dagrun for pipeline_ville_ideale_complet to 2026-03-17 00:00:00+00:00, run_after=2026-03-18 00:00:00+00:00
[2026-03-17T21:13:24.340+0000] {processor.py:208} INFO - Processing /opt/airflow/dags/scraping_dag.py took 0.249 seconds
[2026-03-17T21:13:54.756+0000] {processor.py:186} INFO - Started process (PID=67) to work on /opt/airflow/dags/scraping_dag.py
[2026-03-17T21:13:54.758+0000] {processor.py:914} INFO - Processing file /opt/airflow/dags/scraping_dag.py for tasks to queue
[2026-03-17T21:13:54.761+0000] {logging_mixin.py:190} INFO - [2026-03-17T21:13:54.761+0000] {dagbag.py:587} INFO - Filling up the DagBag from /opt/airflow/dags/scraping_dag.py
[2026-03-17T21:13:54.912+0000] {processor.py:925} INFO - DAG(s) 'pipeline_ville_ideale_complet' retrieved from /opt/airflow/dags/scraping_dag.py
[2026-03-17T21:13:54.939+0000] {logging_mixin.py:190} INFO - [2026-03-17T21:13:54.939+0000] {dag.py:3211} INFO - Sync 1 DAGs
[2026-03-17T21:13:54.968+0000] {logging_mixin.py:190} INFO - [2026-03-17T21:13:54.968+0000] {dag.py:4138} INFO - Setting next_dagrun for pipeline_ville_ideale_complet to 2026-03-17 00:00:00+00:00, run_after=2026-03-18 00:00:00+00:00
[2026-03-17T21:13:55.002+0000] {processor.py:208} INFO - Processing /opt/airflow/dags/scraping_dag.py took 0.254 seconds
[2026-03-17T21:14:25.164+0000] {processor.py:186} INFO - Started process (PID=68) to work on /opt/airflow/dags/scraping_dag.py
[2026-03-17T21:14:25.166+0000] {processor.py:914} INFO - Processing file /opt/airflow/dags/scraping_dag.py for tasks to queue
[2026-03-17T21:14:25.170+0000] {logging_mixin.py:190} INFO - [2026-03-17T21:14:25.170+0000] {dagbag.py:587} INFO - Filling up the DagBag from /opt/airflow/dags/scraping_dag.py
[2026-03-17T21:14:25.328+0000] {processor.py:925} INFO - DAG(s) 'pipeline_ville_ideale_complet' retrieved from /opt/airflow/dags/scraping_dag.py
[2026-03-17T21:14:25.355+0000] {logging_mixin.py:190} INFO - [2026-03-17T21:14:25.355+0000] {dag.py:3211} INFO - Sync 1 DAGs
[2026-03-17T21:14:25.378+0000] {logging_mixin.py:190} INFO - [2026-03-17T21:14:25.377+0000] {dag.py:4138} INFO - Setting next_dagrun for pipeline_ville_ideale_complet to 2026-03-17 00:00:00+00:00, run_after=2026-03-18 00:00:00+00:00
[2026-03-17T21:14:25.409+0000] {processor.py:208} INFO - Processing /opt/airflow/dags/scraping_dag.py took 0.253 seconds
[2026-03-17T21:14:55.814+0000] {processor.py:186} INFO - Started process (PID=69) to work on /opt/airflow/dags/scraping_dag.py
[2026-03-17T21:14:55.819+0000] {processor.py:914} INFO - Processing file /opt/airflow/dags/scraping_dag.py for tasks to queue
[2026-03-17T21:14:55.824+0000] {logging_mixin.py:190} INFO - [2026-03-17T21:14:55.823+0000] {dagbag.py:587} INFO - Filling up the DagBag from /opt/airflow/dags/scraping_dag.py
[2026-03-17T21:14:55.980+0000] {processor.py:925} INFO - DAG(s) 'pipeline_ville_ideale_complet' retrieved from /opt/airflow/dags/scraping_dag.py
[2026-03-17T21:14:56.006+0000] {logging_mixin.py:190} INFO - [2026-03-17T21:14:56.005+0000] {dag.py:3211} INFO - Sync 1 DAGs
[2026-03-17T21:14:56.029+0000] {logging_mixin.py:190} INFO - [2026-03-17T21:14:56.029+0000] {dag.py:4138} INFO - Setting next_dagrun for pipeline_ville_ideale_complet to 2026-03-17 00:00:00+00:00, run_after=2026-03-18 00:00:00+00:00
[2026-03-17T21:14:56.049+0000] {processor.py:208} INFO - Processing /opt/airflow/dags/scraping_dag.py took 0.242 seconds
[2026-03-17T21:15:26.244+0000] {processor.py:186} INFO - Started process (PID=70) to work on /opt/airflow/dags/scraping_dag.py
[2026-03-17T21:15:26.246+0000] {processor.py:914} INFO - Processing file /opt/airflow/dags/scraping_dag.py for tasks to queue
[2026-03-17T21:15:26.250+0000] {logging_mixin.py:190} INFO - [2026-03-17T21:15:26.250+0000] {dagbag.py:587} INFO - Filling up the DagBag from /opt/airflow/dags/scraping_dag.py
[2026-03-17T21:15:26.428+0000] {processor.py:925} INFO - DAG(s) 'pipeline_ville_ideale_complet' retrieved from /opt/airflow/dags/scraping_dag.py
[2026-03-17T21:15:26.458+0000] {logging_mixin.py:190} INFO - [2026-03-17T21:15:26.457+0000] {dag.py:3211} INFO - Sync 1 DAGs
[2026-03-17T21:15:26.526+0000] {logging_mixin.py:190} INFO - [2026-03-17T21:15:26.525+0000] {dag.py:4138} INFO - Setting next_dagrun for pipeline_ville_ideale_complet to 2026-03-17 00:00:00+00:00, run_after=2026-03-18 00:00:00+00:00
[2026-03-17T21:15:26.615+0000] {processor.py:208} INFO - Processing /opt/airflow/dags/scraping_dag.py took 0.382 seconds
[2026-03-17T21:15:56.847+0000] {processor.py:186} INFO - Started process (PID=71) to work on /opt/airflow/dags/scraping_dag.py
[2026-03-17T21:15:56.850+0000] {processor.py:914} INFO - Processing file /opt/airflow/dags/scraping_dag.py for tasks to queue
[2026-03-17T21:15:56.854+0000] {logging_mixin.py:190} INFO - [2026-03-17T21:15:56.854+0000] {dagbag.py:587} INFO - Filling up the DagBag from /opt/airflow/dags/scraping_dag.py
[2026-03-17T21:15:57.025+0000] {processor.py:925} INFO - DAG(s) 'pipeline_ville_ideale_complet' retrieved from /opt/airflow/dags/scraping_dag.py
[2026-03-17T21:15:57.053+0000] {logging_mixin.py:190} INFO - [2026-03-17T21:15:57.052+0000] {dag.py:3211} INFO - Sync 1 DAGs
[2026-03-17T21:15:57.075+0000] {logging_mixin.py:190} INFO - [2026-03-17T21:15:57.075+0000] {dag.py:4138} INFO - Setting next_dagrun for pipeline_ville_ideale_complet to 2026-03-17 00:00:00+00:00, run_after=2026-03-18 00:00:00+00:00
[2026-03-17T21:15:57.113+0000] {processor.py:208} INFO - Processing /opt/airflow/dags/scraping_dag.py took 0.276 seconds
[2026-03-17T21:16:27.493+0000] {processor.py:186} INFO - Started process (PID=72) to work on /opt/airflow/dags/scraping_dag.py
[2026-03-17T21:16:27.495+0000] {processor.py:914} INFO - Processing file /opt/airflow/dags/scraping_dag.py for tasks to queue
[2026-03-17T21:16:27.499+0000] {logging_mixin.py:190} INFO - [2026-03-17T21:16:27.498+0000] {dagbag.py:587} INFO - Filling up the DagBag from /opt/airflow/dags/scraping_dag.py
[2026-03-17T21:16:27.732+0000] {processor.py:925} INFO - DAG(s) 'pipeline_ville_ideale_complet' retrieved from /opt/airflow/dags/scraping_dag.py
[2026-03-17T21:16:27.770+0000] {logging_mixin.py:190} INFO - [2026-03-17T21:16:27.769+0000] {dag.py:3211} INFO - Sync 1 DAGs
[2026-03-17T21:16:27.807+0000] {logging_mixin.py:190} INFO - [2026-03-17T21:16:27.807+0000] {dag.py:4138} INFO - Setting next_dagrun for pipeline_ville_ideale_complet to 2026-03-17 00:00:00+00:00, run_after=2026-03-18 00:00:00+00:00
[2026-03-17T21:16:27.832+0000] {processor.py:208} INFO - Processing /opt/airflow/dags/scraping_dag.py took 0.349 seconds
[2026-03-17T21:16:58.238+0000] {processor.py:186} INFO - Started process (PID=73) to work on /opt/airflow/dags/scraping_dag.py
[2026-03-17T21:16:58.240+0000] {processor.py:914} INFO - Processing file /opt/airflow/dags/scraping_dag.py for tasks to queue
[2026-03-17T21:16:58.244+0000] {logging_mixin.py:190} INFO - [2026-03-17T21:16:58.244+0000] {dagbag.py:587} INFO - Filling up the DagBag from /opt/airflow/dags/scraping_dag.py
[2026-03-17T21:16:58.411+0000] {processor.py:925} INFO - DAG(s) 'pipeline_ville_ideale_complet' retrieved from /opt/airflow/dags/scraping_dag.py
[2026-03-17T21:16:58.443+0000] {logging_mixin.py:190} INFO - [2026-03-17T21:16:58.443+0000] {dag.py:3211} INFO - Sync 1 DAGs
[2026-03-17T21:16:58.469+0000] {logging_mixin.py:190} INFO - [2026-03-17T21:16:58.469+0000] {dag.py:4138} INFO - Setting next_dagrun for pipeline_ville_ideale_complet to 2026-03-17 00:00:00+00:00, run_after=2026-03-18 00:00:00+00:00
[2026-03-17T21:16:58.500+0000] {processor.py:208} INFO - Processing /opt/airflow/dags/scraping_dag.py took 0.272 seconds
[2026-03-17T21:17:28.613+0000] {processor.py:186} INFO - Started process (PID=74) to work on /opt/airflow/dags/scraping_dag.py
[2026-03-17T21:17:28.615+0000] {processor.py:914} INFO - Processing file /opt/airflow/dags/scraping_dag.py for tasks to queue
[2026-03-17T21:17:28.620+0000] {logging_mixin.py:190} INFO - [2026-03-17T21:17:28.619+0000] {dagbag.py:587} INFO - Filling up the DagBag from /opt/airflow/dags/scraping_dag.py
[2026-03-17T21:17:28.811+0000] {processor.py:925} INFO - DAG(s) 'pipeline_ville_ideale_complet' retrieved from /opt/airflow/dags/scraping_dag.py
[2026-03-17T21:17:28.855+0000] {logging_mixin.py:190} INFO - [2026-03-17T21:17:28.854+0000] {dag.py:3211} INFO - Sync 1 DAGs
[2026-03-17T21:17:28.894+0000] {logging_mixin.py:190} INFO - [2026-03-17T21:17:28.894+0000] {dag.py:4138} INFO - Setting next_dagrun for pipeline_ville_ideale_complet to 2026-03-17 00:00:00+00:00, run_after=2026-03-18 00:00:00+00:00
[2026-03-17T21:17:28.936+0000] {processor.py:208} INFO - Processing /opt/airflow/dags/scraping_dag.py took 0.337 seconds
[2026-03-17T21:17:59.297+0000] {processor.py:186} INFO - Started process (PID=75) to work on /opt/airflow/dags/scraping_dag.py
[2026-03-17T21:17:59.299+0000] {processor.py:914} INFO - Processing file /opt/airflow/dags/scraping_dag.py for tasks to queue
[2026-03-17T21:17:59.302+0000] {logging_mixin.py:190} INFO - [2026-03-17T21:17:59.302+0000] {dagbag.py:587} INFO - Filling up the DagBag from /opt/airflow/dags/scraping_dag.py
[2026-03-17T21:17:59.465+0000] {processor.py:925} INFO - DAG(s) 'pipeline_ville_ideale_complet' retrieved from /opt/airflow/dags/scraping_dag.py
[2026-03-17T21:17:59.497+0000] {logging_mixin.py:190} INFO - [2026-03-17T21:17:59.497+0000] {dag.py:3211} INFO - Sync 1 DAGs
[2026-03-17T21:17:59.535+0000] {logging_mixin.py:190} INFO - [2026-03-17T21:17:59.535+0000] {dag.py:4138} INFO - Setting next_dagrun for pipeline_ville_ideale_complet to 2026-03-17 00:00:00+00:00, run_after=2026-03-18 00:00:00+00:00
[2026-03-17T21:17:59.570+0000] {processor.py:208} INFO - Processing /opt/airflow/dags/scraping_dag.py took 0.279 seconds
[2026-03-17T21:18:29.725+0000] {processor.py:186} INFO - Started process (PID=76) to work on /opt/airflow/dags/scraping_dag.py
[2026-03-17T21:18:29.727+0000] {processor.py:914} INFO - Processing file /opt/airflow/dags/scraping_dag.py for tasks to queue
[2026-03-17T21:18:29.731+0000] {logging_mixin.py:190} INFO - [2026-03-17T21:18:29.730+0000] {dagbag.py:587} INFO - Filling up the DagBag from /opt/airflow/dags/scraping_dag.py
[2026-03-17T21:18:29.903+0000] {processor.py:925} INFO - DAG(s) 'pipeline_ville_ideale_complet' retrieved from /opt/airflow/dags/scraping_dag.py
[2026-03-17T21:18:29.940+0000] {logging_mixin.py:190} INFO - [2026-03-17T21:18:29.940+0000] {dag.py:3211} INFO - Sync 1 DAGs
[2026-03-17T21:18:29.968+0000] {logging_mixin.py:190} INFO - [2026-03-17T21:18:29.967+0000] {dag.py:4138} INFO - Setting next_dagrun for pipeline_ville_ideale_complet to 2026-03-17 00:00:00+00:00, run_after=2026-03-18 00:00:00+00:00
[2026-03-17T21:18:29.995+0000] {processor.py:208} INFO - Processing /opt/airflow/dags/scraping_dag.py took 0.279 seconds
[2026-03-17T21:19:00.362+0000] {processor.py:186} INFO - Started process (PID=77) to work on /opt/airflow/dags/scraping_dag.py
[2026-03-17T21:19:00.364+0000] {processor.py:914} INFO - Processing file /opt/airflow/dags/scraping_dag.py for tasks to queue
[2026-03-17T21:19:00.369+0000] {logging_mixin.py:190} INFO - [2026-03-17T21:19:00.369+0000] {dagbag.py:587} INFO - Filling up the DagBag from /opt/airflow/dags/scraping_dag.py
[2026-03-17T21:19:00.529+0000] {processor.py:925} INFO - DAG(s) 'pipeline_ville_ideale_complet' retrieved from /opt/airflow/dags/scraping_dag.py
[2026-03-17T21:19:00.556+0000] {logging_mixin.py:190} INFO - [2026-03-17T21:19:00.555+0000] {dag.py:3211} INFO - Sync 1 DAGs
[2026-03-17T21:19:00.582+0000] {logging_mixin.py:190} INFO - [2026-03-17T21:19:00.582+0000] {dag.py:4138} INFO - Setting next_dagrun for pipeline_ville_ideale_complet to 2026-03-17 00:00:00+00:00, run_after=2026-03-18 00:00:00+00:00
[2026-03-17T21:19:00.614+0000] {processor.py:208} INFO - Processing /opt/airflow/dags/scraping_dag.py took 0.262 seconds
[2026-03-17T21:19:30.749+0000] {processor.py:186} INFO - Started process (PID=78) to work on /opt/airflow/dags/scraping_dag.py
[2026-03-17T21:19:30.751+0000] {processor.py:914} INFO - Processing file /opt/airflow/dags/scraping_dag.py for tasks to queue
[2026-03-17T21:19:30.753+0000] {logging_mixin.py:190} INFO - [2026-03-17T21:19:30.753+0000] {dagbag.py:587} INFO - Filling up the DagBag from /opt/airflow/dags/scraping_dag.py
[2026-03-17T21:19:30.903+0000] {processor.py:925} INFO - DAG(s) 'pipeline_ville_ideale_complet' retrieved from /opt/airflow/dags/scraping_dag.py
[2026-03-17T21:19:30.928+0000] {logging_mixin.py:190} INFO - [2026-03-17T21:19:30.928+0000] {dag.py:3211} INFO - Sync 1 DAGs
[2026-03-17T21:19:30.952+0000] {logging_mixin.py:190} INFO - [2026-03-17T21:19:30.951+0000] {dag.py:4138} INFO - Setting next_dagrun for pipeline_ville_ideale_complet to 2026-03-17 00:00:00+00:00, run_after=2026-03-18 00:00:00+00:00
[2026-03-17T21:19:30.984+0000] {processor.py:208} INFO - Processing /opt/airflow/dags/scraping_dag.py took 0.243 seconds
[2026-03-17T21:20:01.326+0000] {processor.py:186} INFO - Started process (PID=79) to work on /opt/airflow/dags/scraping_dag.py
[2026-03-17T21:20:01.328+0000] {processor.py:914} INFO - Processing file /opt/airflow/dags/scraping_dag.py for tasks to queue
[2026-03-17T21:20:01.331+0000] {logging_mixin.py:190} INFO - [2026-03-17T21:20:01.331+0000] {dagbag.py:587} INFO - Filling up the DagBag from /opt/airflow/dags/scraping_dag.py
[2026-03-17T21:20:01.490+0000] {processor.py:925} INFO - DAG(s) 'pipeline_ville_ideale_complet' retrieved from /opt/airflow/dags/scraping_dag.py
[2026-03-17T21:20:01.516+0000] {logging_mixin.py:190} INFO - [2026-03-17T21:20:01.516+0000] {dag.py:3211} INFO - Sync 1 DAGs
[2026-03-17T21:20:01.541+0000] {logging_mixin.py:190} INFO - [2026-03-17T21:20:01.541+0000] {dag.py:4138} INFO - Setting next_dagrun for pipeline_ville_ideale_complet to 2026-03-17 00:00:00+00:00, run_after=2026-03-18 00:00:00+00:00
[2026-03-17T21:20:01.568+0000] {processor.py:208} INFO - Processing /opt/airflow/dags/scraping_dag.py took 0.248 seconds
[2026-03-17T21:20:31.699+0000] {processor.py:186} INFO - Started process (PID=80) to work on /opt/airflow/dags/scraping_dag.py
[2026-03-17T21:20:31.701+0000] {processor.py:914} INFO - Processing file /opt/airflow/dags/scraping_dag.py for tasks to queue
[2026-03-17T21:20:31.704+0000] {logging_mixin.py:190} INFO - [2026-03-17T21:20:31.704+0000] {dagbag.py:587} INFO - Filling up the DagBag from /opt/airflow/dags/scraping_dag.py
[2026-03-17T21:20:31.868+0000] {processor.py:925} INFO - DAG(s) 'pipeline_ville_ideale_complet' retrieved from /opt/airflow/dags/scraping_dag.py
[2026-03-17T21:20:31.895+0000] {logging_mixin.py:190} INFO - [2026-03-17T21:20:31.895+0000] {dag.py:3211} INFO - Sync 1 DAGs
[2026-03-17T21:20:31.923+0000] {logging_mixin.py:190} INFO - [2026-03-17T21:20:31.923+0000] {dag.py:4138} INFO - Setting next_dagrun for pipeline_ville_ideale_complet to 2026-03-17 00:00:00+00:00, run_after=2026-03-18 00:00:00+00:00
[2026-03-17T21:20:31.944+0000] {processor.py:208} INFO - Processing /opt/airflow/dags/scraping_dag.py took 0.254 seconds
[2026-03-17T21:21:02.279+0000] {processor.py:186} INFO - Started process (PID=81) to work on /opt/airflow/dags/scraping_dag.py
[2026-03-17T21:21:02.282+0000] {processor.py:914} INFO - Processing file /opt/airflow/dags/scraping_dag.py for tasks to queue
[2026-03-17T21:21:02.287+0000] {logging_mixin.py:190} INFO - [2026-03-17T21:21:02.286+0000] {dagbag.py:587} INFO - Filling up the DagBag from /opt/airflow/dags/scraping_dag.py
[2026-03-17T21:21:02.449+0000] {processor.py:925} INFO - DAG(s) 'pipeline_ville_ideale_complet' retrieved from /opt/airflow/dags/scraping_dag.py
[2026-03-17T21:21:02.476+0000] {logging_mixin.py:190} INFO - [2026-03-17T21:21:02.476+0000] {dag.py:3211} INFO - Sync 1 DAGs
[2026-03-17T21:21:02.498+0000] {logging_mixin.py:190} INFO - [2026-03-17T21:21:02.498+0000] {dag.py:4138} INFO - Setting next_dagrun for pipeline_ville_ideale_complet to 2026-03-17 00:00:00+00:00, run_after=2026-03-18 00:00:00+00:00
[2026-03-17T21:21:02.519+0000] {processor.py:208} INFO - Processing /opt/airflow/dags/scraping_dag.py took 0.249 seconds
[2026-03-17T21:21:32.736+0000] {processor.py:186} INFO - Started process (PID=82) to work on /opt/airflow/dags/scraping_dag.py
[2026-03-17T21:21:32.738+0000] {processor.py:914} INFO - Processing file /opt/airflow/dags/scraping_dag.py for tasks to queue
[2026-03-17T21:21:32.741+0000] {logging_mixin.py:190} INFO - [2026-03-17T21:21:32.741+0000] {dagbag.py:587} INFO - Filling up the DagBag from /opt/airflow/dags/scraping_dag.py
[2026-03-17T21:21:32.903+0000] {processor.py:925} INFO - DAG(s) 'pipeline_ville_ideale_complet' retrieved from /opt/airflow/dags/scraping_dag.py
[2026-03-17T21:21:32.931+0000] {logging_mixin.py:190} INFO - [2026-03-17T21:21:32.931+0000] {dag.py:3211} INFO - Sync 1 DAGs
[2026-03-17T21:21:32.964+0000] {logging_mixin.py:190} INFO - [2026-03-17T21:21:32.964+0000] {dag.py:4138} INFO - Setting next_dagrun for pipeline_ville_ideale_complet to 2026-03-17 00:00:00+00:00, run_after=2026-03-18 00:00:00+00:00
[2026-03-17T21:21:32.991+0000] {processor.py:208} INFO - Processing /opt/airflow/dags/scraping_dag.py took 0.262 seconds
[2026-03-17T21:22:03.309+0000] {processor.py:186} INFO - Started process (PID=83) to work on /opt/airflow/dags/scraping_dag.py
[2026-03-17T21:22:03.311+0000] {processor.py:914} INFO - Processing file /opt/airflow/dags/scraping_dag.py for tasks to queue
[2026-03-17T21:22:03.314+0000] {logging_mixin.py:190} INFO - [2026-03-17T21:22:03.314+0000] {dagbag.py:587} INFO - Filling up the DagBag from /opt/airflow/dags/scraping_dag.py
[2026-03-17T21:22:03.484+0000] {processor.py:925} INFO - DAG(s) 'pipeline_ville_ideale_complet' retrieved from /opt/airflow/dags/scraping_dag.py
[2026-03-17T21:22:03.515+0000] {logging_mixin.py:190} INFO - [2026-03-17T21:22:03.515+0000] {dag.py:3211} INFO - Sync 1 DAGs
[2026-03-17T21:22:03.543+0000] {logging_mixin.py:190} INFO - [2026-03-17T21:22:03.543+0000] {dag.py:4138} INFO - Setting next_dagrun for pipeline_ville_ideale_complet to 2026-03-17 00:00:00+00:00, run_after=2026-03-18 00:00:00+00:00
[2026-03-17T21:22:03.575+0000] {processor.py:208} INFO - Processing /opt/airflow/dags/scraping_dag.py took 0.279 seconds
[2026-03-17T21:22:33.794+0000] {processor.py:186} INFO - Started process (PID=84) to work on /opt/airflow/dags/scraping_dag.py
[2026-03-17T21:22:33.796+0000] {processor.py:914} INFO - Processing file /opt/airflow/dags/scraping_dag.py for tasks to queue
[2026-03-17T21:22:33.802+0000] {logging_mixin.py:190} INFO - [2026-03-17T21:22:33.801+0000] {dagbag.py:587} INFO - Filling up the DagBag from /opt/airflow/dags/scraping_dag.py
[2026-03-17T21:22:33.978+0000] {processor.py:925} INFO - DAG(s) 'pipeline_ville_ideale_complet' retrieved from /opt/airflow/dags/scraping_dag.py
[2026-03-17T21:22:34.008+0000] {logging_mixin.py:190} INFO - [2026-03-17T21:22:34.007+0000] {dag.py:3211} INFO - Sync 1 DAGs
[2026-03-17T21:22:34.032+0000] {logging_mixin.py:190} INFO - [2026-03-17T21:22:34.031+0000] {dag.py:4138} INFO - Setting next_dagrun for pipeline_ville_ideale_complet to 2026-03-17 00:00:00+00:00, run_after=2026-03-18 00:00:00+00:00
[2026-03-17T21:22:34.065+0000] {processor.py:208} INFO - Processing /opt/airflow/dags/scraping_dag.py took 0.282 seconds
[2026-03-17T21:23:04.388+0000] {processor.py:186} INFO - Started process (PID=85) to work on /opt/airflow/dags/scraping_dag.py
[2026-03-17T21:23:04.390+0000] {processor.py:914} INFO - Processing file /opt/airflow/dags/scraping_dag.py for tasks to queue
[2026-03-17T21:23:04.395+0000] {logging_mixin.py:190} INFO - [2026-03-17T21:23:04.394+0000] {dagbag.py:587} INFO - Filling up the DagBag from /opt/airflow/dags/scraping_dag.py
[2026-03-17T21:23:04.567+0000] {processor.py:925} INFO - DAG(s) 'pipeline_ville_ideale_complet' retrieved from /opt/airflow/dags/scraping_dag.py
[2026-03-17T21:23:04.597+0000] {logging_mixin.py:190} INFO - [2026-03-17T21:23:04.596+0000] {dag.py:3211} INFO - Sync 1 DAGs
[2026-03-17T21:23:04.624+0000] {logging_mixin.py:190} INFO - [2026-03-17T21:23:04.624+0000] {dag.py:4138} INFO - Setting next_dagrun for pipeline_ville_ideale_complet to 2026-03-17 00:00:00+00:00, run_after=2026-03-18 00:00:00+00:00
[2026-03-17T21:23:04.655+0000] {processor.py:208} INFO - Processing /opt/airflow/dags/scraping_dag.py took 0.280 seconds
[2026-03-17T21:23:34.808+0000] {processor.py:186} INFO - Started process (PID=86) to work on /opt/airflow/dags/scraping_dag.py
[2026-03-17T21:23:34.810+0000] {processor.py:914} INFO - Processing file /opt/airflow/dags/scraping_dag.py for tasks to queue
[2026-03-17T21:23:34.815+0000] {logging_mixin.py:190} INFO - [2026-03-17T21:23:34.814+0000] {dagbag.py:587} INFO - Filling up the DagBag from /opt/airflow/dags/scraping_dag.py
[2026-03-17T21:23:35.001+0000] {processor.py:925} INFO - DAG(s) 'pipeline_ville_ideale_complet' retrieved from /opt/airflow/dags/scraping_dag.py
[2026-03-17T21:23:35.032+0000] {logging_mixin.py:190} INFO - [2026-03-17T21:23:35.031+0000] {dag.py:3211} INFO - Sync 1 DAGs
[2026-03-17T21:23:35.061+0000] {logging_mixin.py:190} INFO - [2026-03-17T21:23:35.061+0000] {dag.py:4138} INFO - Setting next_dagrun for pipeline_ville_ideale_complet to 2026-03-17 00:00:00+00:00, run_after=2026-03-18 00:00:00+00:00
[2026-03-17T21:23:35.092+0000] {processor.py:208} INFO - Processing /opt/airflow/dags/scraping_dag.py took 0.291 seconds
[2026-03-17T21:24:05.422+0000] {processor.py:186} INFO - Started process (PID=87) to work on /opt/airflow/dags/scraping_dag.py
[2026-03-17T21:24:05.424+0000] {processor.py:914} INFO - Processing file /opt/airflow/dags/scraping_dag.py for tasks to queue
[2026-03-17T21:24:05.432+0000] {logging_mixin.py:190} INFO - [2026-03-17T21:24:05.431+0000] {dagbag.py:587} INFO - Filling up the DagBag from /opt/airflow/dags/scraping_dag.py
[2026-03-17T21:24:05.654+0000] {processor.py:925} INFO - DAG(s) 'pipeline_ville_ideale_complet' retrieved from /opt/airflow/dags/scraping_dag.py
[2026-03-17T21:24:05.697+0000] {logging_mixin.py:190} INFO - [2026-03-17T21:24:05.696+0000] {dag.py:3211} INFO - Sync 1 DAGs
[2026-03-17T21:24:05.739+0000] {logging_mixin.py:190} INFO - [2026-03-17T21:24:05.738+0000] {dag.py:4138} INFO - Setting next_dagrun for pipeline_ville_ideale_complet to 2026-03-17 00:00:00+00:00, run_after=2026-03-18 00:00:00+00:00
[2026-03-17T21:24:05.773+0000] {processor.py:208} INFO - Processing /opt/airflow/dags/scraping_dag.py took 0.360 seconds
[2026-03-17T21:24:35.862+0000] {processor.py:186} INFO - Started process (PID=88) to work on /opt/airflow/dags/scraping_dag.py
[2026-03-17T21:24:35.864+0000] {processor.py:914} INFO - Processing file /opt/airflow/dags/scraping_dag.py for tasks to queue
[2026-03-17T21:24:35.868+0000] {logging_mixin.py:190} INFO - [2026-03-17T21:24:35.868+0000] {dagbag.py:587} INFO - Filling up the DagBag from /opt/airflow/dags/scraping_dag.py
[2026-03-17T21:24:36.035+0000] {processor.py:925} INFO - DAG(s) 'pipeline_ville_ideale_complet' retrieved from /opt/airflow/dags/scraping_dag.py
[2026-03-17T21:24:36.064+0000] {logging_mixin.py:190} INFO - [2026-03-17T21:24:36.063+0000] {dag.py:3211} INFO - Sync 1 DAGs
[2026-03-17T21:24:36.090+0000] {logging_mixin.py:190} INFO - [2026-03-17T21:24:36.090+0000] {dag.py:4138} INFO - Setting next_dagrun for pipeline_ville_ideale_complet to 2026-03-17 00:00:00+00:00, run_after=2026-03-18 00:00:00+00:00
[2026-03-17T21:24:36.120+0000] {processor.py:208} INFO - Processing /opt/airflow/dags/scraping_dag.py took 0.272 seconds
[2026-03-17T21:25:06.242+0000] {processor.py:186} INFO - Started process (PID=89) to work on /opt/airflow/dags/scraping_dag.py
[2026-03-17T21:25:06.244+0000] {processor.py:914} INFO - Processing file /opt/airflow/dags/scraping_dag.py for tasks to queue
[2026-03-17T21:25:06.248+0000] {logging_mixin.py:190} INFO - [2026-03-17T21:25:06.247+0000] {dagbag.py:587} INFO - Filling up the DagBag from /opt/airflow/dags/scraping_dag.py
[2026-03-17T21:25:06.418+0000] {processor.py:925} INFO - DAG(s) 'pipeline_ville_ideale_complet' retrieved from /opt/airflow/dags/scraping_dag.py
[2026-03-17T21:25:06.452+0000] {logging_mixin.py:190} INFO - [2026-03-17T21:25:06.451+0000] {dag.py:3211} INFO - Sync 1 DAGs
[2026-03-17T21:25:06.476+0000] {logging_mixin.py:190} INFO - [2026-03-17T21:25:06.476+0000] {dag.py:4138} INFO - Setting next_dagrun for pipeline_ville_ideale_complet to 2026-03-17 00:00:00+00:00, run_after=2026-03-18 00:00:00+00:00
[2026-03-17T21:25:06.503+0000] {processor.py:208} INFO - Processing /opt/airflow/dags/scraping_dag.py took 0.269 seconds
[2026-03-17T21:25:36.876+0000] {processor.py:186} INFO - Started process (PID=90) to work on /opt/airflow/dags/scraping_dag.py
[2026-03-17T21:25:36.878+0000] {processor.py:914} INFO - Processing file /opt/airflow/dags/scraping_dag.py for tasks to queue
[2026-03-17T21:25:36.880+0000] {logging_mixin.py:190} INFO - [2026-03-17T21:25:36.880+0000] {dagbag.py:587} INFO - Filling up the DagBag from /opt/airflow/dags/scraping_dag.py
[2026-03-17T21:25:37.024+0000] {processor.py:925} INFO - DAG(s) 'pipeline_ville_ideale_complet' retrieved from /opt/airflow/dags/scraping_dag.py
[2026-03-17T21:25:37.050+0000] {logging_mixin.py:190} INFO - [2026-03-17T21:25:37.049+0000] {dag.py:3211} INFO - Sync 1 DAGs
[2026-03-17T21:25:37.073+0000] {logging_mixin.py:190} INFO - [2026-03-17T21:25:37.073+0000] {dag.py:4138} INFO - Setting next_dagrun for pipeline_ville_ideale_complet to 2026-03-17 00:00:00+00:00, run_after=2026-03-18 00:00:00+00:00
[2026-03-17T21:25:37.096+0000] {processor.py:208} INFO - Processing /opt/airflow/dags/scraping_dag.py took 0.225 seconds
[2026-03-17T21:26:07.219+0000] {processor.py:186} INFO - Started process (PID=91) to work on /opt/airflow/dags/scraping_dag.py
[2026-03-17T21:26:07.221+0000] {processor.py:914} INFO - Processing file /opt/airflow/dags/scraping_dag.py for tasks to queue
[2026-03-17T21:26:07.224+0000] {logging_mixin.py:190} INFO - [2026-03-17T21:26:07.223+0000] {dagbag.py:587} INFO - Filling up the DagBag from /opt/airflow/dags/scraping_dag.py
[2026-03-17T21:26:07.387+0000] {processor.py:925} INFO - DAG(s) 'pipeline_ville_ideale_complet' retrieved from /opt/airflow/dags/scraping_dag.py
[2026-03-17T21:26:07.419+0000] {logging_mixin.py:190} INFO - [2026-03-17T21:26:07.418+0000] {dag.py:3211} INFO - Sync 1 DAGs
[2026-03-17T21:26:07.446+0000] {logging_mixin.py:190} INFO - [2026-03-17T21:26:07.445+0000] {dag.py:4138} INFO - Setting next_dagrun for pipeline_ville_ideale_complet to 2026-03-17 00:00:00+00:00, run_after=2026-03-18 00:00:00+00:00
[2026-03-17T21:26:07.473+0000] {processor.py:208} INFO - Processing /opt/airflow/dags/scraping_dag.py took 0.261 seconds
[2026-03-17T21:26:37.835+0000] {processor.py:186} INFO - Started process (PID=92) to work on /opt/airflow/dags/scraping_dag.py
[2026-03-17T21:26:37.837+0000] {processor.py:914} INFO - Processing file /opt/airflow/dags/scraping_dag.py for tasks to queue
[2026-03-17T21:26:37.840+0000] {logging_mixin.py:190} INFO - [2026-03-17T21:26:37.839+0000] {dagbag.py:587} INFO - Filling up the DagBag from /opt/airflow/dags/scraping_dag.py
[2026-03-17T21:26:37.979+0000] {processor.py:925} INFO - DAG(s) 'pipeline_ville_ideale_complet' retrieved from /opt/airflow/dags/scraping_dag.py
[2026-03-17T21:26:38.010+0000] {logging_mixin.py:190} INFO - [2026-03-17T21:26:38.010+0000] {dag.py:3211} INFO - Sync 1 DAGs
[2026-03-17T21:26:38.034+0000] {logging_mixin.py:190} INFO - [2026-03-17T21:26:38.034+0000] {dag.py:4138} INFO - Setting next_dagrun for pipeline_ville_ideale_complet to 2026-03-17 00:00:00+00:00, run_after=2026-03-18 00:00:00+00:00
[2026-03-17T21:26:38.066+0000] {processor.py:208} INFO - Processing /opt/airflow/dags/scraping_dag.py took 0.236 seconds
[2026-03-17T21:27:08.228+0000] {processor.py:186} INFO - Started process (PID=93) to work on /opt/airflow/dags/scraping_dag.py
[2026-03-17T21:27:08.230+0000] {processor.py:914} INFO - Processing file /opt/airflow/dags/scraping_dag.py for tasks to queue
[2026-03-17T21:27:08.235+0000] {logging_mixin.py:190} INFO - [2026-03-17T21:27:08.234+0000] {dagbag.py:587} INFO - Filling up the DagBag from /opt/airflow/dags/scraping_dag.py
[2026-03-17T21:27:08.398+0000] {processor.py:925} INFO - DAG(s) 'pipeline_ville_ideale_complet' retrieved from /opt/airflow/dags/scraping_dag.py
[2026-03-17T21:27:08.423+0000] {logging_mixin.py:190} INFO - [2026-03-17T21:27:08.423+0000] {dag.py:3211} INFO - Sync 1 DAGs
[2026-03-17T21:27:08.446+0000] {logging_mixin.py:190} INFO - [2026-03-17T21:27:08.446+0000] {dag.py:4138} INFO - Setting next_dagrun for pipeline_ville_ideale_complet to 2026-03-17 00:00:00+00:00, run_after=2026-03-18 00:00:00+00:00
[2026-03-17T21:27:08.478+0000] {processor.py:208} INFO - Processing /opt/airflow/dags/scraping_dag.py took 0.260 seconds
[2026-03-17T21:27:38.782+0000] {processor.py:186} INFO - Started process (PID=94) to work on /opt/airflow/dags/scraping_dag.py
[2026-03-17T21:27:38.785+0000] {processor.py:914} INFO - Processing file /opt/airflow/dags/scraping_dag.py for tasks to queue
[2026-03-17T21:27:38.789+0000] {logging_mixin.py:190} INFO - [2026-03-17T21:27:38.788+0000] {dagbag.py:587} INFO - Filling up the DagBag from /opt/airflow/dags/scraping_dag.py
[2026-03-17T21:27:38.951+0000] {processor.py:925} INFO - DAG(s) 'pipeline_ville_ideale_complet' retrieved from /opt/airflow/dags/scraping_dag.py
[2026-03-17T21:27:38.979+0000] {logging_mixin.py:190} INFO - [2026-03-17T21:27:38.978+0000] {dag.py:3211} INFO - Sync 1 DAGs
[2026-03-17T21:27:39.011+0000] {logging_mixin.py:190} INFO - [2026-03-17T21:27:39.010+0000] {dag.py:4138} INFO - Setting next_dagrun for pipeline_ville_ideale_complet to 2026-03-17 00:00:00+00:00, run_after=2026-03-18 00:00:00+00:00
[2026-03-17T21:27:39.038+0000] {processor.py:208} INFO - Processing /opt/airflow/dags/scraping_dag.py took 0.265 seconds
[2026-03-17T21:28:09.237+0000] {processor.py:186} INFO - Started process (PID=95) to work on /opt/airflow/dags/scraping_dag.py
[2026-03-17T21:28:09.239+0000] {processor.py:914} INFO - Processing file /opt/airflow/dags/scraping_dag.py for tasks to queue
[2026-03-17T21:28:09.243+0000] {logging_mixin.py:190} INFO - [2026-03-17T21:28:09.243+0000] {dagbag.py:587} INFO - Filling up the DagBag from /opt/airflow/dags/scraping_dag.py
[2026-03-17T21:28:09.411+0000] {processor.py:925} INFO - DAG(s) 'pipeline_ville_ideale_complet' retrieved from /opt/airflow/dags/scraping_dag.py
[2026-03-17T21:28:09.444+0000] {logging_mixin.py:190} INFO - [2026-03-17T21:28:09.443+0000] {dag.py:3211} INFO - Sync 1 DAGs
[2026-03-17T21:28:09.474+0000] {logging_mixin.py:190} INFO - [2026-03-17T21:28:09.473+0000] {dag.py:4138} INFO - Setting next_dagrun for pipeline_ville_ideale_complet to 2026-03-17 00:00:00+00:00, run_after=2026-03-18 00:00:00+00:00
[2026-03-17T21:28:09.500+0000] {processor.py:208} INFO - Processing /opt/airflow/dags/scraping_dag.py took 0.273 seconds
[2026-03-17T21:28:39.849+0000] {processor.py:186} INFO - Started process (PID=96) to work on /opt/airflow/dags/scraping_dag.py
[2026-03-17T21:28:39.852+0000] {processor.py:914} INFO - Processing file /opt/airflow/dags/scraping_dag.py for tasks to queue
[2026-03-17T21:28:39.857+0000] {logging_mixin.py:190} INFO - [2026-03-17T21:28:39.856+0000] {dagbag.py:587} INFO - Filling up the DagBag from /opt/airflow/dags/scraping_dag.py
[2026-03-17T21:28:40.062+0000] {processor.py:925} INFO - DAG(s) 'pipeline_ville_ideale_complet' retrieved from /opt/airflow/dags/scraping_dag.py
[2026-03-17T21:28:40.091+0000] {logging_mixin.py:190} INFO - [2026-03-17T21:28:40.090+0000] {dag.py:3211} INFO - Sync 1 DAGs
[2026-03-17T21:28:40.118+0000] {logging_mixin.py:190} INFO - [2026-03-17T21:28:40.117+0000] {dag.py:4138} INFO - Setting next_dagrun for pipeline_ville_ideale_complet to 2026-03-17 00:00:00+00:00, run_after=2026-03-18 00:00:00+00:00
[2026-03-17T21:28:40.150+0000] {processor.py:208} INFO - Processing /opt/airflow/dags/scraping_dag.py took 0.314 seconds
[2026-03-17T21:29:10.261+0000] {processor.py:186} INFO - Started process (PID=97) to work on /opt/airflow/dags/scraping_dag.py
[2026-03-17T21:29:10.262+0000] {processor.py:914} INFO - Processing file /opt/airflow/dags/scraping_dag.py for tasks to queue
[2026-03-17T21:29:10.266+0000] {logging_mixin.py:190} INFO - [2026-03-17T21:29:10.266+0000] {dagbag.py:587} INFO - Filling up the DagBag from /opt/airflow/dags/scraping_dag.py
[2026-03-17T21:29:10.443+0000] {processor.py:925} INFO - DAG(s) 'pipeline_ville_ideale_complet' retrieved from /opt/airflow/dags/scraping_dag.py
[2026-03-17T21:29:10.476+0000] {logging_mixin.py:190} INFO - [2026-03-17T21:29:10.476+0000] {dag.py:3211} INFO - Sync 1 DAGs
[2026-03-17T21:29:10.499+0000] {logging_mixin.py:190} INFO - [2026-03-17T21:29:10.499+0000] {dag.py:4138} INFO - Setting next_dagrun for pipeline_ville_ideale_complet to 2026-03-17 00:00:00+00:00, run_after=2026-03-18 00:00:00+00:00
[2026-03-17T21:29:10.524+0000] {processor.py:208} INFO - Processing /opt/airflow/dags/scraping_dag.py took 0.272 seconds
[2026-03-17T21:29:40.963+0000] {processor.py:186} INFO - Started process (PID=98) to work on /opt/airflow/dags/scraping_dag.py
[2026-03-17T21:29:40.965+0000] {processor.py:914} INFO - Processing file /opt/airflow/dags/scraping_dag.py for tasks to queue
[2026-03-17T21:29:40.968+0000] {logging_mixin.py:190} INFO - [2026-03-17T21:29:40.968+0000] {dagbag.py:587} INFO - Filling up the DagBag from /opt/airflow/dags/scraping_dag.py
[2026-03-17T21:29:41.141+0000] {processor.py:925} INFO - DAG(s) 'pipeline_ville_ideale_complet' retrieved from /opt/airflow/dags/scraping_dag.py
[2026-03-17T21:29:41.172+0000] {logging_mixin.py:190} INFO - [2026-03-17T21:29:41.171+0000] {dag.py:3211} INFO - Sync 1 DAGs
[2026-03-17T21:29:41.199+0000] {logging_mixin.py:190} INFO - [2026-03-17T21:29:41.199+0000] {dag.py:4138} INFO - Setting next_dagrun for pipeline_ville_ideale_complet to 2026-03-17 00:00:00+00:00, run_after=2026-03-18 00:00:00+00:00
[2026-03-17T21:29:41.231+0000] {processor.py:208} INFO - Processing /opt/airflow/dags/scraping_dag.py took 0.277 seconds
[2026-03-17T21:30:11.379+0000] {processor.py:186} INFO - Started process (PID=99) to work on /opt/airflow/dags/scraping_dag.py
[2026-03-17T21:30:11.381+0000] {processor.py:914} INFO - Processing file /opt/airflow/dags/scraping_dag.py for tasks to queue
[2026-03-17T21:30:11.384+0000] {logging_mixin.py:190} INFO - [2026-03-17T21:30:11.383+0000] {dagbag.py:587} INFO - Filling up the DagBag from /opt/airflow/dags/scraping_dag.py
[2026-03-17T21:30:11.547+0000] {processor.py:925} INFO - DAG(s) 'pipeline_ville_ideale_complet' retrieved from /opt/airflow/dags/scraping_dag.py
[2026-03-17T21:30:11.576+0000] {logging_mixin.py:190} INFO - [2026-03-17T21:30:11.576+0000] {dag.py:3211} INFO - Sync 1 DAGs
[2026-03-17T21:30:11.603+0000] {logging_mixin.py:190} INFO - [2026-03-17T21:30:11.602+0000] {dag.py:4138} INFO - Setting next_dagrun for pipeline_ville_ideale_complet to 2026-03-17 00:00:00+00:00, run_after=2026-03-18 00:00:00+00:00
[2026-03-17T21:30:11.632+0000] {processor.py:208} INFO - Processing /opt/airflow/dags/scraping_dag.py took 0.263 seconds
[2026-03-17T21:30:42.012+0000] {processor.py:186} INFO - Started process (PID=100) to work on /opt/airflow/dags/scraping_dag.py
[2026-03-17T21:30:42.014+0000] {processor.py:914} INFO - Processing file /opt/airflow/dags/scraping_dag.py for tasks to queue
[2026-03-17T21:30:42.017+0000] {logging_mixin.py:190} INFO - [2026-03-17T21:30:42.017+0000] {dagbag.py:587} INFO - Filling up the DagBag from /opt/airflow/dags/scraping_dag.py
[2026-03-17T21:30:42.186+0000] {processor.py:925} INFO - DAG(s) 'pipeline_ville_ideale_complet' retrieved from /opt/airflow/dags/scraping_dag.py
[2026-03-17T21:30:42.218+0000] {logging_mixin.py:190} INFO - [2026-03-17T21:30:42.218+0000] {dag.py:3211} INFO - Sync 1 DAGs
[2026-03-17T21:30:42.243+0000] {logging_mixin.py:190} INFO - [2026-03-17T21:30:42.243+0000] {dag.py:4138} INFO - Setting next_dagrun for pipeline_ville_ideale_complet to 2026-03-17 00:00:00+00:00, run_after=2026-03-18 00:00:00+00:00
[2026-03-17T21:30:42.269+0000] {processor.py:208} INFO - Processing /opt/airflow/dags/scraping_dag.py took 0.264 seconds
[2026-03-17T21:31:12.407+0000] {processor.py:186} INFO - Started process (PID=101) to work on /opt/airflow/dags/scraping_dag.py
[2026-03-17T21:31:12.409+0000] {processor.py:914} INFO - Processing file /opt/airflow/dags/scraping_dag.py for tasks to queue
[2026-03-17T21:31:12.412+0000] {logging_mixin.py:190} INFO - [2026-03-17T21:31:12.412+0000] {dagbag.py:587} INFO - Filling up the DagBag from /opt/airflow/dags/scraping_dag.py
[2026-03-17T21:31:12.560+0000] {processor.py:925} INFO - DAG(s) 'pipeline_ville_ideale_complet' retrieved from /opt/airflow/dags/scraping_dag.py
[2026-03-17T21:31:12.594+0000] {logging_mixin.py:190} INFO - [2026-03-17T21:31:12.594+0000] {dag.py:3211} INFO - Sync 1 DAGs
[2026-03-17T21:31:12.618+0000] {logging_mixin.py:190} INFO - [2026-03-17T21:31:12.618+0000] {dag.py:4138} INFO - Setting next_dagrun for pipeline_ville_ideale_complet to 2026-03-17 00:00:00+00:00, run_after=2026-03-18 00:00:00+00:00
[2026-03-17T21:31:12.654+0000] {processor.py:208} INFO - Processing /opt/airflow/dags/scraping_dag.py took 0.253 seconds
[2026-03-17T21:31:43.116+0000] {processor.py:186} INFO - Started process (PID=102) to work on /opt/airflow/dags/scraping_dag.py
[2026-03-17T21:31:43.117+0000] {processor.py:914} INFO - Processing file /opt/airflow/dags/scraping_dag.py for tasks to queue
[2026-03-17T21:31:43.122+0000] {logging_mixin.py:190} INFO - [2026-03-17T21:31:43.121+0000] {dagbag.py:587} INFO - Filling up the DagBag from /opt/airflow/dags/scraping_dag.py
[2026-03-17T21:31:43.274+0000] {processor.py:925} INFO - DAG(s) 'pipeline_ville_ideale_complet' retrieved from /opt/airflow/dags/scraping_dag.py
[2026-03-17T21:31:43.297+0000] {logging_mixin.py:190} INFO - [2026-03-17T21:31:43.297+0000] {dag.py:3211} INFO - Sync 1 DAGs
[2026-03-17T21:31:43.320+0000] {logging_mixin.py:190} INFO - [2026-03-17T21:31:43.320+0000] {dag.py:4138} INFO - Setting next_dagrun for pipeline_ville_ideale_complet to 2026-03-17 00:00:00+00:00, run_after=2026-03-18 00:00:00+00:00
[2026-03-17T21:31:43.351+0000] {processor.py:208} INFO - Processing /opt/airflow/dags/scraping_dag.py took 0.242 seconds
[2026-03-17T21:32:13.546+0000] {processor.py:186} INFO - Started process (PID=103) to work on /opt/airflow/dags/scraping_dag.py
[2026-03-17T21:32:13.549+0000] {processor.py:914} INFO - Processing file /opt/airflow/dags/scraping_dag.py for tasks to queue
[2026-03-17T21:32:13.554+0000] {logging_mixin.py:190} INFO - [2026-03-17T21:32:13.554+0000] {dagbag.py:587} INFO - Filling up the DagBag from /opt/airflow/dags/scraping_dag.py
[2026-03-17T21:32:13.715+0000] {processor.py:925} INFO - DAG(s) 'pipeline_ville_ideale_complet' retrieved from /opt/airflow/dags/scraping_dag.py
[2026-03-17T21:32:13.742+0000] {logging_mixin.py:190} INFO - [2026-03-17T21:32:13.741+0000] {dag.py:3211} INFO - Sync 1 DAGs
[2026-03-17T21:32:13.765+0000] {logging_mixin.py:190} INFO - [2026-03-17T21:32:13.765+0000] {dag.py:4138} INFO - Setting next_dagrun for pipeline_ville_ideale_complet to 2026-03-17 00:00:00+00:00, run_after=2026-03-18 00:00:00+00:00
[2026-03-17T21:32:13.794+0000] {processor.py:208} INFO - Processing /opt/airflow/dags/scraping_dag.py took 0.256 seconds
[2026-03-17T21:32:44.170+0000] {processor.py:186} INFO - Started process (PID=104) to work on /opt/airflow/dags/scraping_dag.py
[2026-03-17T21:32:44.172+0000] {processor.py:914} INFO - Processing file /opt/airflow/dags/scraping_dag.py for tasks to queue
[2026-03-17T21:32:44.175+0000] {logging_mixin.py:190} INFO - [2026-03-17T21:32:44.175+0000] {dagbag.py:587} INFO - Filling up the DagBag from /opt/airflow/dags/scraping_dag.py
[2026-03-17T21:32:44.344+0000] {processor.py:925} INFO - DAG(s) 'pipeline_ville_ideale_complet' retrieved from /opt/airflow/dags/scraping_dag.py
[2026-03-17T21:32:44.376+0000] {logging_mixin.py:190} INFO - [2026-03-17T21:32:44.375+0000] {dag.py:3211} INFO - Sync 1 DAGs
[2026-03-17T21:32:44.403+0000] {logging_mixin.py:190} INFO - [2026-03-17T21:32:44.403+0000] {dag.py:4138} INFO - Setting next_dagrun for pipeline_ville_ideale_complet to 2026-03-17 00:00:00+00:00, run_after=2026-03-18 00:00:00+00:00
[2026-03-17T21:32:44.426+0000] {processor.py:208} INFO - Processing /opt/airflow/dags/scraping_dag.py took 0.264 seconds
[2026-03-17T21:33:14.648+0000] {processor.py:186} INFO - Started process (PID=105) to work on /opt/airflow/dags/scraping_dag.py
[2026-03-17T21:33:14.651+0000] {processor.py:914} INFO - Processing file /opt/airflow/dags/scraping_dag.py for tasks to queue
[2026-03-17T21:33:14.655+0000] {logging_mixin.py:190} INFO - [2026-03-17T21:33:14.655+0000] {dagbag.py:587} INFO - Filling up the DagBag from /opt/airflow/dags/scraping_dag.py
[2026-03-17T21:33:14.829+0000] {processor.py:925} INFO - DAG(s) 'pipeline_ville_ideale_complet' retrieved from /opt/airflow/dags/scraping_dag.py
[2026-03-17T21:33:14.867+0000] {logging_mixin.py:190} INFO - [2026-03-17T21:33:14.867+0000] {dag.py:3211} INFO - Sync 1 DAGs
[2026-03-17T21:33:14.909+0000] {logging_mixin.py:190} INFO - [2026-03-17T21:33:14.909+0000] {dag.py:4138} INFO - Setting next_dagrun for pipeline_ville_ideale_complet to 2026-03-17 00:00:00+00:00, run_after=2026-03-18 00:00:00+00:00
[2026-03-17T21:33:14.954+0000] {processor.py:208} INFO - Processing /opt/airflow/dags/scraping_dag.py took 0.319 seconds
[2026-03-17T21:33:45.191+0000] {processor.py:186} INFO - Started process (PID=106) to work on /opt/airflow/dags/scraping_dag.py
[2026-03-17T21:33:45.194+0000] {processor.py:914} INFO - Processing file /opt/airflow/dags/scraping_dag.py for tasks to queue
[2026-03-17T21:33:45.198+0000] {logging_mixin.py:190} INFO - [2026-03-17T21:33:45.197+0000] {dagbag.py:587} INFO - Filling up the DagBag from /opt/airflow/dags/scraping_dag.py
[2026-03-17T21:33:45.355+0000] {processor.py:925} INFO - DAG(s) 'pipeline_ville_ideale_complet' retrieved from /opt/airflow/dags/scraping_dag.py
[2026-03-17T21:33:45.378+0000] {logging_mixin.py:190} INFO - [2026-03-17T21:33:45.378+0000] {dag.py:3211} INFO - Sync 1 DAGs
[2026-03-17T21:33:45.402+0000] {logging_mixin.py:190} INFO - [2026-03-17T21:33:45.401+0000] {dag.py:4138} INFO - Setting next_dagrun for pipeline_ville_ideale_complet to 2026-03-17 00:00:00+00:00, run_after=2026-03-18 00:00:00+00:00
[2026-03-17T21:33:45.438+0000] {processor.py:208} INFO - Processing /opt/airflow/dags/scraping_dag.py took 0.257 seconds
[2026-03-17T21:34:15.753+0000] {processor.py:186} INFO - Started process (PID=107) to work on /opt/airflow/dags/scraping_dag.py
[2026-03-17T21:34:15.756+0000] {processor.py:914} INFO - Processing file /opt/airflow/dags/scraping_dag.py for tasks to queue
[2026-03-17T21:34:15.764+0000] {logging_mixin.py:190} INFO - [2026-03-17T21:34:15.763+0000] {dagbag.py:587} INFO - Filling up the DagBag from /opt/airflow/dags/scraping_dag.py
[2026-03-17T21:34:15.996+0000] {processor.py:925} INFO - DAG(s) 'pipeline_ville_ideale_complet' retrieved from /opt/airflow/dags/scraping_dag.py
[2026-03-17T21:34:16.036+0000] {logging_mixin.py:190} INFO - [2026-03-17T21:34:16.035+0000] {dag.py:3211} INFO - Sync 1 DAGs
[2026-03-17T21:34:16.066+0000] {logging_mixin.py:190} INFO - [2026-03-17T21:34:16.065+0000] {dag.py:4138} INFO - Setting next_dagrun for pipeline_ville_ideale_complet to 2026-03-17 00:00:00+00:00, run_after=2026-03-18 00:00:00+00:00
[2026-03-17T21:34:16.098+0000] {processor.py:208} INFO - Processing /opt/airflow/dags/scraping_dag.py took 0.360 seconds
[2026-03-17T21:34:46.262+0000] {processor.py:186} INFO - Started process (PID=108) to work on /opt/airflow/dags/scraping_dag.py
[2026-03-17T21:34:46.264+0000] {processor.py:914} INFO - Processing file /opt/airflow/dags/scraping_dag.py for tasks to queue
[2026-03-17T21:34:46.268+0000] {logging_mixin.py:190} INFO - [2026-03-17T21:34:46.268+0000] {dagbag.py:587} INFO - Filling up the DagBag from /opt/airflow/dags/scraping_dag.py
[2026-03-17T21:34:46.421+0000] {processor.py:925} INFO - DAG(s) 'pipeline_ville_ideale_complet' retrieved from /opt/airflow/dags/scraping_dag.py
[2026-03-17T21:34:46.453+0000] {logging_mixin.py:190} INFO - [2026-03-17T21:34:46.452+0000] {dag.py:3211} INFO - Sync 1 DAGs
[2026-03-17T21:34:46.476+0000] {logging_mixin.py:190} INFO - [2026-03-17T21:34:46.476+0000] {dag.py:4138} INFO - Setting next_dagrun for pipeline_ville_ideale_complet to 2026-03-17 00:00:00+00:00, run_after=2026-03-18 00:00:00+00:00
[2026-03-17T21:34:46.505+0000] {processor.py:208} INFO - Processing /opt/airflow/dags/scraping_dag.py took 0.252 seconds
[2026-03-17T21:35:16.924+0000] {processor.py:186} INFO - Started process (PID=109) to work on /opt/airflow/dags/scraping_dag.py
[2026-03-17T21:35:16.926+0000] {processor.py:914} INFO - Processing file /opt/airflow/dags/scraping_dag.py for tasks to queue
[2026-03-17T21:35:16.929+0000] {logging_mixin.py:190} INFO - [2026-03-17T21:35:16.929+0000] {dagbag.py:587} INFO - Filling up the DagBag from /opt/airflow/dags/scraping_dag.py
[2026-03-17T21:35:17.095+0000] {processor.py:925} INFO - DAG(s) 'pipeline_ville_ideale_complet' retrieved from /opt/airflow/dags/scraping_dag.py
[2026-03-17T21:35:17.120+0000] {logging_mixin.py:190} INFO - [2026-03-17T21:35:17.120+0000] {dag.py:3211} INFO - Sync 1 DAGs
[2026-03-17T21:35:17.143+0000] {logging_mixin.py:190} INFO - [2026-03-17T21:35:17.142+0000] {dag.py:4138} INFO - Setting next_dagrun for pipeline_ville_ideale_complet to 2026-03-17 00:00:00+00:00, run_after=2026-03-18 00:00:00+00:00
[2026-03-17T21:35:17.170+0000] {processor.py:208} INFO - Processing /opt/airflow/dags/scraping_dag.py took 0.255 seconds
[2026-03-17T21:35:45.646+0000] {processor.py:186} INFO - Started process (PID=110) to work on /opt/airflow/dags/scraping_dag.py
[2026-03-17T21:35:45.648+0000] {processor.py:914} INFO - Processing file /opt/airflow/dags/scraping_dag.py for tasks to queue
[2026-03-17T21:35:45.652+0000] {logging_mixin.py:190} INFO - [2026-03-17T21:35:45.652+0000] {dagbag.py:587} INFO - Filling up the DagBag from /opt/airflow/dags/scraping_dag.py
[2026-03-17T21:35:45.872+0000] {logging_mixin.py:190} INFO - [2026-03-17T21:35:45.863+0000] {dagbag.py:386} ERROR - Failed to import: /opt/airflow/dags/scraping_dag.py
Traceback (most recent call last):
  File "/home/airflow/.local/lib/python3.11/site-packages/airflow/models/dagbag.py", line 382, in parse
    loader.exec_module(new_module)
  File "<frozen importlib._bootstrap_external>", line 940, in exec_module
  File "<frozen importlib._bootstrap>", line 241, in _call_with_frames_removed
  File "/opt/airflow/dags/scraping_dag.py", line 93, in <module>
    step2 = PythonOperator(task_id='recuperer_liste_villes', python_callable=task_get_villes_list)
                                                                             ^^^^^^^^^^^^^^^^^^^^
NameError: name 'task_get_villes_list' is not defined
[2026-03-17T21:35:45.874+0000] {processor.py:927} WARNING - No viable dags retrieved from /opt/airflow/dags/scraping_dag.py
[2026-03-17T21:35:45.900+0000] {processor.py:208} INFO - Processing /opt/airflow/dags/scraping_dag.py took 0.264 seconds
[2026-03-17T21:35:47.717+0000] {processor.py:186} INFO - Started process (PID=111) to work on /opt/airflow/dags/scraping_dag.py
[2026-03-17T21:35:47.719+0000] {processor.py:914} INFO - Processing file /opt/airflow/dags/scraping_dag.py for tasks to queue
[2026-03-17T21:35:47.722+0000] {logging_mixin.py:190} INFO - [2026-03-17T21:35:47.722+0000] {dagbag.py:587} INFO - Filling up the DagBag from /opt/airflow/dags/scraping_dag.py
[2026-03-17T21:35:47.896+0000] {processor.py:925} INFO - DAG(s) 'pipeline_ville_ideale_complet' retrieved from /opt/airflow/dags/scraping_dag.py
[2026-03-17T21:35:47.925+0000] {logging_mixin.py:190} INFO - [2026-03-17T21:35:47.924+0000] {dag.py:3211} INFO - Sync 1 DAGs
[2026-03-17T21:35:47.953+0000] {logging_mixin.py:190} INFO - [2026-03-17T21:35:47.953+0000] {dag.py:4138} INFO - Setting next_dagrun for pipeline_ville_ideale_complet to 2026-03-17 00:00:00+00:00, run_after=2026-03-18 00:00:00+00:00
[2026-03-17T21:35:47.995+0000] {processor.py:208} INFO - Processing /opt/airflow/dags/scraping_dag.py took 0.289 seconds
[2026-03-17T21:36:06.243+0000] {processor.py:186} INFO - Started process (PID=112) to work on /opt/airflow/dags/scraping_dag.py
[2026-03-17T21:36:06.245+0000] {processor.py:914} INFO - Processing file /opt/airflow/dags/scraping_dag.py for tasks to queue
[2026-03-17T21:36:06.250+0000] {logging_mixin.py:190} INFO - [2026-03-17T21:36:06.249+0000] {dagbag.py:587} INFO - Filling up the DagBag from /opt/airflow/dags/scraping_dag.py
[2026-03-17T21:36:06.478+0000] {processor.py:925} INFO - DAG(s) 'pipeline_ville_ideale_complet' retrieved from /opt/airflow/dags/scraping_dag.py
[2026-03-17T21:36:06.507+0000] {logging_mixin.py:190} INFO - [2026-03-17T21:36:06.507+0000] {dag.py:3211} INFO - Sync 1 DAGs
[2026-03-17T21:36:06.539+0000] {logging_mixin.py:190} INFO - [2026-03-17T21:36:06.539+0000] {dag.py:4138} INFO - Setting next_dagrun for pipeline_ville_ideale_complet to 2026-03-17 00:00:00+00:00, run_after=2026-03-18 00:00:00+00:00
[2026-03-17T21:36:06.580+0000] {processor.py:208} INFO - Processing /opt/airflow/dags/scraping_dag.py took 0.345 seconds
[2026-03-17T21:36:27.986+0000] {processor.py:186} INFO - Started process (PID=113) to work on /opt/airflow/dags/scraping_dag.py
[2026-03-17T21:36:27.994+0000] {processor.py:914} INFO - Processing file /opt/airflow/dags/scraping_dag.py for tasks to queue
[2026-03-17T21:36:28.002+0000] {logging_mixin.py:190} INFO - [2026-03-17T21:36:28.001+0000] {dagbag.py:587} INFO - Filling up the DagBag from /opt/airflow/dags/scraping_dag.py
[2026-03-17T21:36:28.192+0000] {processor.py:925} INFO - DAG(s) 'pipeline_ville_ideale_complet' retrieved from /opt/airflow/dags/scraping_dag.py
[2026-03-17T21:36:28.231+0000] {logging_mixin.py:190} INFO - [2026-03-17T21:36:28.230+0000] {dag.py:3211} INFO - Sync 1 DAGs
[2026-03-17T21:36:28.258+0000] {logging_mixin.py:190} INFO - [2026-03-17T21:36:28.258+0000] {dag.py:4138} INFO - Setting next_dagrun for pipeline_ville_ideale_complet to 2026-03-17 00:00:00+00:00, run_after=2026-03-18 00:00:00+00:00
[2026-03-17T21:36:28.300+0000] {processor.py:208} INFO - Processing /opt/airflow/dags/scraping_dag.py took 0.337 seconds
[2026-03-17T21:36:58.701+0000] {processor.py:186} INFO - Started process (PID=114) to work on /opt/airflow/dags/scraping_dag.py
[2026-03-17T21:36:58.702+0000] {processor.py:914} INFO - Processing file /opt/airflow/dags/scraping_dag.py for tasks to queue
[2026-03-17T21:36:58.705+0000] {logging_mixin.py:190} INFO - [2026-03-17T21:36:58.705+0000] {dagbag.py:587} INFO - Filling up the DagBag from /opt/airflow/dags/scraping_dag.py
[2026-03-17T21:36:58.858+0000] {processor.py:925} INFO - DAG(s) 'pipeline_ville_ideale_complet' retrieved from /opt/airflow/dags/scraping_dag.py
[2026-03-17T21:36:58.883+0000] {logging_mixin.py:190} INFO - [2026-03-17T21:36:58.883+0000] {dag.py:3211} INFO - Sync 1 DAGs
[2026-03-17T21:36:58.905+0000] {logging_mixin.py:190} INFO - [2026-03-17T21:36:58.905+0000] {dag.py:4138} INFO - Setting next_dagrun for pipeline_ville_ideale_complet to 2026-03-17 00:00:00+00:00, run_after=2026-03-18 00:00:00+00:00
[2026-03-17T21:36:58.930+0000] {processor.py:208} INFO - Processing /opt/airflow/dags/scraping_dag.py took 0.236 seconds
[2026-03-17T21:38:09.948+0000] {processor.py:186} INFO - Started process (PID=52) to work on /opt/airflow/dags/scraping_dag.py
[2026-03-17T21:38:09.950+0000] {processor.py:914} INFO - Processing file /opt/airflow/dags/scraping_dag.py for tasks to queue
[2026-03-17T21:38:09.957+0000] {logging_mixin.py:190} INFO - [2026-03-17T21:38:09.956+0000] {dagbag.py:587} INFO - Filling up the DagBag from /opt/airflow/dags/scraping_dag.py
[2026-03-17T21:38:10.356+0000] {processor.py:925} INFO - DAG(s) 'pipeline_ville_ideale_complet' retrieved from /opt/airflow/dags/scraping_dag.py
[2026-03-17T21:38:10.733+0000] {logging_mixin.py:190} INFO - [2026-03-17T21:38:10.731+0000] {override.py:1858} INFO - Created Permission View: can edit on DAG:pipeline_ville_ideale_complet
[2026-03-17T21:38:10.759+0000] {logging_mixin.py:190} INFO - [2026-03-17T21:38:10.759+0000] {override.py:1858} INFO - Created Permission View: can read on DAG:pipeline_ville_ideale_complet
[2026-03-17T21:38:10.776+0000] {logging_mixin.py:190} INFO - [2026-03-17T21:38:10.776+0000] {override.py:1858} INFO - Created Permission View: can delete on DAG:pipeline_ville_ideale_complet
[2026-03-17T21:38:10.778+0000] {logging_mixin.py:190} INFO - [2026-03-17T21:38:10.778+0000] {dag.py:3211} INFO - Sync 1 DAGs
[2026-03-17T21:38:10.798+0000] {logging_mixin.py:190} INFO - [2026-03-17T21:38:10.797+0000] {dag.py:3234} INFO - Creating ORM DAG for pipeline_ville_ideale_complet
[2026-03-17T21:38:10.821+0000] {logging_mixin.py:190} INFO - [2026-03-17T21:38:10.821+0000] {dag.py:4138} INFO - Setting next_dagrun for pipeline_ville_ideale_complet to 2026-03-16 00:00:00+00:00, run_after=2026-03-17 00:00:00+00:00
[2026-03-17T21:38:10.867+0000] {processor.py:208} INFO - Processing /opt/airflow/dags/scraping_dag.py took 0.926 seconds
[2026-03-17T21:38:41.272+0000] {processor.py:186} INFO - Started process (PID=53) to work on /opt/airflow/dags/scraping_dag.py
[2026-03-17T21:38:41.273+0000] {processor.py:914} INFO - Processing file /opt/airflow/dags/scraping_dag.py for tasks to queue
[2026-03-17T21:38:41.277+0000] {logging_mixin.py:190} INFO - [2026-03-17T21:38:41.277+0000] {dagbag.py:587} INFO - Filling up the DagBag from /opt/airflow/dags/scraping_dag.py
[2026-03-17T21:38:41.469+0000] {processor.py:925} INFO - DAG(s) 'pipeline_ville_ideale_complet' retrieved from /opt/airflow/dags/scraping_dag.py
[2026-03-17T21:38:41.501+0000] {logging_mixin.py:190} INFO - [2026-03-17T21:38:41.501+0000] {dag.py:3211} INFO - Sync 1 DAGs
[2026-03-17T21:38:41.532+0000] {logging_mixin.py:190} INFO - [2026-03-17T21:38:41.532+0000] {dag.py:4138} INFO - Setting next_dagrun for pipeline_ville_ideale_complet to 2026-03-16 00:00:00+00:00, run_after=2026-03-17 00:00:00+00:00
[2026-03-17T21:38:41.560+0000] {processor.py:208} INFO - Processing /opt/airflow/dags/scraping_dag.py took 0.298 seconds
[2026-03-17T21:39:11.659+0000] {processor.py:186} INFO - Started process (PID=58) to work on /opt/airflow/dags/scraping_dag.py
[2026-03-17T21:39:11.661+0000] {processor.py:914} INFO - Processing file /opt/airflow/dags/scraping_dag.py for tasks to queue
[2026-03-17T21:39:11.664+0000] {logging_mixin.py:190} INFO - [2026-03-17T21:39:11.663+0000] {dagbag.py:587} INFO - Filling up the DagBag from /opt/airflow/dags/scraping_dag.py
[2026-03-17T21:39:11.810+0000] {processor.py:925} INFO - DAG(s) 'pipeline_ville_ideale_complet' retrieved from /opt/airflow/dags/scraping_dag.py
[2026-03-17T21:39:11.845+0000] {logging_mixin.py:190} INFO - [2026-03-17T21:39:11.845+0000] {dag.py:3211} INFO - Sync 1 DAGs
[2026-03-17T21:39:12.105+0000] {logging_mixin.py:190} INFO - [2026-03-17T21:39:12.104+0000] {dag.py:4138} INFO - Setting next_dagrun for pipeline_ville_ideale_complet to 2026-03-17 00:00:00+00:00, run_after=2026-03-18 00:00:00+00:00
[2026-03-17T21:39:12.191+0000] {processor.py:208} INFO - Processing /opt/airflow/dags/scraping_dag.py took 0.542 seconds
[2026-03-17T21:39:42.351+0000] {processor.py:186} INFO - Started process (PID=59) to work on /opt/airflow/dags/scraping_dag.py
[2026-03-17T21:39:42.354+0000] {processor.py:914} INFO - Processing file /opt/airflow/dags/scraping_dag.py for tasks to queue
[2026-03-17T21:39:42.358+0000] {logging_mixin.py:190} INFO - [2026-03-17T21:39:42.357+0000] {dagbag.py:587} INFO - Filling up the DagBag from /opt/airflow/dags/scraping_dag.py
[2026-03-17T21:39:42.524+0000] {processor.py:925} INFO - DAG(s) 'pipeline_ville_ideale_complet' retrieved from /opt/airflow/dags/scraping_dag.py
[2026-03-17T21:39:42.558+0000] {logging_mixin.py:190} INFO - [2026-03-17T21:39:42.557+0000] {dag.py:3211} INFO - Sync 1 DAGs
[2026-03-17T21:39:42.582+0000] {logging_mixin.py:190} INFO - [2026-03-17T21:39:42.582+0000] {dag.py:4138} INFO - Setting next_dagrun for pipeline_ville_ideale_complet to 2026-03-17 00:00:00+00:00, run_after=2026-03-18 00:00:00+00:00
[2026-03-17T21:39:42.612+0000] {processor.py:208} INFO - Processing /opt/airflow/dags/scraping_dag.py took 0.271 seconds
[2026-03-17T21:40:13.058+0000] {processor.py:186} INFO - Started process (PID=60) to work on /opt/airflow/dags/scraping_dag.py
[2026-03-17T21:40:13.060+0000] {processor.py:914} INFO - Processing file /opt/airflow/dags/scraping_dag.py for tasks to queue
[2026-03-17T21:40:13.063+0000] {logging_mixin.py:190} INFO - [2026-03-17T21:40:13.062+0000] {dagbag.py:587} INFO - Filling up the DagBag from /opt/airflow/dags/scraping_dag.py
[2026-03-17T21:40:13.225+0000] {processor.py:925} INFO - DAG(s) 'pipeline_ville_ideale_complet' retrieved from /opt/airflow/dags/scraping_dag.py
[2026-03-17T21:40:13.260+0000] {logging_mixin.py:190} INFO - [2026-03-17T21:40:13.259+0000] {dag.py:3211} INFO - Sync 1 DAGs
[2026-03-17T21:40:13.283+0000] {logging_mixin.py:190} INFO - [2026-03-17T21:40:13.283+0000] {dag.py:4138} INFO - Setting next_dagrun for pipeline_ville_ideale_complet to 2026-03-17 00:00:00+00:00, run_after=2026-03-18 00:00:00+00:00
[2026-03-17T21:40:13.310+0000] {processor.py:208} INFO - Processing /opt/airflow/dags/scraping_dag.py took 0.260 seconds
[2026-03-17T21:40:43.502+0000] {processor.py:186} INFO - Started process (PID=61) to work on /opt/airflow/dags/scraping_dag.py
[2026-03-17T21:40:43.504+0000] {processor.py:914} INFO - Processing file /opt/airflow/dags/scraping_dag.py for tasks to queue
[2026-03-17T21:40:43.508+0000] {logging_mixin.py:190} INFO - [2026-03-17T21:40:43.507+0000] {dagbag.py:587} INFO - Filling up the DagBag from /opt/airflow/dags/scraping_dag.py
[2026-03-17T21:40:43.667+0000] {processor.py:925} INFO - DAG(s) 'pipeline_ville_ideale_complet' retrieved from /opt/airflow/dags/scraping_dag.py
[2026-03-17T21:40:43.693+0000] {logging_mixin.py:190} INFO - [2026-03-17T21:40:43.693+0000] {dag.py:3211} INFO - Sync 1 DAGs
[2026-03-17T21:40:43.719+0000] {logging_mixin.py:190} INFO - [2026-03-17T21:40:43.718+0000] {dag.py:4138} INFO - Setting next_dagrun for pipeline_ville_ideale_complet to 2026-03-17 00:00:00+00:00, run_after=2026-03-18 00:00:00+00:00
[2026-03-17T21:40:43.758+0000] {processor.py:208} INFO - Processing /opt/airflow/dags/scraping_dag.py took 0.267 seconds
[2026-03-17T21:41:14.134+0000] {processor.py:186} INFO - Started process (PID=62) to work on /opt/airflow/dags/scraping_dag.py
[2026-03-17T21:41:14.136+0000] {processor.py:914} INFO - Processing file /opt/airflow/dags/scraping_dag.py for tasks to queue
[2026-03-17T21:41:14.141+0000] {logging_mixin.py:190} INFO - [2026-03-17T21:41:14.140+0000] {dagbag.py:587} INFO - Filling up the DagBag from /opt/airflow/dags/scraping_dag.py
[2026-03-17T21:41:14.334+0000] {processor.py:925} INFO - DAG(s) 'pipeline_ville_ideale_complet' retrieved from /opt/airflow/dags/scraping_dag.py
[2026-03-17T21:41:14.370+0000] {logging_mixin.py:190} INFO - [2026-03-17T21:41:14.369+0000] {dag.py:3211} INFO - Sync 1 DAGs
[2026-03-17T21:41:14.396+0000] {logging_mixin.py:190} INFO - [2026-03-17T21:41:14.396+0000] {dag.py:4138} INFO - Setting next_dagrun for pipeline_ville_ideale_complet to 2026-03-17 00:00:00+00:00, run_after=2026-03-18 00:00:00+00:00
[2026-03-17T21:41:14.423+0000] {processor.py:208} INFO - Processing /opt/airflow/dags/scraping_dag.py took 0.301 seconds
[2026-03-17T21:41:44.554+0000] {processor.py:186} INFO - Started process (PID=63) to work on /opt/airflow/dags/scraping_dag.py
[2026-03-17T21:41:44.556+0000] {processor.py:914} INFO - Processing file /opt/airflow/dags/scraping_dag.py for tasks to queue
[2026-03-17T21:41:44.560+0000] {logging_mixin.py:190} INFO - [2026-03-17T21:41:44.559+0000] {dagbag.py:587} INFO - Filling up the DagBag from /opt/airflow/dags/scraping_dag.py
[2026-03-17T21:41:44.721+0000] {processor.py:925} INFO - DAG(s) 'pipeline_ville_ideale_complet' retrieved from /opt/airflow/dags/scraping_dag.py
[2026-03-17T21:41:44.757+0000] {logging_mixin.py:190} INFO - [2026-03-17T21:41:44.757+0000] {dag.py:3211} INFO - Sync 1 DAGs
[2026-03-17T21:41:44.784+0000] {logging_mixin.py:190} INFO - [2026-03-17T21:41:44.784+0000] {dag.py:4138} INFO - Setting next_dagrun for pipeline_ville_ideale_complet to 2026-03-17 00:00:00+00:00, run_after=2026-03-18 00:00:00+00:00
[2026-03-17T21:41:44.815+0000] {processor.py:208} INFO - Processing /opt/airflow/dags/scraping_dag.py took 0.270 seconds
[2026-03-17T21:42:15.272+0000] {processor.py:186} INFO - Started process (PID=64) to work on /opt/airflow/dags/scraping_dag.py
[2026-03-17T21:42:15.284+0000] {processor.py:914} INFO - Processing file /opt/airflow/dags/scraping_dag.py for tasks to queue
[2026-03-17T21:42:15.299+0000] {logging_mixin.py:190} INFO - [2026-03-17T21:42:15.298+0000] {dagbag.py:587} INFO - Filling up the DagBag from /opt/airflow/dags/scraping_dag.py
[2026-03-17T21:42:15.523+0000] {processor.py:925} INFO - DAG(s) 'pipeline_ville_ideale_complet' retrieved from /opt/airflow/dags/scraping_dag.py
[2026-03-17T21:42:15.557+0000] {logging_mixin.py:190} INFO - [2026-03-17T21:42:15.556+0000] {dag.py:3211} INFO - Sync 1 DAGs
[2026-03-17T21:42:15.582+0000] {logging_mixin.py:190} INFO - [2026-03-17T21:42:15.582+0000] {dag.py:4138} INFO - Setting next_dagrun for pipeline_ville_ideale_complet to 2026-03-17 00:00:00+00:00, run_after=2026-03-18 00:00:00+00:00
[2026-03-17T21:42:15.604+0000] {processor.py:208} INFO - Processing /opt/airflow/dags/scraping_dag.py took 0.365 seconds
[2026-03-17T21:42:45.973+0000] {processor.py:186} INFO - Started process (PID=65) to work on /opt/airflow/dags/scraping_dag.py
[2026-03-17T21:42:45.976+0000] {processor.py:914} INFO - Processing file /opt/airflow/dags/scraping_dag.py for tasks to queue
[2026-03-17T21:42:45.981+0000] {logging_mixin.py:190} INFO - [2026-03-17T21:42:45.980+0000] {dagbag.py:587} INFO - Filling up the DagBag from /opt/airflow/dags/scraping_dag.py
[2026-03-17T21:42:46.142+0000] {processor.py:925} INFO - DAG(s) 'pipeline_ville_ideale_complet' retrieved from /opt/airflow/dags/scraping_dag.py
[2026-03-17T21:42:46.167+0000] {logging_mixin.py:190} INFO - [2026-03-17T21:42:46.166+0000] {dag.py:3211} INFO - Sync 1 DAGs
[2026-03-17T21:42:46.187+0000] {logging_mixin.py:190} INFO - [2026-03-17T21:42:46.187+0000] {dag.py:4138} INFO - Setting next_dagrun for pipeline_ville_ideale_complet to 2026-03-17 00:00:00+00:00, run_after=2026-03-18 00:00:00+00:00
[2026-03-17T21:42:46.214+0000] {processor.py:208} INFO - Processing /opt/airflow/dags/scraping_dag.py took 0.250 seconds
[2026-03-17T21:43:16.470+0000] {processor.py:186} INFO - Started process (PID=66) to work on /opt/airflow/dags/scraping_dag.py
[2026-03-17T21:43:16.472+0000] {processor.py:914} INFO - Processing file /opt/airflow/dags/scraping_dag.py for tasks to queue
[2026-03-17T21:43:16.476+0000] {logging_mixin.py:190} INFO - [2026-03-17T21:43:16.475+0000] {dagbag.py:587} INFO - Filling up the DagBag from /opt/airflow/dags/scraping_dag.py
[2026-03-17T21:43:16.629+0000] {processor.py:925} INFO - DAG(s) 'pipeline_ville_ideale_complet' retrieved from /opt/airflow/dags/scraping_dag.py
[2026-03-17T21:43:16.653+0000] {logging_mixin.py:190} INFO - [2026-03-17T21:43:16.653+0000] {dag.py:3211} INFO - Sync 1 DAGs
[2026-03-17T21:43:16.680+0000] {logging_mixin.py:190} INFO - [2026-03-17T21:43:16.680+0000] {dag.py:4138} INFO - Setting next_dagrun for pipeline_ville_ideale_complet to 2026-03-17 00:00:00+00:00, run_after=2026-03-18 00:00:00+00:00
[2026-03-17T21:43:16.716+0000] {processor.py:208} INFO - Processing /opt/airflow/dags/scraping_dag.py took 0.255 seconds
[2026-03-17T21:43:47.022+0000] {processor.py:186} INFO - Started process (PID=67) to work on /opt/airflow/dags/scraping_dag.py
[2026-03-17T21:43:47.024+0000] {processor.py:914} INFO - Processing file /opt/airflow/dags/scraping_dag.py for tasks to queue
[2026-03-17T21:43:47.029+0000] {logging_mixin.py:190} INFO - [2026-03-17T21:43:47.029+0000] {dagbag.py:587} INFO - Filling up the DagBag from /opt/airflow/dags/scraping_dag.py
[2026-03-17T21:43:47.200+0000] {processor.py:925} INFO - DAG(s) 'pipeline_ville_ideale_complet' retrieved from /opt/airflow/dags/scraping_dag.py
[2026-03-17T21:43:47.232+0000] {logging_mixin.py:190} INFO - [2026-03-17T21:43:47.231+0000] {dag.py:3211} INFO - Sync 1 DAGs
[2026-03-17T21:43:47.260+0000] {logging_mixin.py:190} INFO - [2026-03-17T21:43:47.259+0000] {dag.py:4138} INFO - Setting next_dagrun for pipeline_ville_ideale_complet to 2026-03-17 00:00:00+00:00, run_after=2026-03-18 00:00:00+00:00
[2026-03-17T21:43:47.296+0000] {processor.py:208} INFO - Processing /opt/airflow/dags/scraping_dag.py took 0.285 seconds
[2026-03-17T21:44:10.722+0000] {processor.py:186} INFO - Started process (PID=68) to work on /opt/airflow/dags/scraping_dag.py
[2026-03-17T21:44:10.724+0000] {processor.py:914} INFO - Processing file /opt/airflow/dags/scraping_dag.py for tasks to queue
[2026-03-17T21:44:10.731+0000] {logging_mixin.py:190} INFO - [2026-03-17T21:44:10.731+0000] {dagbag.py:587} INFO - Filling up the DagBag from /opt/airflow/dags/scraping_dag.py
[2026-03-17T21:44:10.907+0000] {processor.py:925} INFO - DAG(s) 'pipeline_ville_ideale_complet' retrieved from /opt/airflow/dags/scraping_dag.py
[2026-03-17T21:44:10.931+0000] {logging_mixin.py:190} INFO - [2026-03-17T21:44:10.930+0000] {dag.py:3211} INFO - Sync 1 DAGs
[2026-03-17T21:44:10.951+0000] {logging_mixin.py:190} INFO - [2026-03-17T21:44:10.951+0000] {dag.py:4138} INFO - Setting next_dagrun for pipeline_ville_ideale_complet to 2026-03-17 00:00:00+00:00, run_after=2026-03-18 00:00:00+00:00
[2026-03-17T21:44:10.984+0000] {processor.py:208} INFO - Processing /opt/airflow/dags/scraping_dag.py took 0.269 seconds
[2026-03-17T21:44:26.967+0000] {processor.py:186} INFO - Started process (PID=69) to work on /opt/airflow/dags/scraping_dag.py
[2026-03-17T21:44:26.969+0000] {processor.py:914} INFO - Processing file /opt/airflow/dags/scraping_dag.py for tasks to queue
[2026-03-17T21:44:26.974+0000] {logging_mixin.py:190} INFO - [2026-03-17T21:44:26.974+0000] {dagbag.py:587} INFO - Filling up the DagBag from /opt/airflow/dags/scraping_dag.py
[2026-03-17T21:44:27.180+0000] {processor.py:925} INFO - DAG(s) 'pipeline_ville_ideale_complet' retrieved from /opt/airflow/dags/scraping_dag.py
[2026-03-17T21:44:27.213+0000] {logging_mixin.py:190} INFO - [2026-03-17T21:44:27.212+0000] {dag.py:3211} INFO - Sync 1 DAGs
[2026-03-17T21:44:27.248+0000] {logging_mixin.py:190} INFO - [2026-03-17T21:44:27.248+0000] {dag.py:4138} INFO - Setting next_dagrun for pipeline_ville_ideale_complet to 2026-03-17 00:00:00+00:00, run_after=2026-03-18 00:00:00+00:00
[2026-03-17T21:44:27.283+0000] {processor.py:208} INFO - Processing /opt/airflow/dags/scraping_dag.py took 0.325 seconds
[2026-03-17T21:44:28.309+0000] {processor.py:186} INFO - Started process (PID=70) to work on /opt/airflow/dags/scraping_dag.py
[2026-03-17T21:44:28.312+0000] {processor.py:914} INFO - Processing file /opt/airflow/dags/scraping_dag.py for tasks to queue
[2026-03-17T21:44:28.318+0000] {logging_mixin.py:190} INFO - [2026-03-17T21:44:28.317+0000] {dagbag.py:587} INFO - Filling up the DagBag from /opt/airflow/dags/scraping_dag.py
[2026-03-17T21:44:28.562+0000] {processor.py:925} INFO - DAG(s) 'pipeline_ville_ideale_complet' retrieved from /opt/airflow/dags/scraping_dag.py
[2026-03-17T21:44:28.599+0000] {logging_mixin.py:190} INFO - [2026-03-17T21:44:28.599+0000] {dag.py:3211} INFO - Sync 1 DAGs
[2026-03-17T21:44:28.647+0000] {logging_mixin.py:190} INFO - [2026-03-17T21:44:28.647+0000] {dag.py:4138} INFO - Setting next_dagrun for pipeline_ville_ideale_complet to 2026-03-17 00:00:00+00:00, run_after=2026-03-18 00:00:00+00:00
[2026-03-17T21:44:28.704+0000] {processor.py:208} INFO - Processing /opt/airflow/dags/scraping_dag.py took 0.410 seconds
[2026-03-17T21:45:31.135+0000] {processor.py:186} INFO - Started process (PID=52) to work on /opt/airflow/dags/scraping_dag.py
[2026-03-17T21:45:31.137+0000] {processor.py:914} INFO - Processing file /opt/airflow/dags/scraping_dag.py for tasks to queue
[2026-03-17T21:45:31.142+0000] {logging_mixin.py:190} INFO - [2026-03-17T21:45:31.141+0000] {dagbag.py:587} INFO - Filling up the DagBag from /opt/airflow/dags/scraping_dag.py
[2026-03-17T21:45:31.482+0000] {processor.py:925} INFO - DAG(s) 'pipeline_ville_ideale_complet' retrieved from /opt/airflow/dags/scraping_dag.py
[2026-03-17T21:45:31.823+0000] {logging_mixin.py:190} INFO - [2026-03-17T21:45:31.822+0000] {override.py:1858} INFO - Created Permission View: can delete on DAG:pipeline_ville_ideale_complet
[2026-03-17T21:45:31.846+0000] {logging_mixin.py:190} INFO - [2026-03-17T21:45:31.846+0000] {override.py:1858} INFO - Created Permission View: can edit on DAG:pipeline_ville_ideale_complet
[2026-03-17T21:45:31.863+0000] {logging_mixin.py:190} INFO - [2026-03-17T21:45:31.862+0000] {override.py:1858} INFO - Created Permission View: can read on DAG:pipeline_ville_ideale_complet
[2026-03-17T21:45:31.865+0000] {logging_mixin.py:190} INFO - [2026-03-17T21:45:31.864+0000] {dag.py:3211} INFO - Sync 1 DAGs
[2026-03-17T21:45:31.890+0000] {logging_mixin.py:190} INFO - [2026-03-17T21:45:31.889+0000] {dag.py:3234} INFO - Creating ORM DAG for pipeline_ville_ideale_complet
[2026-03-17T21:45:31.912+0000] {logging_mixin.py:190} INFO - [2026-03-17T21:45:31.912+0000] {dag.py:4138} INFO - Setting next_dagrun for pipeline_ville_ideale_complet to 2026-03-16 00:00:00+00:00, run_after=2026-03-17 00:00:00+00:00
[2026-03-17T21:45:31.958+0000] {processor.py:208} INFO - Processing /opt/airflow/dags/scraping_dag.py took 0.832 seconds
[2026-03-17T21:46:02.341+0000] {processor.py:186} INFO - Started process (PID=53) to work on /opt/airflow/dags/scraping_dag.py
[2026-03-17T21:46:02.344+0000] {processor.py:914} INFO - Processing file /opt/airflow/dags/scraping_dag.py for tasks to queue
[2026-03-17T21:46:02.350+0000] {logging_mixin.py:190} INFO - [2026-03-17T21:46:02.349+0000] {dagbag.py:587} INFO - Filling up the DagBag from /opt/airflow/dags/scraping_dag.py
[2026-03-17T21:46:02.533+0000] {processor.py:925} INFO - DAG(s) 'pipeline_ville_ideale_complet' retrieved from /opt/airflow/dags/scraping_dag.py
[2026-03-17T21:46:02.560+0000] {logging_mixin.py:190} INFO - [2026-03-17T21:46:02.560+0000] {dag.py:3211} INFO - Sync 1 DAGs
[2026-03-17T21:46:02.588+0000] {logging_mixin.py:190} INFO - [2026-03-17T21:46:02.588+0000] {dag.py:4138} INFO - Setting next_dagrun for pipeline_ville_ideale_complet to 2026-03-16 00:00:00+00:00, run_after=2026-03-17 00:00:00+00:00
[2026-03-17T21:46:02.630+0000] {processor.py:208} INFO - Processing /opt/airflow/dags/scraping_dag.py took 0.298 seconds
[2026-03-17T21:46:32.840+0000] {processor.py:186} INFO - Started process (PID=54) to work on /opt/airflow/dags/scraping_dag.py
[2026-03-17T21:46:32.842+0000] {processor.py:914} INFO - Processing file /opt/airflow/dags/scraping_dag.py for tasks to queue
[2026-03-17T21:46:32.846+0000] {logging_mixin.py:190} INFO - [2026-03-17T21:46:32.846+0000] {dagbag.py:587} INFO - Filling up the DagBag from /opt/airflow/dags/scraping_dag.py
[2026-03-17T21:46:33.019+0000] {processor.py:925} INFO - DAG(s) 'pipeline_ville_ideale_complet' retrieved from /opt/airflow/dags/scraping_dag.py
[2026-03-17T21:46:33.048+0000] {logging_mixin.py:190} INFO - [2026-03-17T21:46:33.047+0000] {dag.py:3211} INFO - Sync 1 DAGs
[2026-03-17T21:46:33.074+0000] {logging_mixin.py:190} INFO - [2026-03-17T21:46:33.073+0000] {dag.py:4138} INFO - Setting next_dagrun for pipeline_ville_ideale_complet to 2026-03-17 00:00:00+00:00, run_after=2026-03-18 00:00:00+00:00
[2026-03-17T21:46:33.101+0000] {processor.py:208} INFO - Processing /opt/airflow/dags/scraping_dag.py took 0.276 seconds
[2026-03-17T21:47:03.438+0000] {processor.py:186} INFO - Started process (PID=55) to work on /opt/airflow/dags/scraping_dag.py
[2026-03-17T21:47:03.441+0000] {processor.py:914} INFO - Processing file /opt/airflow/dags/scraping_dag.py for tasks to queue
[2026-03-17T21:47:03.447+0000] {logging_mixin.py:190} INFO - [2026-03-17T21:47:03.446+0000] {dagbag.py:587} INFO - Filling up the DagBag from /opt/airflow/dags/scraping_dag.py
[2026-03-17T21:47:03.635+0000] {processor.py:925} INFO - DAG(s) 'pipeline_ville_ideale_complet' retrieved from /opt/airflow/dags/scraping_dag.py
[2026-03-17T21:47:03.678+0000] {logging_mixin.py:190} INFO - [2026-03-17T21:47:03.677+0000] {dag.py:3211} INFO - Sync 1 DAGs
[2026-03-17T21:47:03.710+0000] {logging_mixin.py:190} INFO - [2026-03-17T21:47:03.709+0000] {dag.py:4138} INFO - Setting next_dagrun for pipeline_ville_ideale_complet to 2026-03-17 00:00:00+00:00, run_after=2026-03-18 00:00:00+00:00
[2026-03-17T21:47:03.740+0000] {processor.py:208} INFO - Processing /opt/airflow/dags/scraping_dag.py took 0.318 seconds
[2026-03-17T21:47:33.915+0000] {processor.py:186} INFO - Started process (PID=56) to work on /opt/airflow/dags/scraping_dag.py
[2026-03-17T21:47:33.917+0000] {processor.py:914} INFO - Processing file /opt/airflow/dags/scraping_dag.py for tasks to queue
[2026-03-17T21:47:33.922+0000] {logging_mixin.py:190} INFO - [2026-03-17T21:47:33.921+0000] {dagbag.py:587} INFO - Filling up the DagBag from /opt/airflow/dags/scraping_dag.py
[2026-03-17T21:47:34.108+0000] {processor.py:925} INFO - DAG(s) 'pipeline_ville_ideale_complet' retrieved from /opt/airflow/dags/scraping_dag.py
[2026-03-17T21:47:34.138+0000] {logging_mixin.py:190} INFO - [2026-03-17T21:47:34.138+0000] {dag.py:3211} INFO - Sync 1 DAGs
[2026-03-17T21:47:34.162+0000] {logging_mixin.py:190} INFO - [2026-03-17T21:47:34.162+0000] {dag.py:4138} INFO - Setting next_dagrun for pipeline_ville_ideale_complet to 2026-03-17 00:00:00+00:00, run_after=2026-03-18 00:00:00+00:00
[2026-03-17T21:47:34.192+0000] {processor.py:208} INFO - Processing /opt/airflow/dags/scraping_dag.py took 0.288 seconds
[2026-03-17T21:48:04.591+0000] {processor.py:186} INFO - Started process (PID=57) to work on /opt/airflow/dags/scraping_dag.py
[2026-03-17T21:48:04.592+0000] {processor.py:914} INFO - Processing file /opt/airflow/dags/scraping_dag.py for tasks to queue
[2026-03-17T21:48:04.596+0000] {logging_mixin.py:190} INFO - [2026-03-17T21:48:04.596+0000] {dagbag.py:587} INFO - Filling up the DagBag from /opt/airflow/dags/scraping_dag.py
[2026-03-17T21:48:04.754+0000] {processor.py:925} INFO - DAG(s) 'pipeline_ville_ideale_complet' retrieved from /opt/airflow/dags/scraping_dag.py
[2026-03-17T21:48:04.781+0000] {logging_mixin.py:190} INFO - [2026-03-17T21:48:04.780+0000] {dag.py:3211} INFO - Sync 1 DAGs
[2026-03-17T21:48:04.805+0000] {logging_mixin.py:190} INFO - [2026-03-17T21:48:04.805+0000] {dag.py:4138} INFO - Setting next_dagrun for pipeline_ville_ideale_complet to 2026-03-17 00:00:00+00:00, run_after=2026-03-18 00:00:00+00:00
[2026-03-17T21:48:04.830+0000] {processor.py:208} INFO - Processing /opt/airflow/dags/scraping_dag.py took 0.244 seconds
[2026-03-17T21:48:35.045+0000] {processor.py:186} INFO - Started process (PID=58) to work on /opt/airflow/dags/scraping_dag.py
[2026-03-17T21:48:35.047+0000] {processor.py:914} INFO - Processing file /opt/airflow/dags/scraping_dag.py for tasks to queue
[2026-03-17T21:48:35.051+0000] {logging_mixin.py:190} INFO - [2026-03-17T21:48:35.051+0000] {dagbag.py:587} INFO - Filling up the DagBag from /opt/airflow/dags/scraping_dag.py
[2026-03-17T21:48:35.221+0000] {processor.py:925} INFO - DAG(s) 'pipeline_ville_ideale_complet' retrieved from /opt/airflow/dags/scraping_dag.py
[2026-03-17T21:48:35.253+0000] {logging_mixin.py:190} INFO - [2026-03-17T21:48:35.252+0000] {dag.py:3211} INFO - Sync 1 DAGs
[2026-03-17T21:48:35.279+0000] {logging_mixin.py:190} INFO - [2026-03-17T21:48:35.278+0000] {dag.py:4138} INFO - Setting next_dagrun for pipeline_ville_ideale_complet to 2026-03-17 00:00:00+00:00, run_after=2026-03-18 00:00:00+00:00
[2026-03-17T21:48:35.303+0000] {processor.py:208} INFO - Processing /opt/airflow/dags/scraping_dag.py took 0.270 seconds
[2026-03-17T21:49:05.622+0000] {processor.py:186} INFO - Started process (PID=59) to work on /opt/airflow/dags/scraping_dag.py
[2026-03-17T21:49:05.625+0000] {processor.py:914} INFO - Processing file /opt/airflow/dags/scraping_dag.py for tasks to queue
[2026-03-17T21:49:05.629+0000] {logging_mixin.py:190} INFO - [2026-03-17T21:49:05.629+0000] {dagbag.py:587} INFO - Filling up the DagBag from /opt/airflow/dags/scraping_dag.py
[2026-03-17T21:49:05.800+0000] {processor.py:925} INFO - DAG(s) 'pipeline_ville_ideale_complet' retrieved from /opt/airflow/dags/scraping_dag.py
[2026-03-17T21:49:05.830+0000] {logging_mixin.py:190} INFO - [2026-03-17T21:49:05.830+0000] {dag.py:3211} INFO - Sync 1 DAGs
[2026-03-17T21:49:05.865+0000] {logging_mixin.py:190} INFO - [2026-03-17T21:49:05.864+0000] {dag.py:4138} INFO - Setting next_dagrun for pipeline_ville_ideale_complet to 2026-03-17 00:00:00+00:00, run_after=2026-03-18 00:00:00+00:00
[2026-03-17T21:49:05.895+0000] {processor.py:208} INFO - Processing /opt/airflow/dags/scraping_dag.py took 0.283 seconds
[2026-03-17T21:49:36.101+0000] {processor.py:186} INFO - Started process (PID=60) to work on /opt/airflow/dags/scraping_dag.py
[2026-03-17T21:49:36.103+0000] {processor.py:914} INFO - Processing file /opt/airflow/dags/scraping_dag.py for tasks to queue
[2026-03-17T21:49:36.107+0000] {logging_mixin.py:190} INFO - [2026-03-17T21:49:36.107+0000] {dagbag.py:587} INFO - Filling up the DagBag from /opt/airflow/dags/scraping_dag.py
[2026-03-17T21:49:36.253+0000] {processor.py:925} INFO - DAG(s) 'pipeline_ville_ideale_complet' retrieved from /opt/airflow/dags/scraping_dag.py
[2026-03-17T21:49:36.279+0000] {logging_mixin.py:190} INFO - [2026-03-17T21:49:36.278+0000] {dag.py:3211} INFO - Sync 1 DAGs
[2026-03-17T21:49:36.299+0000] {logging_mixin.py:190} INFO - [2026-03-17T21:49:36.299+0000] {dag.py:4138} INFO - Setting next_dagrun for pipeline_ville_ideale_complet to 2026-03-17 00:00:00+00:00, run_after=2026-03-18 00:00:00+00:00
[2026-03-17T21:49:36.328+0000] {processor.py:208} INFO - Processing /opt/airflow/dags/scraping_dag.py took 0.233 seconds
[2026-03-17T21:50:06.653+0000] {processor.py:186} INFO - Started process (PID=61) to work on /opt/airflow/dags/scraping_dag.py
[2026-03-17T21:50:06.656+0000] {processor.py:914} INFO - Processing file /opt/airflow/dags/scraping_dag.py for tasks to queue
[2026-03-17T21:50:06.664+0000] {logging_mixin.py:190} INFO - [2026-03-17T21:50:06.663+0000] {dagbag.py:587} INFO - Filling up the DagBag from /opt/airflow/dags/scraping_dag.py
[2026-03-17T21:50:06.860+0000] {processor.py:925} INFO - DAG(s) 'pipeline_ville_ideale_complet' retrieved from /opt/airflow/dags/scraping_dag.py
[2026-03-17T21:50:06.885+0000] {logging_mixin.py:190} INFO - [2026-03-17T21:50:06.884+0000] {dag.py:3211} INFO - Sync 1 DAGs
[2026-03-17T21:50:06.909+0000] {logging_mixin.py:190} INFO - [2026-03-17T21:50:06.908+0000] {dag.py:4138} INFO - Setting next_dagrun for pipeline_ville_ideale_complet to 2026-03-17 00:00:00+00:00, run_after=2026-03-18 00:00:00+00:00
[2026-03-17T21:50:06.936+0000] {processor.py:208} INFO - Processing /opt/airflow/dags/scraping_dag.py took 0.298 seconds
[2026-03-17T21:50:37.179+0000] {processor.py:186} INFO - Started process (PID=62) to work on /opt/airflow/dags/scraping_dag.py
[2026-03-17T21:50:37.181+0000] {processor.py:914} INFO - Processing file /opt/airflow/dags/scraping_dag.py for tasks to queue
[2026-03-17T21:50:37.188+0000] {logging_mixin.py:190} INFO - [2026-03-17T21:50:37.187+0000] {dagbag.py:587} INFO - Filling up the DagBag from /opt/airflow/dags/scraping_dag.py
[2026-03-17T21:50:37.371+0000] {processor.py:925} INFO - DAG(s) 'pipeline_ville_ideale_complet' retrieved from /opt/airflow/dags/scraping_dag.py
[2026-03-17T21:50:37.402+0000] {logging_mixin.py:190} INFO - [2026-03-17T21:50:37.401+0000] {dag.py:3211} INFO - Sync 1 DAGs
[2026-03-17T21:50:37.430+0000] {logging_mixin.py:190} INFO - [2026-03-17T21:50:37.430+0000] {dag.py:4138} INFO - Setting next_dagrun for pipeline_ville_ideale_complet to 2026-03-17 00:00:00+00:00, run_after=2026-03-18 00:00:00+00:00
[2026-03-17T21:50:37.467+0000] {processor.py:208} INFO - Processing /opt/airflow/dags/scraping_dag.py took 0.301 seconds
[2026-03-17T21:51:07.730+0000] {processor.py:186} INFO - Started process (PID=63) to work on /opt/airflow/dags/scraping_dag.py
[2026-03-17T21:51:07.733+0000] {processor.py:914} INFO - Processing file /opt/airflow/dags/scraping_dag.py for tasks to queue
[2026-03-17T21:51:07.736+0000] {logging_mixin.py:190} INFO - [2026-03-17T21:51:07.736+0000] {dagbag.py:587} INFO - Filling up the DagBag from /opt/airflow/dags/scraping_dag.py
[2026-03-17T21:51:07.924+0000] {processor.py:925} INFO - DAG(s) 'pipeline_ville_ideale_complet' retrieved from /opt/airflow/dags/scraping_dag.py
[2026-03-17T21:51:07.968+0000] {logging_mixin.py:190} INFO - [2026-03-17T21:51:07.968+0000] {dag.py:3211} INFO - Sync 1 DAGs
[2026-03-17T21:51:07.994+0000] {logging_mixin.py:190} INFO - [2026-03-17T21:51:07.994+0000] {dag.py:4138} INFO - Setting next_dagrun for pipeline_ville_ideale_complet to 2026-03-17 00:00:00+00:00, run_after=2026-03-18 00:00:00+00:00
[2026-03-17T21:51:08.024+0000] {processor.py:208} INFO - Processing /opt/airflow/dags/scraping_dag.py took 0.303 seconds
[2026-03-17T21:51:38.249+0000] {processor.py:186} INFO - Started process (PID=64) to work on /opt/airflow/dags/scraping_dag.py
[2026-03-17T21:51:38.252+0000] {processor.py:914} INFO - Processing file /opt/airflow/dags/scraping_dag.py for tasks to queue
[2026-03-17T21:51:38.256+0000] {logging_mixin.py:190} INFO - [2026-03-17T21:51:38.255+0000] {dagbag.py:587} INFO - Filling up the DagBag from /opt/airflow/dags/scraping_dag.py
[2026-03-17T21:51:38.443+0000] {processor.py:925} INFO - DAG(s) 'pipeline_ville_ideale_complet' retrieved from /opt/airflow/dags/scraping_dag.py
[2026-03-17T21:51:38.469+0000] {logging_mixin.py:190} INFO - [2026-03-17T21:51:38.469+0000] {dag.py:3211} INFO - Sync 1 DAGs
[2026-03-17T21:51:38.492+0000] {logging_mixin.py:190} INFO - [2026-03-17T21:51:38.492+0000] {dag.py:4138} INFO - Setting next_dagrun for pipeline_ville_ideale_complet to 2026-03-17 00:00:00+00:00, run_after=2026-03-18 00:00:00+00:00
[2026-03-17T21:51:38.522+0000] {processor.py:208} INFO - Processing /opt/airflow/dags/scraping_dag.py took 0.282 seconds
[2026-03-17T21:52:08.817+0000] {processor.py:186} INFO - Started process (PID=65) to work on /opt/airflow/dags/scraping_dag.py
[2026-03-17T21:52:08.819+0000] {processor.py:914} INFO - Processing file /opt/airflow/dags/scraping_dag.py for tasks to queue
[2026-03-17T21:52:08.823+0000] {logging_mixin.py:190} INFO - [2026-03-17T21:52:08.822+0000] {dagbag.py:587} INFO - Filling up the DagBag from /opt/airflow/dags/scraping_dag.py
[2026-03-17T21:52:08.992+0000] {processor.py:925} INFO - DAG(s) 'pipeline_ville_ideale_complet' retrieved from /opt/airflow/dags/scraping_dag.py
[2026-03-17T21:52:09.024+0000] {logging_mixin.py:190} INFO - [2026-03-17T21:52:09.023+0000] {dag.py:3211} INFO - Sync 1 DAGs
[2026-03-17T21:52:09.051+0000] {logging_mixin.py:190} INFO - [2026-03-17T21:52:09.051+0000] {dag.py:4138} INFO - Setting next_dagrun for pipeline_ville_ideale_complet to 2026-03-17 00:00:00+00:00, run_after=2026-03-18 00:00:00+00:00
[2026-03-17T21:52:09.092+0000] {processor.py:208} INFO - Processing /opt/airflow/dags/scraping_dag.py took 0.285 seconds
[2026-03-17T21:52:39.336+0000] {processor.py:186} INFO - Started process (PID=66) to work on /opt/airflow/dags/scraping_dag.py
[2026-03-17T21:52:39.338+0000] {processor.py:914} INFO - Processing file /opt/airflow/dags/scraping_dag.py for tasks to queue
[2026-03-17T21:52:39.341+0000] {logging_mixin.py:190} INFO - [2026-03-17T21:52:39.340+0000] {dagbag.py:587} INFO - Filling up the DagBag from /opt/airflow/dags/scraping_dag.py
[2026-03-17T21:52:39.522+0000] {processor.py:925} INFO - DAG(s) 'pipeline_ville_ideale_complet' retrieved from /opt/airflow/dags/scraping_dag.py
[2026-03-17T21:52:39.553+0000] {logging_mixin.py:190} INFO - [2026-03-17T21:52:39.553+0000] {dag.py:3211} INFO - Sync 1 DAGs
[2026-03-17T21:52:39.583+0000] {logging_mixin.py:190} INFO - [2026-03-17T21:52:39.583+0000] {dag.py:4138} INFO - Setting next_dagrun for pipeline_ville_ideale_complet to 2026-03-17 00:00:00+00:00, run_after=2026-03-18 00:00:00+00:00
[2026-03-17T21:52:39.610+0000] {processor.py:208} INFO - Processing /opt/airflow/dags/scraping_dag.py took 0.286 seconds
[2026-03-17T21:53:09.877+0000] {processor.py:186} INFO - Started process (PID=67) to work on /opt/airflow/dags/scraping_dag.py
[2026-03-17T21:53:09.879+0000] {processor.py:914} INFO - Processing file /opt/airflow/dags/scraping_dag.py for tasks to queue
[2026-03-17T21:53:09.884+0000] {logging_mixin.py:190} INFO - [2026-03-17T21:53:09.883+0000] {dagbag.py:587} INFO - Filling up the DagBag from /opt/airflow/dags/scraping_dag.py
[2026-03-17T21:53:10.043+0000] {processor.py:925} INFO - DAG(s) 'pipeline_ville_ideale_complet' retrieved from /opt/airflow/dags/scraping_dag.py
[2026-03-17T21:53:10.068+0000] {logging_mixin.py:190} INFO - [2026-03-17T21:53:10.068+0000] {dag.py:3211} INFO - Sync 1 DAGs
[2026-03-17T21:53:10.090+0000] {logging_mixin.py:190} INFO - [2026-03-17T21:53:10.090+0000] {dag.py:4138} INFO - Setting next_dagrun for pipeline_ville_ideale_complet to 2026-03-17 00:00:00+00:00, run_after=2026-03-18 00:00:00+00:00
[2026-03-17T21:53:10.114+0000] {processor.py:208} INFO - Processing /opt/airflow/dags/scraping_dag.py took 0.249 seconds
[2026-03-17T21:53:40.361+0000] {processor.py:186} INFO - Started process (PID=68) to work on /opt/airflow/dags/scraping_dag.py
[2026-03-17T21:53:40.363+0000] {processor.py:914} INFO - Processing file /opt/airflow/dags/scraping_dag.py for tasks to queue
[2026-03-17T21:53:40.366+0000] {logging_mixin.py:190} INFO - [2026-03-17T21:53:40.366+0000] {dagbag.py:587} INFO - Filling up the DagBag from /opt/airflow/dags/scraping_dag.py
[2026-03-17T21:53:40.542+0000] {processor.py:925} INFO - DAG(s) 'pipeline_ville_ideale_complet' retrieved from /opt/airflow/dags/scraping_dag.py
[2026-03-17T21:53:40.579+0000] {logging_mixin.py:190} INFO - [2026-03-17T21:53:40.578+0000] {dag.py:3211} INFO - Sync 1 DAGs
[2026-03-17T21:53:40.605+0000] {logging_mixin.py:190} INFO - [2026-03-17T21:53:40.605+0000] {dag.py:4138} INFO - Setting next_dagrun for pipeline_ville_ideale_complet to 2026-03-17 00:00:00+00:00, run_after=2026-03-18 00:00:00+00:00
[2026-03-17T21:53:40.639+0000] {processor.py:208} INFO - Processing /opt/airflow/dags/scraping_dag.py took 0.290 seconds
[2026-03-17T21:54:10.861+0000] {processor.py:186} INFO - Started process (PID=69) to work on /opt/airflow/dags/scraping_dag.py
[2026-03-17T21:54:10.863+0000] {processor.py:914} INFO - Processing file /opt/airflow/dags/scraping_dag.py for tasks to queue
[2026-03-17T21:54:10.866+0000] {logging_mixin.py:190} INFO - [2026-03-17T21:54:10.866+0000] {dagbag.py:587} INFO - Filling up the DagBag from /opt/airflow/dags/scraping_dag.py
[2026-03-17T21:54:11.022+0000] {processor.py:925} INFO - DAG(s) 'pipeline_ville_ideale_complet' retrieved from /opt/airflow/dags/scraping_dag.py
[2026-03-17T21:54:11.044+0000] {logging_mixin.py:190} INFO - [2026-03-17T21:54:11.044+0000] {dag.py:3211} INFO - Sync 1 DAGs
[2026-03-17T21:54:11.065+0000] {logging_mixin.py:190} INFO - [2026-03-17T21:54:11.065+0000] {dag.py:4138} INFO - Setting next_dagrun for pipeline_ville_ideale_complet to 2026-03-17 00:00:00+00:00, run_after=2026-03-18 00:00:00+00:00
[2026-03-17T21:54:11.096+0000] {processor.py:208} INFO - Processing /opt/airflow/dags/scraping_dag.py took 0.241 seconds
[2026-03-17T21:54:41.549+0000] {processor.py:186} INFO - Started process (PID=70) to work on /opt/airflow/dags/scraping_dag.py
[2026-03-17T21:54:41.552+0000] {processor.py:914} INFO - Processing file /opt/airflow/dags/scraping_dag.py for tasks to queue
[2026-03-17T21:54:41.556+0000] {logging_mixin.py:190} INFO - [2026-03-17T21:54:41.555+0000] {dagbag.py:587} INFO - Filling up the DagBag from /opt/airflow/dags/scraping_dag.py
[2026-03-17T21:54:41.761+0000] {processor.py:925} INFO - DAG(s) 'pipeline_ville_ideale_complet' retrieved from /opt/airflow/dags/scraping_dag.py
[2026-03-17T21:54:41.787+0000] {logging_mixin.py:190} INFO - [2026-03-17T21:54:41.787+0000] {dag.py:3211} INFO - Sync 1 DAGs
[2026-03-17T21:54:41.811+0000] {logging_mixin.py:190} INFO - [2026-03-17T21:54:41.811+0000] {dag.py:4138} INFO - Setting next_dagrun for pipeline_ville_ideale_complet to 2026-03-17 00:00:00+00:00, run_after=2026-03-18 00:00:00+00:00
[2026-03-17T21:54:41.850+0000] {processor.py:208} INFO - Processing /opt/airflow/dags/scraping_dag.py took 0.319 seconds
[2026-03-17T21:55:11.969+0000] {processor.py:186} INFO - Started process (PID=71) to work on /opt/airflow/dags/scraping_dag.py
[2026-03-17T21:55:11.971+0000] {processor.py:914} INFO - Processing file /opt/airflow/dags/scraping_dag.py for tasks to queue
[2026-03-17T21:55:11.977+0000] {logging_mixin.py:190} INFO - [2026-03-17T21:55:11.976+0000] {dagbag.py:587} INFO - Filling up the DagBag from /opt/airflow/dags/scraping_dag.py
[2026-03-17T21:55:12.152+0000] {processor.py:925} INFO - DAG(s) 'pipeline_ville_ideale_complet' retrieved from /opt/airflow/dags/scraping_dag.py
[2026-03-17T21:55:12.184+0000] {logging_mixin.py:190} INFO - [2026-03-17T21:55:12.183+0000] {dag.py:3211} INFO - Sync 1 DAGs
[2026-03-17T21:55:12.221+0000] {logging_mixin.py:190} INFO - [2026-03-17T21:55:12.220+0000] {dag.py:4138} INFO - Setting next_dagrun for pipeline_ville_ideale_complet to 2026-03-17 00:00:00+00:00, run_after=2026-03-18 00:00:00+00:00
[2026-03-17T21:55:12.260+0000] {processor.py:208} INFO - Processing /opt/airflow/dags/scraping_dag.py took 0.301 seconds
[2026-03-17T21:55:42.770+0000] {processor.py:186} INFO - Started process (PID=72) to work on /opt/airflow/dags/scraping_dag.py
[2026-03-17T21:55:42.772+0000] {processor.py:914} INFO - Processing file /opt/airflow/dags/scraping_dag.py for tasks to queue
[2026-03-17T21:55:42.776+0000] {logging_mixin.py:190} INFO - [2026-03-17T21:55:42.775+0000] {dagbag.py:587} INFO - Filling up the DagBag from /opt/airflow/dags/scraping_dag.py
[2026-03-17T21:55:42.939+0000] {processor.py:925} INFO - DAG(s) 'pipeline_ville_ideale_complet' retrieved from /opt/airflow/dags/scraping_dag.py
[2026-03-17T21:55:42.968+0000] {logging_mixin.py:190} INFO - [2026-03-17T21:55:42.967+0000] {dag.py:3211} INFO - Sync 1 DAGs
[2026-03-17T21:55:42.993+0000] {logging_mixin.py:190} INFO - [2026-03-17T21:55:42.992+0000] {dag.py:4138} INFO - Setting next_dagrun for pipeline_ville_ideale_complet to 2026-03-17 00:00:00+00:00, run_after=2026-03-18 00:00:00+00:00
[2026-03-17T21:55:43.017+0000] {processor.py:208} INFO - Processing /opt/airflow/dags/scraping_dag.py took 0.256 seconds
[2026-03-17T21:56:13.122+0000] {processor.py:186} INFO - Started process (PID=73) to work on /opt/airflow/dags/scraping_dag.py
[2026-03-17T21:56:13.124+0000] {processor.py:914} INFO - Processing file /opt/airflow/dags/scraping_dag.py for tasks to queue
[2026-03-17T21:56:13.128+0000] {logging_mixin.py:190} INFO - [2026-03-17T21:56:13.128+0000] {dagbag.py:587} INFO - Filling up the DagBag from /opt/airflow/dags/scraping_dag.py
[2026-03-17T21:56:13.263+0000] {processor.py:925} INFO - DAG(s) 'pipeline_ville_ideale_complet' retrieved from /opt/airflow/dags/scraping_dag.py
[2026-03-17T21:56:13.291+0000] {logging_mixin.py:190} INFO - [2026-03-17T21:56:13.290+0000] {dag.py:3211} INFO - Sync 1 DAGs
[2026-03-17T21:56:13.315+0000] {logging_mixin.py:190} INFO - [2026-03-17T21:56:13.315+0000] {dag.py:4138} INFO - Setting next_dagrun for pipeline_ville_ideale_complet to 2026-03-17 00:00:00+00:00, run_after=2026-03-18 00:00:00+00:00
[2026-03-17T21:56:13.350+0000] {processor.py:208} INFO - Processing /opt/airflow/dags/scraping_dag.py took 0.239 seconds
[2026-03-17T21:56:43.515+0000] {processor.py:186} INFO - Started process (PID=74) to work on /opt/airflow/dags/scraping_dag.py
[2026-03-17T21:56:43.517+0000] {processor.py:914} INFO - Processing file /opt/airflow/dags/scraping_dag.py for tasks to queue
[2026-03-17T21:56:43.520+0000] {logging_mixin.py:190} INFO - [2026-03-17T21:56:43.520+0000] {dagbag.py:587} INFO - Filling up the DagBag from /opt/airflow/dags/scraping_dag.py
[2026-03-17T21:56:43.696+0000] {processor.py:925} INFO - DAG(s) 'pipeline_ville_ideale_complet' retrieved from /opt/airflow/dags/scraping_dag.py
[2026-03-17T21:56:43.789+0000] {logging_mixin.py:190} INFO - [2026-03-17T21:56:43.788+0000] {dag.py:3211} INFO - Sync 1 DAGs
[2026-03-17T21:56:43.826+0000] {logging_mixin.py:190} INFO - [2026-03-17T21:56:43.825+0000] {dag.py:4138} INFO - Setting next_dagrun for pipeline_ville_ideale_complet to 2026-03-17 00:00:00+00:00, run_after=2026-03-18 00:00:00+00:00
[2026-03-17T21:56:43.853+0000] {processor.py:208} INFO - Processing /opt/airflow/dags/scraping_dag.py took 0.346 seconds
[2026-03-17T21:57:02.081+0000] {processor.py:186} INFO - Started process (PID=75) to work on /opt/airflow/dags/scraping_dag.py
[2026-03-17T21:57:02.082+0000] {processor.py:914} INFO - Processing file /opt/airflow/dags/scraping_dag.py for tasks to queue
[2026-03-17T21:57:02.085+0000] {logging_mixin.py:190} INFO - [2026-03-17T21:57:02.085+0000] {dagbag.py:587} INFO - Filling up the DagBag from /opt/airflow/dags/scraping_dag.py
[2026-03-17T21:57:02.272+0000] {logging_mixin.py:190} INFO - [2026-03-17T21:57:02.265+0000] {dagbag.py:386} ERROR - Failed to import: /opt/airflow/dags/scraping_dag.py
Traceback (most recent call last):
  File "/home/airflow/.local/lib/python3.11/site-packages/airflow/models/dagbag.py", line 382, in parse
    loader.exec_module(new_module)
  File "<frozen importlib._bootstrap_external>", line 940, in exec_module
  File "<frozen importlib._bootstrap>", line 241, in _call_with_frames_removed
  File "/opt/airflow/dags/scraping_dag.py", line 93, in <module>
    step2 = PythonOperator(task_id='recuperer_liste_villes', python_callable=task_get_villes_list)
                                                                             ^^^^^^^^^^^^^^^^^^^^
NameError: name 'task_get_villes_list' is not defined
[2026-03-17T21:57:02.274+0000] {processor.py:927} WARNING - No viable dags retrieved from /opt/airflow/dags/scraping_dag.py
[2026-03-17T21:57:02.301+0000] {processor.py:208} INFO - Processing /opt/airflow/dags/scraping_dag.py took 0.226 seconds
[2026-03-17T21:57:03.208+0000] {processor.py:186} INFO - Started process (PID=76) to work on /opt/airflow/dags/scraping_dag.py
[2026-03-17T21:57:03.210+0000] {processor.py:914} INFO - Processing file /opt/airflow/dags/scraping_dag.py for tasks to queue
[2026-03-17T21:57:03.217+0000] {logging_mixin.py:190} INFO - [2026-03-17T21:57:03.216+0000] {dagbag.py:587} INFO - Filling up the DagBag from /opt/airflow/dags/scraping_dag.py
[2026-03-17T21:57:03.438+0000] {processor.py:925} INFO - DAG(s) 'pipeline_ville_ideale_complet' retrieved from /opt/airflow/dags/scraping_dag.py
[2026-03-17T21:57:03.490+0000] {logging_mixin.py:190} INFO - [2026-03-17T21:57:03.489+0000] {dag.py:3211} INFO - Sync 1 DAGs
[2026-03-17T21:57:03.527+0000] {logging_mixin.py:190} INFO - [2026-03-17T21:57:03.526+0000] {dag.py:4138} INFO - Setting next_dagrun for pipeline_ville_ideale_complet to 2026-03-17 00:00:00+00:00, run_after=2026-03-18 00:00:00+00:00
[2026-03-17T21:57:03.567+0000] {processor.py:208} INFO - Processing /opt/airflow/dags/scraping_dag.py took 0.374 seconds
[2026-03-17T21:57:33.756+0000] {processor.py:186} INFO - Started process (PID=77) to work on /opt/airflow/dags/scraping_dag.py
[2026-03-17T21:57:33.758+0000] {processor.py:914} INFO - Processing file /opt/airflow/dags/scraping_dag.py for tasks to queue
[2026-03-17T21:57:33.761+0000] {logging_mixin.py:190} INFO - [2026-03-17T21:57:33.761+0000] {dagbag.py:587} INFO - Filling up the DagBag from /opt/airflow/dags/scraping_dag.py
[2026-03-17T21:57:33.931+0000] {processor.py:925} INFO - DAG(s) 'pipeline_ville_ideale_complet' retrieved from /opt/airflow/dags/scraping_dag.py
[2026-03-17T21:57:33.958+0000] {logging_mixin.py:190} INFO - [2026-03-17T21:57:33.957+0000] {dag.py:3211} INFO - Sync 1 DAGs
[2026-03-17T21:57:33.982+0000] {logging_mixin.py:190} INFO - [2026-03-17T21:57:33.981+0000] {dag.py:4138} INFO - Setting next_dagrun for pipeline_ville_ideale_complet to 2026-03-17 00:00:00+00:00, run_after=2026-03-18 00:00:00+00:00
[2026-03-17T21:57:34.007+0000] {processor.py:208} INFO - Processing /opt/airflow/dags/scraping_dag.py took 0.258 seconds
[2026-03-17T21:58:04.346+0000] {processor.py:186} INFO - Started process (PID=78) to work on /opt/airflow/dags/scraping_dag.py
[2026-03-17T21:58:04.348+0000] {processor.py:914} INFO - Processing file /opt/airflow/dags/scraping_dag.py for tasks to queue
[2026-03-17T21:58:04.353+0000] {logging_mixin.py:190} INFO - [2026-03-17T21:58:04.353+0000] {dagbag.py:587} INFO - Filling up the DagBag from /opt/airflow/dags/scraping_dag.py
[2026-03-17T21:58:04.559+0000] {processor.py:925} INFO - DAG(s) 'pipeline_ville_ideale_complet' retrieved from /opt/airflow/dags/scraping_dag.py
[2026-03-17T21:58:04.596+0000] {logging_mixin.py:190} INFO - [2026-03-17T21:58:04.595+0000] {dag.py:3211} INFO - Sync 1 DAGs
[2026-03-17T21:58:04.630+0000] {logging_mixin.py:190} INFO - [2026-03-17T21:58:04.630+0000] {dag.py:4138} INFO - Setting next_dagrun for pipeline_ville_ideale_complet to 2026-03-17 00:00:00+00:00, run_after=2026-03-18 00:00:00+00:00
[2026-03-17T21:58:04.661+0000] {processor.py:208} INFO - Processing /opt/airflow/dags/scraping_dag.py took 0.324 seconds
[2026-03-17T21:58:34.772+0000] {processor.py:186} INFO - Started process (PID=79) to work on /opt/airflow/dags/scraping_dag.py
[2026-03-17T21:58:34.774+0000] {processor.py:914} INFO - Processing file /opt/airflow/dags/scraping_dag.py for tasks to queue
[2026-03-17T21:58:34.777+0000] {logging_mixin.py:190} INFO - [2026-03-17T21:58:34.777+0000] {dagbag.py:587} INFO - Filling up the DagBag from /opt/airflow/dags/scraping_dag.py
[2026-03-17T21:58:34.926+0000] {processor.py:925} INFO - DAG(s) 'pipeline_ville_ideale_complet' retrieved from /opt/airflow/dags/scraping_dag.py
[2026-03-17T21:58:34.955+0000] {logging_mixin.py:190} INFO - [2026-03-17T21:58:34.955+0000] {dag.py:3211} INFO - Sync 1 DAGs
[2026-03-17T21:58:34.983+0000] {logging_mixin.py:190} INFO - [2026-03-17T21:58:34.983+0000] {dag.py:4138} INFO - Setting next_dagrun for pipeline_ville_ideale_complet to 2026-03-17 00:00:00+00:00, run_after=2026-03-18 00:00:00+00:00
[2026-03-17T21:58:35.011+0000] {processor.py:208} INFO - Processing /opt/airflow/dags/scraping_dag.py took 0.247 seconds
[2026-03-17T21:59:05.397+0000] {processor.py:186} INFO - Started process (PID=80) to work on /opt/airflow/dags/scraping_dag.py
[2026-03-17T21:59:05.399+0000] {processor.py:914} INFO - Processing file /opt/airflow/dags/scraping_dag.py for tasks to queue
[2026-03-17T21:59:05.402+0000] {logging_mixin.py:190} INFO - [2026-03-17T21:59:05.402+0000] {dagbag.py:587} INFO - Filling up the DagBag from /opt/airflow/dags/scraping_dag.py
[2026-03-17T21:59:05.582+0000] {processor.py:925} INFO - DAG(s) 'pipeline_ville_ideale_complet' retrieved from /opt/airflow/dags/scraping_dag.py
[2026-03-17T21:59:05.612+0000] {logging_mixin.py:190} INFO - [2026-03-17T21:59:05.611+0000] {dag.py:3211} INFO - Sync 1 DAGs
[2026-03-17T21:59:05.644+0000] {logging_mixin.py:190} INFO - [2026-03-17T21:59:05.644+0000] {dag.py:4138} INFO - Setting next_dagrun for pipeline_ville_ideale_complet to 2026-03-17 00:00:00+00:00, run_after=2026-03-18 00:00:00+00:00
[2026-03-17T21:59:05.680+0000] {processor.py:208} INFO - Processing /opt/airflow/dags/scraping_dag.py took 0.290 seconds
[2026-03-17T21:59:35.798+0000] {processor.py:186} INFO - Started process (PID=81) to work on /opt/airflow/dags/scraping_dag.py
[2026-03-17T21:59:35.800+0000] {processor.py:914} INFO - Processing file /opt/airflow/dags/scraping_dag.py for tasks to queue
[2026-03-17T21:59:35.805+0000] {logging_mixin.py:190} INFO - [2026-03-17T21:59:35.804+0000] {dagbag.py:587} INFO - Filling up the DagBag from /opt/airflow/dags/scraping_dag.py
[2026-03-17T21:59:35.998+0000] {processor.py:925} INFO - DAG(s) 'pipeline_ville_ideale_complet' retrieved from /opt/airflow/dags/scraping_dag.py
[2026-03-17T21:59:36.033+0000] {logging_mixin.py:190} INFO - [2026-03-17T21:59:36.032+0000] {dag.py:3211} INFO - Sync 1 DAGs
[2026-03-17T21:59:36.058+0000] {logging_mixin.py:190} INFO - [2026-03-17T21:59:36.058+0000] {dag.py:4138} INFO - Setting next_dagrun for pipeline_ville_ideale_complet to 2026-03-17 00:00:00+00:00, run_after=2026-03-18 00:00:00+00:00
[2026-03-17T21:59:36.093+0000] {processor.py:208} INFO - Processing /opt/airflow/dags/scraping_dag.py took 0.306 seconds
[2026-03-17T22:00:06.507+0000] {processor.py:186} INFO - Started process (PID=82) to work on /opt/airflow/dags/scraping_dag.py
[2026-03-17T22:00:06.508+0000] {processor.py:914} INFO - Processing file /opt/airflow/dags/scraping_dag.py for tasks to queue
[2026-03-17T22:00:06.512+0000] {logging_mixin.py:190} INFO - [2026-03-17T22:00:06.512+0000] {dagbag.py:587} INFO - Filling up the DagBag from /opt/airflow/dags/scraping_dag.py
[2026-03-17T22:00:06.671+0000] {processor.py:925} INFO - DAG(s) 'pipeline_ville_ideale_complet' retrieved from /opt/airflow/dags/scraping_dag.py
[2026-03-17T22:00:06.695+0000] {logging_mixin.py:190} INFO - [2026-03-17T22:00:06.694+0000] {dag.py:3211} INFO - Sync 1 DAGs
[2026-03-17T22:00:06.715+0000] {logging_mixin.py:190} INFO - [2026-03-17T22:00:06.715+0000] {dag.py:4138} INFO - Setting next_dagrun for pipeline_ville_ideale_complet to 2026-03-17 00:00:00+00:00, run_after=2026-03-18 00:00:00+00:00
[2026-03-17T22:00:06.741+0000] {processor.py:208} INFO - Processing /opt/airflow/dags/scraping_dag.py took 0.242 seconds
[2026-03-17T22:00:36.957+0000] {processor.py:186} INFO - Started process (PID=83) to work on /opt/airflow/dags/scraping_dag.py
[2026-03-17T22:00:36.959+0000] {processor.py:914} INFO - Processing file /opt/airflow/dags/scraping_dag.py for tasks to queue
[2026-03-17T22:00:36.962+0000] {logging_mixin.py:190} INFO - [2026-03-17T22:00:36.961+0000] {dagbag.py:587} INFO - Filling up the DagBag from /opt/airflow/dags/scraping_dag.py
[2026-03-17T22:00:37.112+0000] {processor.py:925} INFO - DAG(s) 'pipeline_ville_ideale_complet' retrieved from /opt/airflow/dags/scraping_dag.py
[2026-03-17T22:00:37.141+0000] {logging_mixin.py:190} INFO - [2026-03-17T22:00:37.141+0000] {dag.py:3211} INFO - Sync 1 DAGs
[2026-03-17T22:00:37.167+0000] {logging_mixin.py:190} INFO - [2026-03-17T22:00:37.167+0000] {dag.py:4138} INFO - Setting next_dagrun for pipeline_ville_ideale_complet to 2026-03-17 00:00:00+00:00, run_after=2026-03-18 00:00:00+00:00
[2026-03-17T22:00:37.192+0000] {processor.py:208} INFO - Processing /opt/airflow/dags/scraping_dag.py took 0.241 seconds
[2026-03-17T22:01:07.582+0000] {processor.py:186} INFO - Started process (PID=84) to work on /opt/airflow/dags/scraping_dag.py
[2026-03-17T22:01:07.584+0000] {processor.py:914} INFO - Processing file /opt/airflow/dags/scraping_dag.py for tasks to queue
[2026-03-17T22:01:07.589+0000] {logging_mixin.py:190} INFO - [2026-03-17T22:01:07.588+0000] {dagbag.py:587} INFO - Filling up the DagBag from /opt/airflow/dags/scraping_dag.py
[2026-03-17T22:01:07.748+0000] {processor.py:925} INFO - DAG(s) 'pipeline_ville_ideale_complet' retrieved from /opt/airflow/dags/scraping_dag.py
[2026-03-17T22:01:07.780+0000] {logging_mixin.py:190} INFO - [2026-03-17T22:01:07.778+0000] {dag.py:3211} INFO - Sync 1 DAGs
[2026-03-17T22:01:07.809+0000] {logging_mixin.py:190} INFO - [2026-03-17T22:01:07.808+0000] {dag.py:4138} INFO - Setting next_dagrun for pipeline_ville_ideale_complet to 2026-03-17 00:00:00+00:00, run_after=2026-03-18 00:00:00+00:00
[2026-03-17T22:01:07.837+0000] {processor.py:208} INFO - Processing /opt/airflow/dags/scraping_dag.py took 0.262 seconds
[2026-03-17T22:01:37.990+0000] {processor.py:186} INFO - Started process (PID=85) to work on /opt/airflow/dags/scraping_dag.py
[2026-03-17T22:01:37.992+0000] {processor.py:914} INFO - Processing file /opt/airflow/dags/scraping_dag.py for tasks to queue
[2026-03-17T22:01:37.995+0000] {logging_mixin.py:190} INFO - [2026-03-17T22:01:37.995+0000] {dagbag.py:587} INFO - Filling up the DagBag from /opt/airflow/dags/scraping_dag.py
[2026-03-17T22:01:38.169+0000] {processor.py:925} INFO - DAG(s) 'pipeline_ville_ideale_complet' retrieved from /opt/airflow/dags/scraping_dag.py
[2026-03-17T22:01:38.199+0000] {logging_mixin.py:190} INFO - [2026-03-17T22:01:38.198+0000] {dag.py:3211} INFO - Sync 1 DAGs
[2026-03-17T22:01:38.226+0000] {logging_mixin.py:190} INFO - [2026-03-17T22:01:38.226+0000] {dag.py:4138} INFO - Setting next_dagrun for pipeline_ville_ideale_complet to 2026-03-17 00:00:00+00:00, run_after=2026-03-18 00:00:00+00:00
[2026-03-17T22:01:38.248+0000] {processor.py:208} INFO - Processing /opt/airflow/dags/scraping_dag.py took 0.268 seconds
[2026-03-17T22:02:08.634+0000] {processor.py:186} INFO - Started process (PID=86) to work on /opt/airflow/dags/scraping_dag.py
[2026-03-17T22:02:08.636+0000] {processor.py:914} INFO - Processing file /opt/airflow/dags/scraping_dag.py for tasks to queue
[2026-03-17T22:02:08.640+0000] {logging_mixin.py:190} INFO - [2026-03-17T22:02:08.639+0000] {dagbag.py:587} INFO - Filling up the DagBag from /opt/airflow/dags/scraping_dag.py
[2026-03-17T22:02:08.802+0000] {processor.py:925} INFO - DAG(s) 'pipeline_ville_ideale_complet' retrieved from /opt/airflow/dags/scraping_dag.py
[2026-03-17T22:02:08.827+0000] {logging_mixin.py:190} INFO - [2026-03-17T22:02:08.826+0000] {dag.py:3211} INFO - Sync 1 DAGs
[2026-03-17T22:02:08.852+0000] {logging_mixin.py:190} INFO - [2026-03-17T22:02:08.852+0000] {dag.py:4138} INFO - Setting next_dagrun for pipeline_ville_ideale_complet to 2026-03-17 00:00:00+00:00, run_after=2026-03-18 00:00:00+00:00
[2026-03-17T22:02:08.886+0000] {processor.py:208} INFO - Processing /opt/airflow/dags/scraping_dag.py took 0.258 seconds
[2026-03-17T22:02:10.761+0000] {processor.py:186} INFO - Started process (PID=87) to work on /opt/airflow/dags/scraping_dag.py
[2026-03-17T22:02:10.763+0000] {processor.py:914} INFO - Processing file /opt/airflow/dags/scraping_dag.py for tasks to queue
[2026-03-17T22:02:10.766+0000] {logging_mixin.py:190} INFO - [2026-03-17T22:02:10.766+0000] {dagbag.py:587} INFO - Filling up the DagBag from /opt/airflow/dags/scraping_dag.py
[2026-03-17T22:02:10.990+0000] {processor.py:925} INFO - DAG(s) 'pipeline_ville_ideale_complet' retrieved from /opt/airflow/dags/scraping_dag.py
[2026-03-17T22:02:11.018+0000] {logging_mixin.py:190} INFO - [2026-03-17T22:02:11.017+0000] {dag.py:3211} INFO - Sync 1 DAGs
[2026-03-17T22:02:11.040+0000] {logging_mixin.py:190} INFO - [2026-03-17T22:02:11.040+0000] {dag.py:4138} INFO - Setting next_dagrun for pipeline_ville_ideale_complet to 2026-03-17 00:00:00+00:00, run_after=2026-03-18 00:00:00+00:00
[2026-03-17T22:02:11.068+0000] {processor.py:208} INFO - Processing /opt/airflow/dags/scraping_dag.py took 0.316 seconds
[2026-03-17T22:02:41.362+0000] {processor.py:186} INFO - Started process (PID=88) to work on /opt/airflow/dags/scraping_dag.py
[2026-03-17T22:02:41.364+0000] {processor.py:914} INFO - Processing file /opt/airflow/dags/scraping_dag.py for tasks to queue
[2026-03-17T22:02:41.369+0000] {logging_mixin.py:190} INFO - [2026-03-17T22:02:41.368+0000] {dagbag.py:587} INFO - Filling up the DagBag from /opt/airflow/dags/scraping_dag.py
[2026-03-17T22:02:41.532+0000] {processor.py:925} INFO - DAG(s) 'pipeline_ville_ideale_complet' retrieved from /opt/airflow/dags/scraping_dag.py
[2026-03-17T22:02:41.558+0000] {logging_mixin.py:190} INFO - [2026-03-17T22:02:41.557+0000] {dag.py:3211} INFO - Sync 1 DAGs
[2026-03-17T22:02:41.581+0000] {logging_mixin.py:190} INFO - [2026-03-17T22:02:41.581+0000] {dag.py:4138} INFO - Setting next_dagrun for pipeline_ville_ideale_complet to 2026-03-17 00:00:00+00:00, run_after=2026-03-18 00:00:00+00:00
[2026-03-17T22:02:41.616+0000] {processor.py:208} INFO - Processing /opt/airflow/dags/scraping_dag.py took 0.264 seconds
[2026-03-17T22:03:11.823+0000] {processor.py:186} INFO - Started process (PID=89) to work on /opt/airflow/dags/scraping_dag.py
[2026-03-17T22:03:11.825+0000] {processor.py:914} INFO - Processing file /opt/airflow/dags/scraping_dag.py for tasks to queue
[2026-03-17T22:03:11.829+0000] {logging_mixin.py:190} INFO - [2026-03-17T22:03:11.829+0000] {dagbag.py:587} INFO - Filling up the DagBag from /opt/airflow/dags/scraping_dag.py
[2026-03-17T22:03:12.051+0000] {processor.py:925} INFO - DAG(s) 'pipeline_ville_ideale_complet' retrieved from /opt/airflow/dags/scraping_dag.py
[2026-03-17T22:03:12.079+0000] {logging_mixin.py:190} INFO - [2026-03-17T22:03:12.078+0000] {dag.py:3211} INFO - Sync 1 DAGs
[2026-03-17T22:03:12.103+0000] {logging_mixin.py:190} INFO - [2026-03-17T22:03:12.103+0000] {dag.py:4138} INFO - Setting next_dagrun for pipeline_ville_ideale_complet to 2026-03-17 00:00:00+00:00, run_after=2026-03-18 00:00:00+00:00
[2026-03-17T22:03:12.130+0000] {processor.py:208} INFO - Processing /opt/airflow/dags/scraping_dag.py took 0.315 seconds
[2026-03-17T22:03:42.481+0000] {processor.py:186} INFO - Started process (PID=90) to work on /opt/airflow/dags/scraping_dag.py
[2026-03-17T22:03:42.484+0000] {processor.py:914} INFO - Processing file /opt/airflow/dags/scraping_dag.py for tasks to queue
[2026-03-17T22:03:42.487+0000] {logging_mixin.py:190} INFO - [2026-03-17T22:03:42.487+0000] {dagbag.py:587} INFO - Filling up the DagBag from /opt/airflow/dags/scraping_dag.py
[2026-03-17T22:03:42.719+0000] {processor.py:925} INFO - DAG(s) 'pipeline_ville_ideale_complet' retrieved from /opt/airflow/dags/scraping_dag.py
[2026-03-17T22:03:42.818+0000] {logging_mixin.py:190} INFO - [2026-03-17T22:03:42.815+0000] {dag.py:3211} INFO - Sync 1 DAGs
[2026-03-17T22:03:42.868+0000] {logging_mixin.py:190} INFO - [2026-03-17T22:03:42.867+0000] {dag.py:4138} INFO - Setting next_dagrun for pipeline_ville_ideale_complet to 2026-03-17 00:00:00+00:00, run_after=2026-03-18 00:00:00+00:00
[2026-03-17T22:03:42.900+0000] {processor.py:208} INFO - Processing /opt/airflow/dags/scraping_dag.py took 0.428 seconds
[2026-03-17T22:04:13.346+0000] {processor.py:186} INFO - Started process (PID=91) to work on /opt/airflow/dags/scraping_dag.py
[2026-03-17T22:04:13.349+0000] {processor.py:914} INFO - Processing file /opt/airflow/dags/scraping_dag.py for tasks to queue
[2026-03-17T22:04:13.356+0000] {logging_mixin.py:190} INFO - [2026-03-17T22:04:13.355+0000] {dagbag.py:587} INFO - Filling up the DagBag from /opt/airflow/dags/scraping_dag.py
[2026-03-17T22:04:13.533+0000] {processor.py:925} INFO - DAG(s) 'pipeline_ville_ideale_complet' retrieved from /opt/airflow/dags/scraping_dag.py
[2026-03-17T22:04:13.566+0000] {logging_mixin.py:190} INFO - [2026-03-17T22:04:13.565+0000] {dag.py:3211} INFO - Sync 1 DAGs
[2026-03-17T22:04:13.593+0000] {logging_mixin.py:190} INFO - [2026-03-17T22:04:13.592+0000] {dag.py:4138} INFO - Setting next_dagrun for pipeline_ville_ideale_complet to 2026-03-17 00:00:00+00:00, run_after=2026-03-18 00:00:00+00:00
[2026-03-17T22:04:13.626+0000] {processor.py:208} INFO - Processing /opt/airflow/dags/scraping_dag.py took 0.293 seconds
[2026-03-17T22:04:43.729+0000] {processor.py:186} INFO - Started process (PID=92) to work on /opt/airflow/dags/scraping_dag.py
[2026-03-17T22:04:43.732+0000] {processor.py:914} INFO - Processing file /opt/airflow/dags/scraping_dag.py for tasks to queue
[2026-03-17T22:04:43.736+0000] {logging_mixin.py:190} INFO - [2026-03-17T22:04:43.736+0000] {dagbag.py:587} INFO - Filling up the DagBag from /opt/airflow/dags/scraping_dag.py
[2026-03-17T22:04:43.921+0000] {processor.py:925} INFO - DAG(s) 'pipeline_ville_ideale_complet' retrieved from /opt/airflow/dags/scraping_dag.py
[2026-03-17T22:04:43.959+0000] {logging_mixin.py:190} INFO - [2026-03-17T22:04:43.958+0000] {dag.py:3211} INFO - Sync 1 DAGs
[2026-03-17T22:04:43.988+0000] {logging_mixin.py:190} INFO - [2026-03-17T22:04:43.987+0000] {dag.py:4138} INFO - Setting next_dagrun for pipeline_ville_ideale_complet to 2026-03-17 00:00:00+00:00, run_after=2026-03-18 00:00:00+00:00
[2026-03-17T22:04:44.017+0000] {processor.py:208} INFO - Processing /opt/airflow/dags/scraping_dag.py took 0.297 seconds
[2026-03-17T22:05:14.106+0000] {processor.py:186} INFO - Started process (PID=93) to work on /opt/airflow/dags/scraping_dag.py
[2026-03-17T22:05:14.108+0000] {processor.py:914} INFO - Processing file /opt/airflow/dags/scraping_dag.py for tasks to queue
[2026-03-17T22:05:14.115+0000] {logging_mixin.py:190} INFO - [2026-03-17T22:05:14.114+0000] {dagbag.py:587} INFO - Filling up the DagBag from /opt/airflow/dags/scraping_dag.py
[2026-03-17T22:05:14.306+0000] {processor.py:925} INFO - DAG(s) 'pipeline_ville_ideale_complet' retrieved from /opt/airflow/dags/scraping_dag.py
[2026-03-17T22:05:14.336+0000] {logging_mixin.py:190} INFO - [2026-03-17T22:05:14.336+0000] {dag.py:3211} INFO - Sync 1 DAGs
[2026-03-17T22:05:14.363+0000] {logging_mixin.py:190} INFO - [2026-03-17T22:05:14.363+0000] {dag.py:4138} INFO - Setting next_dagrun for pipeline_ville_ideale_complet to 2026-03-17 00:00:00+00:00, run_after=2026-03-18 00:00:00+00:00
[2026-03-17T22:05:14.388+0000] {processor.py:208} INFO - Processing /opt/airflow/dags/scraping_dag.py took 0.289 seconds
[2026-03-17T22:05:44.866+0000] {processor.py:186} INFO - Started process (PID=94) to work on /opt/airflow/dags/scraping_dag.py
[2026-03-17T22:05:44.868+0000] {processor.py:914} INFO - Processing file /opt/airflow/dags/scraping_dag.py for tasks to queue
[2026-03-17T22:05:44.872+0000] {logging_mixin.py:190} INFO - [2026-03-17T22:05:44.872+0000] {dagbag.py:587} INFO - Filling up the DagBag from /opt/airflow/dags/scraping_dag.py
[2026-03-17T22:05:45.038+0000] {processor.py:925} INFO - DAG(s) 'pipeline_ville_ideale_complet' retrieved from /opt/airflow/dags/scraping_dag.py
[2026-03-17T22:05:45.069+0000] {logging_mixin.py:190} INFO - [2026-03-17T22:05:45.068+0000] {dag.py:3211} INFO - Sync 1 DAGs
[2026-03-17T22:05:45.094+0000] {logging_mixin.py:190} INFO - [2026-03-17T22:05:45.094+0000] {dag.py:4138} INFO - Setting next_dagrun for pipeline_ville_ideale_complet to 2026-03-17 00:00:00+00:00, run_after=2026-03-18 00:00:00+00:00
[2026-03-17T22:05:45.124+0000] {processor.py:208} INFO - Processing /opt/airflow/dags/scraping_dag.py took 0.267 seconds
[2026-03-17T22:06:15.289+0000] {processor.py:186} INFO - Started process (PID=95) to work on /opt/airflow/dags/scraping_dag.py
[2026-03-17T22:06:15.290+0000] {processor.py:914} INFO - Processing file /opt/airflow/dags/scraping_dag.py for tasks to queue
[2026-03-17T22:06:15.296+0000] {logging_mixin.py:190} INFO - [2026-03-17T22:06:15.295+0000] {dagbag.py:587} INFO - Filling up the DagBag from /opt/airflow/dags/scraping_dag.py
[2026-03-17T22:06:15.472+0000] {processor.py:925} INFO - DAG(s) 'pipeline_ville_ideale_complet' retrieved from /opt/airflow/dags/scraping_dag.py
[2026-03-17T22:06:15.510+0000] {logging_mixin.py:190} INFO - [2026-03-17T22:06:15.509+0000] {dag.py:3211} INFO - Sync 1 DAGs
[2026-03-17T22:06:15.541+0000] {logging_mixin.py:190} INFO - [2026-03-17T22:06:15.541+0000] {dag.py:4138} INFO - Setting next_dagrun for pipeline_ville_ideale_complet to 2026-03-17 00:00:00+00:00, run_after=2026-03-18 00:00:00+00:00
[2026-03-17T22:06:15.573+0000] {processor.py:208} INFO - Processing /opt/airflow/dags/scraping_dag.py took 0.292 seconds
[2026-03-17T22:06:45.928+0000] {processor.py:186} INFO - Started process (PID=96) to work on /opt/airflow/dags/scraping_dag.py
[2026-03-17T22:06:45.931+0000] {processor.py:914} INFO - Processing file /opt/airflow/dags/scraping_dag.py for tasks to queue
[2026-03-17T22:06:45.935+0000] {logging_mixin.py:190} INFO - [2026-03-17T22:06:45.934+0000] {dagbag.py:587} INFO - Filling up the DagBag from /opt/airflow/dags/scraping_dag.py
[2026-03-17T22:06:46.102+0000] {processor.py:925} INFO - DAG(s) 'pipeline_ville_ideale_complet' retrieved from /opt/airflow/dags/scraping_dag.py
[2026-03-17T22:06:46.131+0000] {logging_mixin.py:190} INFO - [2026-03-17T22:06:46.130+0000] {dag.py:3211} INFO - Sync 1 DAGs
[2026-03-17T22:06:46.155+0000] {logging_mixin.py:190} INFO - [2026-03-17T22:06:46.155+0000] {dag.py:4138} INFO - Setting next_dagrun for pipeline_ville_ideale_complet to 2026-03-17 00:00:00+00:00, run_after=2026-03-18 00:00:00+00:00
[2026-03-17T22:06:46.200+0000] {processor.py:208} INFO - Processing /opt/airflow/dags/scraping_dag.py took 0.282 seconds
[2026-03-17T22:07:16.391+0000] {processor.py:186} INFO - Started process (PID=97) to work on /opt/airflow/dags/scraping_dag.py
[2026-03-17T22:07:16.392+0000] {processor.py:914} INFO - Processing file /opt/airflow/dags/scraping_dag.py for tasks to queue
[2026-03-17T22:07:16.396+0000] {logging_mixin.py:190} INFO - [2026-03-17T22:07:16.396+0000] {dagbag.py:587} INFO - Filling up the DagBag from /opt/airflow/dags/scraping_dag.py
[2026-03-17T22:07:16.565+0000] {processor.py:925} INFO - DAG(s) 'pipeline_ville_ideale_complet' retrieved from /opt/airflow/dags/scraping_dag.py
[2026-03-17T22:07:16.593+0000] {logging_mixin.py:190} INFO - [2026-03-17T22:07:16.593+0000] {dag.py:3211} INFO - Sync 1 DAGs
[2026-03-17T22:07:16.617+0000] {logging_mixin.py:190} INFO - [2026-03-17T22:07:16.617+0000] {dag.py:4138} INFO - Setting next_dagrun for pipeline_ville_ideale_complet to 2026-03-17 00:00:00+00:00, run_after=2026-03-18 00:00:00+00:00
[2026-03-17T22:07:16.660+0000] {processor.py:208} INFO - Processing /opt/airflow/dags/scraping_dag.py took 0.280 seconds
[2026-03-17T22:07:30.841+0000] {processor.py:186} INFO - Started process (PID=98) to work on /opt/airflow/dags/scraping_dag.py
[2026-03-17T22:07:30.843+0000] {processor.py:914} INFO - Processing file /opt/airflow/dags/scraping_dag.py for tasks to queue
[2026-03-17T22:07:30.845+0000] {logging_mixin.py:190} INFO - [2026-03-17T22:07:30.845+0000] {dagbag.py:587} INFO - Filling up the DagBag from /opt/airflow/dags/scraping_dag.py
[2026-03-17T22:07:31.030+0000] {processor.py:925} INFO - DAG(s) 'pipeline_ville_ideale_complet' retrieved from /opt/airflow/dags/scraping_dag.py
[2026-03-17T22:07:31.057+0000] {logging_mixin.py:190} INFO - [2026-03-17T22:07:31.057+0000] {dag.py:3211} INFO - Sync 1 DAGs
[2026-03-17T22:07:31.082+0000] {logging_mixin.py:190} INFO - [2026-03-17T22:07:31.082+0000] {dag.py:4138} INFO - Setting next_dagrun for pipeline_ville_ideale_complet to 2026-03-17 00:00:00+00:00, run_after=2026-03-18 00:00:00+00:00
[2026-03-17T22:07:31.115+0000] {processor.py:208} INFO - Processing /opt/airflow/dags/scraping_dag.py took 0.281 seconds
[2026-03-17T22:08:01.218+0000] {processor.py:186} INFO - Started process (PID=99) to work on /opt/airflow/dags/scraping_dag.py
[2026-03-17T22:08:01.220+0000] {processor.py:914} INFO - Processing file /opt/airflow/dags/scraping_dag.py for tasks to queue
[2026-03-17T22:08:01.225+0000] {logging_mixin.py:190} INFO - [2026-03-17T22:08:01.224+0000] {dagbag.py:587} INFO - Filling up the DagBag from /opt/airflow/dags/scraping_dag.py
[2026-03-17T22:08:01.384+0000] {processor.py:925} INFO - DAG(s) 'pipeline_ville_ideale_complet' retrieved from /opt/airflow/dags/scraping_dag.py
[2026-03-17T22:08:01.407+0000] {logging_mixin.py:190} INFO - [2026-03-17T22:08:01.406+0000] {dag.py:3211} INFO - Sync 1 DAGs
[2026-03-17T22:08:01.431+0000] {logging_mixin.py:190} INFO - [2026-03-17T22:08:01.431+0000] {dag.py:4138} INFO - Setting next_dagrun for pipeline_ville_ideale_complet to 2026-03-17 00:00:00+00:00, run_after=2026-03-18 00:00:00+00:00
[2026-03-17T22:08:01.457+0000] {processor.py:208} INFO - Processing /opt/airflow/dags/scraping_dag.py took 0.249 seconds
[2026-03-17T22:08:31.923+0000] {processor.py:186} INFO - Started process (PID=100) to work on /opt/airflow/dags/scraping_dag.py
[2026-03-17T22:08:31.926+0000] {processor.py:914} INFO - Processing file /opt/airflow/dags/scraping_dag.py for tasks to queue
[2026-03-17T22:08:31.931+0000] {logging_mixin.py:190} INFO - [2026-03-17T22:08:31.931+0000] {dagbag.py:587} INFO - Filling up the DagBag from /opt/airflow/dags/scraping_dag.py
[2026-03-17T22:08:32.109+0000] {processor.py:925} INFO - DAG(s) 'pipeline_ville_ideale_complet' retrieved from /opt/airflow/dags/scraping_dag.py
[2026-03-17T22:08:32.144+0000] {logging_mixin.py:190} INFO - [2026-03-17T22:08:32.144+0000] {dag.py:3211} INFO - Sync 1 DAGs
[2026-03-17T22:08:32.174+0000] {logging_mixin.py:190} INFO - [2026-03-17T22:08:32.174+0000] {dag.py:4138} INFO - Setting next_dagrun for pipeline_ville_ideale_complet to 2026-03-17 00:00:00+00:00, run_after=2026-03-18 00:00:00+00:00
[2026-03-17T22:08:32.203+0000] {processor.py:208} INFO - Processing /opt/airflow/dags/scraping_dag.py took 0.290 seconds
[2026-03-17T22:09:02.337+0000] {processor.py:186} INFO - Started process (PID=101) to work on /opt/airflow/dags/scraping_dag.py
[2026-03-17T22:09:02.338+0000] {processor.py:914} INFO - Processing file /opt/airflow/dags/scraping_dag.py for tasks to queue
[2026-03-17T22:09:02.341+0000] {logging_mixin.py:190} INFO - [2026-03-17T22:09:02.341+0000] {dagbag.py:587} INFO - Filling up the DagBag from /opt/airflow/dags/scraping_dag.py
[2026-03-17T22:09:02.512+0000] {processor.py:925} INFO - DAG(s) 'pipeline_ville_ideale_complet' retrieved from /opt/airflow/dags/scraping_dag.py
[2026-03-17T22:09:02.544+0000] {logging_mixin.py:190} INFO - [2026-03-17T22:09:02.543+0000] {dag.py:3211} INFO - Sync 1 DAGs
[2026-03-17T22:09:02.569+0000] {logging_mixin.py:190} INFO - [2026-03-17T22:09:02.568+0000] {dag.py:4138} INFO - Setting next_dagrun for pipeline_ville_ideale_complet to 2026-03-17 00:00:00+00:00, run_after=2026-03-18 00:00:00+00:00
[2026-03-17T22:09:02.598+0000] {processor.py:208} INFO - Processing /opt/airflow/dags/scraping_dag.py took 0.269 seconds
[2026-03-17T22:09:33.038+0000] {processor.py:186} INFO - Started process (PID=102) to work on /opt/airflow/dags/scraping_dag.py
[2026-03-17T22:09:33.040+0000] {processor.py:914} INFO - Processing file /opt/airflow/dags/scraping_dag.py for tasks to queue
[2026-03-17T22:09:33.044+0000] {logging_mixin.py:190} INFO - [2026-03-17T22:09:33.043+0000] {dagbag.py:587} INFO - Filling up the DagBag from /opt/airflow/dags/scraping_dag.py
[2026-03-17T22:09:33.210+0000] {processor.py:925} INFO - DAG(s) 'pipeline_ville_ideale_complet' retrieved from /opt/airflow/dags/scraping_dag.py
[2026-03-17T22:09:33.238+0000] {logging_mixin.py:190} INFO - [2026-03-17T22:09:33.237+0000] {dag.py:3211} INFO - Sync 1 DAGs
[2026-03-17T22:09:33.264+0000] {logging_mixin.py:190} INFO - [2026-03-17T22:09:33.263+0000] {dag.py:4138} INFO - Setting next_dagrun for pipeline_ville_ideale_complet to 2026-03-17 00:00:00+00:00, run_after=2026-03-18 00:00:00+00:00
[2026-03-17T22:09:33.297+0000] {processor.py:208} INFO - Processing /opt/airflow/dags/scraping_dag.py took 0.270 seconds
[2026-03-17T22:10:03.433+0000] {processor.py:186} INFO - Started process (PID=103) to work on /opt/airflow/dags/scraping_dag.py
[2026-03-17T22:10:03.436+0000] {processor.py:914} INFO - Processing file /opt/airflow/dags/scraping_dag.py for tasks to queue
[2026-03-17T22:10:03.440+0000] {logging_mixin.py:190} INFO - [2026-03-17T22:10:03.440+0000] {dagbag.py:587} INFO - Filling up the DagBag from /opt/airflow/dags/scraping_dag.py
[2026-03-17T22:10:03.640+0000] {processor.py:925} INFO - DAG(s) 'pipeline_ville_ideale_complet' retrieved from /opt/airflow/dags/scraping_dag.py
[2026-03-17T22:10:03.676+0000] {logging_mixin.py:190} INFO - [2026-03-17T22:10:03.676+0000] {dag.py:3211} INFO - Sync 1 DAGs
[2026-03-17T22:10:03.708+0000] {logging_mixin.py:190} INFO - [2026-03-17T22:10:03.708+0000] {dag.py:4138} INFO - Setting next_dagrun for pipeline_ville_ideale_complet to 2026-03-17 00:00:00+00:00, run_after=2026-03-18 00:00:00+00:00
[2026-03-17T22:10:03.744+0000] {processor.py:208} INFO - Processing /opt/airflow/dags/scraping_dag.py took 0.322 seconds
[2026-03-17T22:10:34.236+0000] {processor.py:186} INFO - Started process (PID=104) to work on /opt/airflow/dags/scraping_dag.py
[2026-03-17T22:10:34.239+0000] {processor.py:914} INFO - Processing file /opt/airflow/dags/scraping_dag.py for tasks to queue
[2026-03-17T22:10:34.242+0000] {logging_mixin.py:190} INFO - [2026-03-17T22:10:34.241+0000] {dagbag.py:587} INFO - Filling up the DagBag from /opt/airflow/dags/scraping_dag.py
[2026-03-17T22:10:34.418+0000] {processor.py:925} INFO - DAG(s) 'pipeline_ville_ideale_complet' retrieved from /opt/airflow/dags/scraping_dag.py
[2026-03-17T22:10:34.448+0000] {logging_mixin.py:190} INFO - [2026-03-17T22:10:34.447+0000] {dag.py:3211} INFO - Sync 1 DAGs
[2026-03-17T22:10:34.477+0000] {logging_mixin.py:190} INFO - [2026-03-17T22:10:34.477+0000] {dag.py:4138} INFO - Setting next_dagrun for pipeline_ville_ideale_complet to 2026-03-17 00:00:00+00:00, run_after=2026-03-18 00:00:00+00:00
[2026-03-17T22:10:34.526+0000] {processor.py:208} INFO - Processing /opt/airflow/dags/scraping_dag.py took 0.301 seconds
[2026-03-17T22:11:04.620+0000] {processor.py:186} INFO - Started process (PID=105) to work on /opt/airflow/dags/scraping_dag.py
[2026-03-17T22:11:04.622+0000] {processor.py:914} INFO - Processing file /opt/airflow/dags/scraping_dag.py for tasks to queue
[2026-03-17T22:11:04.625+0000] {logging_mixin.py:190} INFO - [2026-03-17T22:11:04.625+0000] {dagbag.py:587} INFO - Filling up the DagBag from /opt/airflow/dags/scraping_dag.py
[2026-03-17T22:11:04.786+0000] {processor.py:925} INFO - DAG(s) 'pipeline_ville_ideale_complet' retrieved from /opt/airflow/dags/scraping_dag.py
[2026-03-17T22:11:04.813+0000] {logging_mixin.py:190} INFO - [2026-03-17T22:11:04.812+0000] {dag.py:3211} INFO - Sync 1 DAGs
[2026-03-17T22:11:04.837+0000] {logging_mixin.py:190} INFO - [2026-03-17T22:11:04.836+0000] {dag.py:4138} INFO - Setting next_dagrun for pipeline_ville_ideale_complet to 2026-03-17 00:00:00+00:00, run_after=2026-03-18 00:00:00+00:00
[2026-03-17T22:11:04.894+0000] {processor.py:208} INFO - Processing /opt/airflow/dags/scraping_dag.py took 0.282 seconds
[2026-03-17T22:11:35.325+0000] {processor.py:186} INFO - Started process (PID=106) to work on /opt/airflow/dags/scraping_dag.py
[2026-03-17T22:11:35.327+0000] {processor.py:914} INFO - Processing file /opt/airflow/dags/scraping_dag.py for tasks to queue
[2026-03-17T22:11:35.330+0000] {logging_mixin.py:190} INFO - [2026-03-17T22:11:35.329+0000] {dagbag.py:587} INFO - Filling up the DagBag from /opt/airflow/dags/scraping_dag.py
[2026-03-17T22:11:35.506+0000] {processor.py:925} INFO - DAG(s) 'pipeline_ville_ideale_complet' retrieved from /opt/airflow/dags/scraping_dag.py
[2026-03-17T22:11:35.537+0000] {logging_mixin.py:190} INFO - [2026-03-17T22:11:35.536+0000] {dag.py:3211} INFO - Sync 1 DAGs
[2026-03-17T22:11:35.564+0000] {logging_mixin.py:190} INFO - [2026-03-17T22:11:35.564+0000] {dag.py:4138} INFO - Setting next_dagrun for pipeline_ville_ideale_complet to 2026-03-17 00:00:00+00:00, run_after=2026-03-18 00:00:00+00:00
[2026-03-17T22:11:35.591+0000] {processor.py:208} INFO - Processing /opt/airflow/dags/scraping_dag.py took 0.272 seconds
[2026-03-17T22:12:05.765+0000] {processor.py:186} INFO - Started process (PID=107) to work on /opt/airflow/dags/scraping_dag.py
[2026-03-17T22:12:05.767+0000] {processor.py:914} INFO - Processing file /opt/airflow/dags/scraping_dag.py for tasks to queue
[2026-03-17T22:12:05.771+0000] {logging_mixin.py:190} INFO - [2026-03-17T22:12:05.770+0000] {dagbag.py:587} INFO - Filling up the DagBag from /opt/airflow/dags/scraping_dag.py
[2026-03-17T22:12:05.943+0000] {processor.py:925} INFO - DAG(s) 'pipeline_ville_ideale_complet' retrieved from /opt/airflow/dags/scraping_dag.py
[2026-03-17T22:12:05.972+0000] {logging_mixin.py:190} INFO - [2026-03-17T22:12:05.971+0000] {dag.py:3211} INFO - Sync 1 DAGs
[2026-03-17T22:12:05.994+0000] {logging_mixin.py:190} INFO - [2026-03-17T22:12:05.994+0000] {dag.py:4138} INFO - Setting next_dagrun for pipeline_ville_ideale_complet to 2026-03-17 00:00:00+00:00, run_after=2026-03-18 00:00:00+00:00
[2026-03-17T22:12:06.019+0000] {processor.py:208} INFO - Processing /opt/airflow/dags/scraping_dag.py took 0.265 seconds
[2026-03-17T22:12:36.421+0000] {processor.py:186} INFO - Started process (PID=108) to work on /opt/airflow/dags/scraping_dag.py
[2026-03-17T22:12:36.425+0000] {processor.py:914} INFO - Processing file /opt/airflow/dags/scraping_dag.py for tasks to queue
[2026-03-17T22:12:36.432+0000] {logging_mixin.py:190} INFO - [2026-03-17T22:12:36.431+0000] {dagbag.py:587} INFO - Filling up the DagBag from /opt/airflow/dags/scraping_dag.py
[2026-03-17T22:12:36.667+0000] {processor.py:925} INFO - DAG(s) 'pipeline_ville_ideale_complet' retrieved from /opt/airflow/dags/scraping_dag.py
[2026-03-17T22:12:36.705+0000] {logging_mixin.py:190} INFO - [2026-03-17T22:12:36.705+0000] {dag.py:3211} INFO - Sync 1 DAGs
[2026-03-17T22:12:36.751+0000] {logging_mixin.py:190} INFO - [2026-03-17T22:12:36.751+0000] {dag.py:4138} INFO - Setting next_dagrun for pipeline_ville_ideale_complet to 2026-03-17 00:00:00+00:00, run_after=2026-03-18 00:00:00+00:00
[2026-03-17T22:12:36.783+0000] {processor.py:208} INFO - Processing /opt/airflow/dags/scraping_dag.py took 0.379 seconds
[2026-03-17T22:13:07.203+0000] {processor.py:186} INFO - Started process (PID=109) to work on /opt/airflow/dags/scraping_dag.py
[2026-03-17T22:13:07.205+0000] {processor.py:914} INFO - Processing file /opt/airflow/dags/scraping_dag.py for tasks to queue
[2026-03-17T22:13:07.208+0000] {logging_mixin.py:190} INFO - [2026-03-17T22:13:07.208+0000] {dagbag.py:587} INFO - Filling up the DagBag from /opt/airflow/dags/scraping_dag.py
[2026-03-17T22:13:07.361+0000] {processor.py:925} INFO - DAG(s) 'pipeline_ville_ideale_complet' retrieved from /opt/airflow/dags/scraping_dag.py
[2026-03-17T22:13:07.397+0000] {logging_mixin.py:190} INFO - [2026-03-17T22:13:07.396+0000] {dag.py:3211} INFO - Sync 1 DAGs
[2026-03-17T22:13:07.419+0000] {logging_mixin.py:190} INFO - [2026-03-17T22:13:07.419+0000] {dag.py:4138} INFO - Setting next_dagrun for pipeline_ville_ideale_complet to 2026-03-17 00:00:00+00:00, run_after=2026-03-18 00:00:00+00:00
[2026-03-17T22:13:07.444+0000] {processor.py:208} INFO - Processing /opt/airflow/dags/scraping_dag.py took 0.250 seconds
[2026-03-17T22:13:37.568+0000] {processor.py:186} INFO - Started process (PID=110) to work on /opt/airflow/dags/scraping_dag.py
[2026-03-17T22:13:37.570+0000] {processor.py:914} INFO - Processing file /opt/airflow/dags/scraping_dag.py for tasks to queue
[2026-03-17T22:13:37.575+0000] {logging_mixin.py:190} INFO - [2026-03-17T22:13:37.574+0000] {dagbag.py:587} INFO - Filling up the DagBag from /opt/airflow/dags/scraping_dag.py
[2026-03-17T22:13:37.753+0000] {processor.py:925} INFO - DAG(s) 'pipeline_ville_ideale_complet' retrieved from /opt/airflow/dags/scraping_dag.py
[2026-03-17T22:13:37.784+0000] {logging_mixin.py:190} INFO - [2026-03-17T22:13:37.784+0000] {dag.py:3211} INFO - Sync 1 DAGs
[2026-03-17T22:13:37.808+0000] {logging_mixin.py:190} INFO - [2026-03-17T22:13:37.808+0000] {dag.py:4138} INFO - Setting next_dagrun for pipeline_ville_ideale_complet to 2026-03-17 00:00:00+00:00, run_after=2026-03-18 00:00:00+00:00
[2026-03-17T22:13:37.832+0000] {processor.py:208} INFO - Processing /opt/airflow/dags/scraping_dag.py took 0.274 seconds
[2026-03-17T22:14:08.242+0000] {processor.py:186} INFO - Started process (PID=111) to work on /opt/airflow/dags/scraping_dag.py
[2026-03-17T22:14:08.244+0000] {processor.py:914} INFO - Processing file /opt/airflow/dags/scraping_dag.py for tasks to queue
[2026-03-17T22:14:08.248+0000] {logging_mixin.py:190} INFO - [2026-03-17T22:14:08.247+0000] {dagbag.py:587} INFO - Filling up the DagBag from /opt/airflow/dags/scraping_dag.py
[2026-03-17T22:14:08.414+0000] {processor.py:925} INFO - DAG(s) 'pipeline_ville_ideale_complet' retrieved from /opt/airflow/dags/scraping_dag.py
[2026-03-17T22:14:08.446+0000] {logging_mixin.py:190} INFO - [2026-03-17T22:14:08.445+0000] {dag.py:3211} INFO - Sync 1 DAGs
[2026-03-17T22:14:08.476+0000] {logging_mixin.py:190} INFO - [2026-03-17T22:14:08.476+0000] {dag.py:4138} INFO - Setting next_dagrun for pipeline_ville_ideale_complet to 2026-03-17 00:00:00+00:00, run_after=2026-03-18 00:00:00+00:00
[2026-03-17T22:14:08.511+0000] {processor.py:208} INFO - Processing /opt/airflow/dags/scraping_dag.py took 0.275 seconds
[2026-03-17T22:14:38.686+0000] {processor.py:186} INFO - Started process (PID=112) to work on /opt/airflow/dags/scraping_dag.py
[2026-03-17T22:14:38.688+0000] {processor.py:914} INFO - Processing file /opt/airflow/dags/scraping_dag.py for tasks to queue
[2026-03-17T22:14:38.691+0000] {logging_mixin.py:190} INFO - [2026-03-17T22:14:38.691+0000] {dagbag.py:587} INFO - Filling up the DagBag from /opt/airflow/dags/scraping_dag.py
[2026-03-17T22:14:38.840+0000] {processor.py:925} INFO - DAG(s) 'pipeline_ville_ideale_complet' retrieved from /opt/airflow/dags/scraping_dag.py
[2026-03-17T22:14:38.872+0000] {logging_mixin.py:190} INFO - [2026-03-17T22:14:38.871+0000] {dag.py:3211} INFO - Sync 1 DAGs
[2026-03-17T22:14:38.897+0000] {logging_mixin.py:190} INFO - [2026-03-17T22:14:38.897+0000] {dag.py:4138} INFO - Setting next_dagrun for pipeline_ville_ideale_complet to 2026-03-17 00:00:00+00:00, run_after=2026-03-18 00:00:00+00:00
[2026-03-17T22:14:38.924+0000] {processor.py:208} INFO - Processing /opt/airflow/dags/scraping_dag.py took 0.247 seconds
[2026-03-17T22:15:09.300+0000] {processor.py:186} INFO - Started process (PID=113) to work on /opt/airflow/dags/scraping_dag.py
[2026-03-17T22:15:09.302+0000] {processor.py:914} INFO - Processing file /opt/airflow/dags/scraping_dag.py for tasks to queue
[2026-03-17T22:15:09.307+0000] {logging_mixin.py:190} INFO - [2026-03-17T22:15:09.306+0000] {dagbag.py:587} INFO - Filling up the DagBag from /opt/airflow/dags/scraping_dag.py
[2026-03-17T22:15:09.458+0000] {processor.py:925} INFO - DAG(s) 'pipeline_ville_ideale_complet' retrieved from /opt/airflow/dags/scraping_dag.py
[2026-03-17T22:15:09.487+0000] {logging_mixin.py:190} INFO - [2026-03-17T22:15:09.487+0000] {dag.py:3211} INFO - Sync 1 DAGs
[2026-03-17T22:15:09.517+0000] {logging_mixin.py:190} INFO - [2026-03-17T22:15:09.517+0000] {dag.py:4138} INFO - Setting next_dagrun for pipeline_ville_ideale_complet to 2026-03-17 00:00:00+00:00, run_after=2026-03-18 00:00:00+00:00
[2026-03-17T22:15:09.541+0000] {processor.py:208} INFO - Processing /opt/airflow/dags/scraping_dag.py took 0.250 seconds
[2026-03-17T22:15:39.788+0000] {processor.py:186} INFO - Started process (PID=114) to work on /opt/airflow/dags/scraping_dag.py
[2026-03-17T22:15:39.790+0000] {processor.py:914} INFO - Processing file /opt/airflow/dags/scraping_dag.py for tasks to queue
[2026-03-17T22:15:39.795+0000] {logging_mixin.py:190} INFO - [2026-03-17T22:15:39.795+0000] {dagbag.py:587} INFO - Filling up the DagBag from /opt/airflow/dags/scraping_dag.py
[2026-03-17T22:15:39.970+0000] {processor.py:925} INFO - DAG(s) 'pipeline_ville_ideale_complet' retrieved from /opt/airflow/dags/scraping_dag.py
[2026-03-17T22:15:40.022+0000] {logging_mixin.py:190} INFO - [2026-03-17T22:15:40.022+0000] {dag.py:3211} INFO - Sync 1 DAGs
[2026-03-17T22:15:40.068+0000] {logging_mixin.py:190} INFO - [2026-03-17T22:15:40.068+0000] {dag.py:4138} INFO - Setting next_dagrun for pipeline_ville_ideale_complet to 2026-03-17 00:00:00+00:00, run_after=2026-03-18 00:00:00+00:00
[2026-03-17T22:15:40.094+0000] {processor.py:208} INFO - Processing /opt/airflow/dags/scraping_dag.py took 0.315 seconds
[2026-03-17T22:15:50.335+0000] {processor.py:186} INFO - Started process (PID=115) to work on /opt/airflow/dags/scraping_dag.py
[2026-03-17T22:15:50.337+0000] {processor.py:914} INFO - Processing file /opt/airflow/dags/scraping_dag.py for tasks to queue
[2026-03-17T22:15:50.340+0000] {logging_mixin.py:190} INFO - [2026-03-17T22:15:50.340+0000] {dagbag.py:587} INFO - Filling up the DagBag from /opt/airflow/dags/scraping_dag.py
[2026-03-17T22:15:50.369+0000] {logging_mixin.py:190} INFO - [2026-03-17T22:15:50.367+0000] {dagbag.py:386} ERROR - Failed to import: /opt/airflow/dags/scraping_dag.py
Traceback (most recent call last):
  File "/home/airflow/.local/lib/python3.11/site-packages/airflow/models/dagbag.py", line 382, in parse
    loader.exec_module(new_module)
  File "<frozen importlib._bootstrap_external>", line 936, in exec_module
  File "<frozen importlib._bootstrap_external>", line 1074, in get_code
  File "<frozen importlib._bootstrap_external>", line 1004, in source_to_code
  File "<frozen importlib._bootstrap>", line 241, in _call_with_frames_removed
  File "/opt/airflow/dags/scraping_dag.py", line 15
    MONGO_URI = "mongodb://admin:password@mongodb:27017/" faris@HPdeFarida:/mnt/c/Users/faris/Documents/Projets personnels/ville_ideale$ docker exec -it mong
                                                          ^^^^^
SyntaxError: invalid syntax
[2026-03-17T22:15:50.370+0000] {processor.py:927} WARNING - No viable dags retrieved from /opt/airflow/dags/scraping_dag.py
[2026-03-17T22:15:50.403+0000] {processor.py:208} INFO - Processing /opt/airflow/dags/scraping_dag.py took 0.077 seconds
[2026-03-17T22:15:52.392+0000] {processor.py:186} INFO - Started process (PID=116) to work on /opt/airflow/dags/scraping_dag.py
[2026-03-17T22:15:52.394+0000] {processor.py:914} INFO - Processing file /opt/airflow/dags/scraping_dag.py for tasks to queue
[2026-03-17T22:15:52.398+0000] {logging_mixin.py:190} INFO - [2026-03-17T22:15:52.397+0000] {dagbag.py:587} INFO - Filling up the DagBag from /opt/airflow/dags/scraping_dag.py
[2026-03-17T22:15:52.623+0000] {processor.py:925} INFO - DAG(s) 'pipeline_ville_ideale_complet' retrieved from /opt/airflow/dags/scraping_dag.py
[2026-03-17T22:15:52.668+0000] {logging_mixin.py:190} INFO - [2026-03-17T22:15:52.668+0000] {dag.py:3211} INFO - Sync 1 DAGs
[2026-03-17T22:15:52.712+0000] {logging_mixin.py:190} INFO - [2026-03-17T22:15:52.712+0000] {dag.py:4138} INFO - Setting next_dagrun for pipeline_ville_ideale_complet to 2026-03-17 00:00:00+00:00, run_after=2026-03-18 00:00:00+00:00
[2026-03-17T22:15:52.753+0000] {processor.py:208} INFO - Processing /opt/airflow/dags/scraping_dag.py took 0.376 seconds
[2026-03-17T22:16:22.199+0000] {processor.py:186} INFO - Started process (PID=117) to work on /opt/airflow/dags/scraping_dag.py
[2026-03-17T22:16:22.201+0000] {processor.py:914} INFO - Processing file /opt/airflow/dags/scraping_dag.py for tasks to queue
[2026-03-17T22:16:22.203+0000] {logging_mixin.py:190} INFO - [2026-03-17T22:16:22.203+0000] {dagbag.py:587} INFO - Filling up the DagBag from /opt/airflow/dags/scraping_dag.py
[2026-03-17T22:16:22.372+0000] {processor.py:925} INFO - DAG(s) 'pipeline_ville_ideale_complet' retrieved from /opt/airflow/dags/scraping_dag.py
[2026-03-17T22:16:22.404+0000] {logging_mixin.py:190} INFO - [2026-03-17T22:16:22.404+0000] {dag.py:3211} INFO - Sync 1 DAGs
[2026-03-17T22:16:22.431+0000] {logging_mixin.py:190} INFO - [2026-03-17T22:16:22.431+0000] {dag.py:4138} INFO - Setting next_dagrun for pipeline_ville_ideale_complet to 2026-03-17 00:00:00+00:00, run_after=2026-03-18 00:00:00+00:00
[2026-03-17T22:16:22.473+0000] {processor.py:208} INFO - Processing /opt/airflow/dags/scraping_dag.py took 0.284 seconds
[2026-03-17T22:16:26.308+0000] {processor.py:186} INFO - Started process (PID=118) to work on /opt/airflow/dags/scraping_dag.py
[2026-03-17T22:16:26.309+0000] {processor.py:914} INFO - Processing file /opt/airflow/dags/scraping_dag.py for tasks to queue
[2026-03-17T22:16:26.315+0000] {logging_mixin.py:190} INFO - [2026-03-17T22:16:26.315+0000] {dagbag.py:587} INFO - Filling up the DagBag from /opt/airflow/dags/scraping_dag.py
[2026-03-17T22:16:26.342+0000] {logging_mixin.py:190} INFO - [2026-03-17T22:16:26.341+0000] {dagbag.py:386} ERROR - Failed to import: /opt/airflow/dags/scraping_dag.py
Traceback (most recent call last):
  File "/home/airflow/.local/lib/python3.11/site-packages/airflow/models/dagbag.py", line 382, in parse
    loader.exec_module(new_module)
  File "<frozen importlib._bootstrap_external>", line 936, in exec_module
  File "<frozen importlib._bootstrap_external>", line 1074, in get_code
  File "<frozen importlib._bootstrap_external>", line 1004, in source_to_code
  File "<frozen importlib._bootstrap>", line 241, in _call_with_frames_removed
  File "/opt/airflow/dags/scraping_dag.py", line 15
    MONGO_URI "mongodb://admin:password@mongodb_ville_ideale:27017/"
              ^^^^^^^^^^^^^^^^^^^^^^^^^^^^^^^^^^^^^^^^^^^^^^^^^^^^^^
SyntaxError: invalid syntax
[2026-03-17T22:16:26.343+0000] {processor.py:927} WARNING - No viable dags retrieved from /opt/airflow/dags/scraping_dag.py
[2026-03-17T22:16:26.368+0000] {processor.py:208} INFO - Processing /opt/airflow/dags/scraping_dag.py took 0.067 seconds
[2026-03-17T22:16:29.374+0000] {processor.py:186} INFO - Started process (PID=119) to work on /opt/airflow/dags/scraping_dag.py
[2026-03-17T22:16:29.376+0000] {processor.py:914} INFO - Processing file /opt/airflow/dags/scraping_dag.py for tasks to queue
[2026-03-17T22:16:29.384+0000] {logging_mixin.py:190} INFO - [2026-03-17T22:16:29.383+0000] {dagbag.py:587} INFO - Filling up the DagBag from /opt/airflow/dags/scraping_dag.py
[2026-03-17T22:16:29.414+0000] {logging_mixin.py:190} INFO - [2026-03-17T22:16:29.413+0000] {dagbag.py:386} ERROR - Failed to import: /opt/airflow/dags/scraping_dag.py
Traceback (most recent call last):
  File "/home/airflow/.local/lib/python3.11/site-packages/airflow/models/dagbag.py", line 382, in parse
    loader.exec_module(new_module)
  File "<frozen importlib._bootstrap_external>", line 936, in exec_module
  File "<frozen importlib._bootstrap_external>", line 1074, in get_code
  File "<frozen importlib._bootstrap_external>", line 1004, in source_to_code
  File "<frozen importlib._bootstrap>", line 241, in _call_with_frames_removed
  File "/opt/airflow/dags/scraping_dag.py", line 15
    MONGO_URI"mongodb://admin:password@mongodb_ville_ideale:27017/"
             ^^^^^^^^^^^^^^^^^^^^^^^^^^^^^^^^^^^^^^^^^^^^^^^^^^^^^^
SyntaxError: invalid syntax
[2026-03-17T22:16:29.415+0000] {processor.py:927} WARNING - No viable dags retrieved from /opt/airflow/dags/scraping_dag.py
[2026-03-17T22:16:29.438+0000] {processor.py:208} INFO - Processing /opt/airflow/dags/scraping_dag.py took 0.071 seconds
[2026-03-17T22:16:31.502+0000] {processor.py:186} INFO - Started process (PID=120) to work on /opt/airflow/dags/scraping_dag.py
[2026-03-17T22:16:31.503+0000] {processor.py:914} INFO - Processing file /opt/airflow/dags/scraping_dag.py for tasks to queue
[2026-03-17T22:16:31.505+0000] {logging_mixin.py:190} INFO - [2026-03-17T22:16:31.505+0000] {dagbag.py:587} INFO - Filling up the DagBag from /opt/airflow/dags/scraping_dag.py
[2026-03-17T22:16:31.712+0000] {processor.py:925} INFO - DAG(s) 'pipeline_ville_ideale_complet' retrieved from /opt/airflow/dags/scraping_dag.py
[2026-03-17T22:16:31.745+0000] {logging_mixin.py:190} INFO - [2026-03-17T22:16:31.743+0000] {dag.py:3211} INFO - Sync 1 DAGs
[2026-03-17T22:16:31.769+0000] {logging_mixin.py:190} INFO - [2026-03-17T22:16:31.769+0000] {dag.py:4138} INFO - Setting next_dagrun for pipeline_ville_ideale_complet to 2026-03-17 00:00:00+00:00, run_after=2026-03-18 00:00:00+00:00
[2026-03-17T22:16:31.806+0000] {processor.py:208} INFO - Processing /opt/airflow/dags/scraping_dag.py took 0.311 seconds
[2026-03-17T22:17:02.211+0000] {processor.py:186} INFO - Started process (PID=121) to work on /opt/airflow/dags/scraping_dag.py
[2026-03-17T22:17:02.213+0000] {processor.py:914} INFO - Processing file /opt/airflow/dags/scraping_dag.py for tasks to queue
[2026-03-17T22:17:02.215+0000] {logging_mixin.py:190} INFO - [2026-03-17T22:17:02.215+0000] {dagbag.py:587} INFO - Filling up the DagBag from /opt/airflow/dags/scraping_dag.py
[2026-03-17T22:17:02.386+0000] {processor.py:925} INFO - DAG(s) 'pipeline_ville_ideale_complet' retrieved from /opt/airflow/dags/scraping_dag.py
[2026-03-17T22:17:02.424+0000] {logging_mixin.py:190} INFO - [2026-03-17T22:17:02.424+0000] {dag.py:3211} INFO - Sync 1 DAGs
[2026-03-17T22:17:02.454+0000] {logging_mixin.py:190} INFO - [2026-03-17T22:17:02.454+0000] {dag.py:4138} INFO - Setting next_dagrun for pipeline_ville_ideale_complet to 2026-03-17 00:00:00+00:00, run_after=2026-03-18 00:00:00+00:00
[2026-03-17T22:17:02.491+0000] {processor.py:208} INFO - Processing /opt/airflow/dags/scraping_dag.py took 0.287 seconds
[2026-03-17T22:17:32.609+0000] {processor.py:186} INFO - Started process (PID=122) to work on /opt/airflow/dags/scraping_dag.py
[2026-03-17T22:17:32.611+0000] {processor.py:914} INFO - Processing file /opt/airflow/dags/scraping_dag.py for tasks to queue
[2026-03-17T22:17:32.614+0000] {logging_mixin.py:190} INFO - [2026-03-17T22:17:32.614+0000] {dagbag.py:587} INFO - Filling up the DagBag from /opt/airflow/dags/scraping_dag.py
[2026-03-17T22:17:32.808+0000] {processor.py:925} INFO - DAG(s) 'pipeline_ville_ideale_complet' retrieved from /opt/airflow/dags/scraping_dag.py
[2026-03-17T22:17:32.837+0000] {logging_mixin.py:190} INFO - [2026-03-17T22:17:32.837+0000] {dag.py:3211} INFO - Sync 1 DAGs
[2026-03-17T22:17:32.862+0000] {logging_mixin.py:190} INFO - [2026-03-17T22:17:32.862+0000] {dag.py:4138} INFO - Setting next_dagrun for pipeline_ville_ideale_complet to 2026-03-17 00:00:00+00:00, run_after=2026-03-18 00:00:00+00:00
[2026-03-17T22:17:32.892+0000] {processor.py:208} INFO - Processing /opt/airflow/dags/scraping_dag.py took 0.290 seconds
[2026-03-17T22:18:03.307+0000] {processor.py:186} INFO - Started process (PID=123) to work on /opt/airflow/dags/scraping_dag.py
[2026-03-17T22:18:03.309+0000] {processor.py:914} INFO - Processing file /opt/airflow/dags/scraping_dag.py for tasks to queue
[2026-03-17T22:18:03.312+0000] {logging_mixin.py:190} INFO - [2026-03-17T22:18:03.312+0000] {dagbag.py:587} INFO - Filling up the DagBag from /opt/airflow/dags/scraping_dag.py
[2026-03-17T22:18:03.480+0000] {processor.py:925} INFO - DAG(s) 'pipeline_ville_ideale_complet' retrieved from /opt/airflow/dags/scraping_dag.py
[2026-03-17T22:18:03.507+0000] {logging_mixin.py:190} INFO - [2026-03-17T22:18:03.507+0000] {dag.py:3211} INFO - Sync 1 DAGs
[2026-03-17T22:18:03.531+0000] {logging_mixin.py:190} INFO - [2026-03-17T22:18:03.531+0000] {dag.py:4138} INFO - Setting next_dagrun for pipeline_ville_ideale_complet to 2026-03-17 00:00:00+00:00, run_after=2026-03-18 00:00:00+00:00
[2026-03-17T22:18:03.572+0000] {processor.py:208} INFO - Processing /opt/airflow/dags/scraping_dag.py took 0.271 seconds
[2026-03-17T22:18:33.745+0000] {processor.py:186} INFO - Started process (PID=124) to work on /opt/airflow/dags/scraping_dag.py
[2026-03-17T22:18:33.747+0000] {processor.py:914} INFO - Processing file /opt/airflow/dags/scraping_dag.py for tasks to queue
[2026-03-17T22:18:33.750+0000] {logging_mixin.py:190} INFO - [2026-03-17T22:18:33.750+0000] {dagbag.py:587} INFO - Filling up the DagBag from /opt/airflow/dags/scraping_dag.py
[2026-03-17T22:18:33.925+0000] {processor.py:925} INFO - DAG(s) 'pipeline_ville_ideale_complet' retrieved from /opt/airflow/dags/scraping_dag.py
[2026-03-17T22:18:33.959+0000] {logging_mixin.py:190} INFO - [2026-03-17T22:18:33.957+0000] {dag.py:3211} INFO - Sync 1 DAGs
[2026-03-17T22:18:33.985+0000] {logging_mixin.py:190} INFO - [2026-03-17T22:18:33.984+0000] {dag.py:4138} INFO - Setting next_dagrun for pipeline_ville_ideale_complet to 2026-03-17 00:00:00+00:00, run_after=2026-03-18 00:00:00+00:00
[2026-03-17T22:18:34.013+0000] {processor.py:208} INFO - Processing /opt/airflow/dags/scraping_dag.py took 0.278 seconds
[2026-03-17T22:19:04.399+0000] {processor.py:186} INFO - Started process (PID=125) to work on /opt/airflow/dags/scraping_dag.py
[2026-03-17T22:19:04.400+0000] {processor.py:914} INFO - Processing file /opt/airflow/dags/scraping_dag.py for tasks to queue
[2026-03-17T22:19:04.403+0000] {logging_mixin.py:190} INFO - [2026-03-17T22:19:04.403+0000] {dagbag.py:587} INFO - Filling up the DagBag from /opt/airflow/dags/scraping_dag.py
[2026-03-17T22:19:04.542+0000] {processor.py:925} INFO - DAG(s) 'pipeline_ville_ideale_complet' retrieved from /opt/airflow/dags/scraping_dag.py
[2026-03-17T22:19:04.569+0000] {logging_mixin.py:190} INFO - [2026-03-17T22:19:04.569+0000] {dag.py:3211} INFO - Sync 1 DAGs
[2026-03-17T22:19:04.599+0000] {logging_mixin.py:190} INFO - [2026-03-17T22:19:04.599+0000] {dag.py:4138} INFO - Setting next_dagrun for pipeline_ville_ideale_complet to 2026-03-17 00:00:00+00:00, run_after=2026-03-18 00:00:00+00:00
[2026-03-17T22:19:04.642+0000] {processor.py:208} INFO - Processing /opt/airflow/dags/scraping_dag.py took 0.252 seconds
[2026-03-17T22:19:34.828+0000] {processor.py:186} INFO - Started process (PID=126) to work on /opt/airflow/dags/scraping_dag.py
[2026-03-17T22:19:34.831+0000] {processor.py:914} INFO - Processing file /opt/airflow/dags/scraping_dag.py for tasks to queue
[2026-03-17T22:19:34.835+0000] {logging_mixin.py:190} INFO - [2026-03-17T22:19:34.834+0000] {dagbag.py:587} INFO - Filling up the DagBag from /opt/airflow/dags/scraping_dag.py
[2026-03-17T22:19:35.037+0000] {processor.py:925} INFO - DAG(s) 'pipeline_ville_ideale_complet' retrieved from /opt/airflow/dags/scraping_dag.py
[2026-03-17T22:19:35.071+0000] {logging_mixin.py:190} INFO - [2026-03-17T22:19:35.071+0000] {dag.py:3211} INFO - Sync 1 DAGs
[2026-03-17T22:19:35.106+0000] {logging_mixin.py:190} INFO - [2026-03-17T22:19:35.106+0000] {dag.py:4138} INFO - Setting next_dagrun for pipeline_ville_ideale_complet to 2026-03-17 00:00:00+00:00, run_after=2026-03-18 00:00:00+00:00
[2026-03-17T22:19:35.148+0000] {processor.py:208} INFO - Processing /opt/airflow/dags/scraping_dag.py took 0.332 seconds
[2026-03-17T22:20:05.428+0000] {processor.py:186} INFO - Started process (PID=127) to work on /opt/airflow/dags/scraping_dag.py
[2026-03-17T22:20:05.430+0000] {processor.py:914} INFO - Processing file /opt/airflow/dags/scraping_dag.py for tasks to queue
[2026-03-17T22:20:05.434+0000] {logging_mixin.py:190} INFO - [2026-03-17T22:20:05.434+0000] {dagbag.py:587} INFO - Filling up the DagBag from /opt/airflow/dags/scraping_dag.py
[2026-03-17T22:20:05.595+0000] {processor.py:925} INFO - DAG(s) 'pipeline_ville_ideale_complet' retrieved from /opt/airflow/dags/scraping_dag.py
[2026-03-17T22:20:05.625+0000] {logging_mixin.py:190} INFO - [2026-03-17T22:20:05.624+0000] {dag.py:3211} INFO - Sync 1 DAGs
[2026-03-17T22:20:05.654+0000] {logging_mixin.py:190} INFO - [2026-03-17T22:20:05.654+0000] {dag.py:4138} INFO - Setting next_dagrun for pipeline_ville_ideale_complet to 2026-03-17 00:00:00+00:00, run_after=2026-03-18 00:00:00+00:00
[2026-03-17T22:20:05.688+0000] {processor.py:208} INFO - Processing /opt/airflow/dags/scraping_dag.py took 0.271 seconds
[2026-03-17T22:20:35.956+0000] {processor.py:186} INFO - Started process (PID=128) to work on /opt/airflow/dags/scraping_dag.py
[2026-03-17T22:20:35.957+0000] {processor.py:914} INFO - Processing file /opt/airflow/dags/scraping_dag.py for tasks to queue
[2026-03-17T22:20:35.961+0000] {logging_mixin.py:190} INFO - [2026-03-17T22:20:35.960+0000] {dagbag.py:587} INFO - Filling up the DagBag from /opt/airflow/dags/scraping_dag.py
[2026-03-17T22:20:36.146+0000] {processor.py:925} INFO - DAG(s) 'pipeline_ville_ideale_complet' retrieved from /opt/airflow/dags/scraping_dag.py
[2026-03-17T22:20:36.181+0000] {logging_mixin.py:190} INFO - [2026-03-17T22:20:36.179+0000] {dag.py:3211} INFO - Sync 1 DAGs
[2026-03-17T22:20:36.211+0000] {logging_mixin.py:190} INFO - [2026-03-17T22:20:36.211+0000] {dag.py:4138} INFO - Setting next_dagrun for pipeline_ville_ideale_complet to 2026-03-17 00:00:00+00:00, run_after=2026-03-18 00:00:00+00:00
[2026-03-17T22:20:36.246+0000] {processor.py:208} INFO - Processing /opt/airflow/dags/scraping_dag.py took 0.297 seconds
[2026-03-17T22:21:06.478+0000] {processor.py:186} INFO - Started process (PID=129) to work on /opt/airflow/dags/scraping_dag.py
[2026-03-17T22:21:06.480+0000] {processor.py:914} INFO - Processing file /opt/airflow/dags/scraping_dag.py for tasks to queue
[2026-03-17T22:21:06.484+0000] {logging_mixin.py:190} INFO - [2026-03-17T22:21:06.483+0000] {dagbag.py:587} INFO - Filling up the DagBag from /opt/airflow/dags/scraping_dag.py
[2026-03-17T22:21:06.629+0000] {processor.py:925} INFO - DAG(s) 'pipeline_ville_ideale_complet' retrieved from /opt/airflow/dags/scraping_dag.py
[2026-03-17T22:21:06.657+0000] {logging_mixin.py:190} INFO - [2026-03-17T22:21:06.656+0000] {dag.py:3211} INFO - Sync 1 DAGs
[2026-03-17T22:21:06.682+0000] {logging_mixin.py:190} INFO - [2026-03-17T22:21:06.682+0000] {dag.py:4138} INFO - Setting next_dagrun for pipeline_ville_ideale_complet to 2026-03-17 00:00:00+00:00, run_after=2026-03-18 00:00:00+00:00
[2026-03-17T22:21:06.705+0000] {processor.py:208} INFO - Processing /opt/airflow/dags/scraping_dag.py took 0.236 seconds
[2026-03-17T22:21:37.044+0000] {processor.py:186} INFO - Started process (PID=130) to work on /opt/airflow/dags/scraping_dag.py
[2026-03-17T22:21:37.046+0000] {processor.py:914} INFO - Processing file /opt/airflow/dags/scraping_dag.py for tasks to queue
[2026-03-17T22:21:37.049+0000] {logging_mixin.py:190} INFO - [2026-03-17T22:21:37.049+0000] {dagbag.py:587} INFO - Filling up the DagBag from /opt/airflow/dags/scraping_dag.py
[2026-03-17T22:21:37.197+0000] {processor.py:925} INFO - DAG(s) 'pipeline_ville_ideale_complet' retrieved from /opt/airflow/dags/scraping_dag.py
[2026-03-17T22:21:37.224+0000] {logging_mixin.py:190} INFO - [2026-03-17T22:21:37.224+0000] {dag.py:3211} INFO - Sync 1 DAGs
[2026-03-17T22:21:37.250+0000] {logging_mixin.py:190} INFO - [2026-03-17T22:21:37.249+0000] {dag.py:4138} INFO - Setting next_dagrun for pipeline_ville_ideale_complet to 2026-03-17 00:00:00+00:00, run_after=2026-03-18 00:00:00+00:00
[2026-03-17T22:21:37.274+0000] {processor.py:208} INFO - Processing /opt/airflow/dags/scraping_dag.py took 0.239 seconds
[2026-03-17T22:22:01.686+0000] {processor.py:186} INFO - Started process (PID=131) to work on /opt/airflow/dags/scraping_dag.py
[2026-03-17T22:22:01.688+0000] {processor.py:914} INFO - Processing file /opt/airflow/dags/scraping_dag.py for tasks to queue
[2026-03-17T22:22:01.693+0000] {logging_mixin.py:190} INFO - [2026-03-17T22:22:01.692+0000] {dagbag.py:587} INFO - Filling up the DagBag from /opt/airflow/dags/scraping_dag.py
[2026-03-17T22:22:01.857+0000] {processor.py:925} INFO - DAG(s) 'pipeline_ville_ideale_complet' retrieved from /opt/airflow/dags/scraping_dag.py
[2026-03-17T22:22:01.884+0000] {logging_mixin.py:190} INFO - [2026-03-17T22:22:01.884+0000] {dag.py:3211} INFO - Sync 1 DAGs
[2026-03-17T22:22:01.910+0000] {logging_mixin.py:190} INFO - [2026-03-17T22:22:01.910+0000] {dag.py:4138} INFO - Setting next_dagrun for pipeline_ville_ideale_complet to 2026-03-17 00:00:00+00:00, run_after=2026-03-18 00:00:00+00:00
[2026-03-17T22:22:01.948+0000] {processor.py:208} INFO - Processing /opt/airflow/dags/scraping_dag.py took 0.273 seconds
[2026-03-17T22:22:03.766+0000] {processor.py:186} INFO - Started process (PID=132) to work on /opt/airflow/dags/scraping_dag.py
[2026-03-17T22:22:03.767+0000] {processor.py:914} INFO - Processing file /opt/airflow/dags/scraping_dag.py for tasks to queue
[2026-03-17T22:22:03.770+0000] {logging_mixin.py:190} INFO - [2026-03-17T22:22:03.770+0000] {dagbag.py:587} INFO - Filling up the DagBag from /opt/airflow/dags/scraping_dag.py
[2026-03-17T22:22:03.966+0000] {processor.py:925} INFO - DAG(s) 'pipeline_ville_ideale_complet' retrieved from /opt/airflow/dags/scraping_dag.py
[2026-03-17T22:22:03.992+0000] {logging_mixin.py:190} INFO - [2026-03-17T22:22:03.991+0000] {dag.py:3211} INFO - Sync 1 DAGs
[2026-03-17T22:22:04.016+0000] {logging_mixin.py:190} INFO - [2026-03-17T22:22:04.016+0000] {dag.py:4138} INFO - Setting next_dagrun for pipeline_ville_ideale_complet to 2026-03-17 00:00:00+00:00, run_after=2026-03-18 00:00:00+00:00
[2026-03-17T22:22:04.049+0000] {processor.py:208} INFO - Processing /opt/airflow/dags/scraping_dag.py took 0.290 seconds
[2026-03-17T22:22:26.346+0000] {processor.py:186} INFO - Started process (PID=133) to work on /opt/airflow/dags/scraping_dag.py
[2026-03-17T22:22:26.348+0000] {processor.py:914} INFO - Processing file /opt/airflow/dags/scraping_dag.py for tasks to queue
[2026-03-17T22:22:26.352+0000] {logging_mixin.py:190} INFO - [2026-03-17T22:22:26.352+0000] {dagbag.py:587} INFO - Filling up the DagBag from /opt/airflow/dags/scraping_dag.py
[2026-03-17T22:22:26.583+0000] {processor.py:925} INFO - DAG(s) 'pipeline_ville_ideale_complet' retrieved from /opt/airflow/dags/scraping_dag.py
[2026-03-17T22:22:26.619+0000] {logging_mixin.py:190} INFO - [2026-03-17T22:22:26.618+0000] {dag.py:3211} INFO - Sync 1 DAGs
[2026-03-17T22:22:26.650+0000] {logging_mixin.py:190} INFO - [2026-03-17T22:22:26.649+0000] {dag.py:4138} INFO - Setting next_dagrun for pipeline_ville_ideale_complet to 2026-03-17 00:00:00+00:00, run_after=2026-03-18 00:00:00+00:00
[2026-03-17T22:22:26.706+0000] {processor.py:208} INFO - Processing /opt/airflow/dags/scraping_dag.py took 0.366 seconds
[2026-03-17T22:22:57.173+0000] {processor.py:186} INFO - Started process (PID=134) to work on /opt/airflow/dags/scraping_dag.py
[2026-03-17T22:22:57.175+0000] {processor.py:914} INFO - Processing file /opt/airflow/dags/scraping_dag.py for tasks to queue
[2026-03-17T22:22:57.180+0000] {logging_mixin.py:190} INFO - [2026-03-17T22:22:57.179+0000] {dagbag.py:587} INFO - Filling up the DagBag from /opt/airflow/dags/scraping_dag.py
[2026-03-17T22:22:57.348+0000] {processor.py:925} INFO - DAG(s) 'pipeline_ville_ideale_complet' retrieved from /opt/airflow/dags/scraping_dag.py
[2026-03-17T22:22:57.387+0000] {logging_mixin.py:190} INFO - [2026-03-17T22:22:57.387+0000] {dag.py:3211} INFO - Sync 1 DAGs
[2026-03-17T22:22:57.414+0000] {logging_mixin.py:190} INFO - [2026-03-17T22:22:57.414+0000] {dag.py:4138} INFO - Setting next_dagrun for pipeline_ville_ideale_complet to 2026-03-17 00:00:00+00:00, run_after=2026-03-18 00:00:00+00:00
[2026-03-17T22:22:57.451+0000] {processor.py:208} INFO - Processing /opt/airflow/dags/scraping_dag.py took 0.289 seconds
[2026-03-17T22:23:27.546+0000] {processor.py:186} INFO - Started process (PID=135) to work on /opt/airflow/dags/scraping_dag.py
[2026-03-17T22:23:27.547+0000] {processor.py:914} INFO - Processing file /opt/airflow/dags/scraping_dag.py for tasks to queue
[2026-03-17T22:23:27.551+0000] {logging_mixin.py:190} INFO - [2026-03-17T22:23:27.551+0000] {dagbag.py:587} INFO - Filling up the DagBag from /opt/airflow/dags/scraping_dag.py
[2026-03-17T22:23:27.701+0000] {processor.py:925} INFO - DAG(s) 'pipeline_ville_ideale_complet' retrieved from /opt/airflow/dags/scraping_dag.py
[2026-03-17T22:23:27.732+0000] {logging_mixin.py:190} INFO - [2026-03-17T22:23:27.731+0000] {dag.py:3211} INFO - Sync 1 DAGs
[2026-03-17T22:23:27.759+0000] {logging_mixin.py:190} INFO - [2026-03-17T22:23:27.759+0000] {dag.py:4138} INFO - Setting next_dagrun for pipeline_ville_ideale_complet to 2026-03-17 00:00:00+00:00, run_after=2026-03-18 00:00:00+00:00
[2026-03-17T22:23:27.790+0000] {processor.py:208} INFO - Processing /opt/airflow/dags/scraping_dag.py took 0.251 seconds
[2026-03-17T22:23:57.928+0000] {processor.py:186} INFO - Started process (PID=136) to work on /opt/airflow/dags/scraping_dag.py
[2026-03-17T22:23:57.930+0000] {processor.py:914} INFO - Processing file /opt/airflow/dags/scraping_dag.py for tasks to queue
[2026-03-17T22:23:57.933+0000] {logging_mixin.py:190} INFO - [2026-03-17T22:23:57.933+0000] {dagbag.py:587} INFO - Filling up the DagBag from /opt/airflow/dags/scraping_dag.py
[2026-03-17T22:23:58.083+0000] {processor.py:925} INFO - DAG(s) 'pipeline_ville_ideale_complet' retrieved from /opt/airflow/dags/scraping_dag.py
[2026-03-17T22:23:58.115+0000] {logging_mixin.py:190} INFO - [2026-03-17T22:23:58.115+0000] {dag.py:3211} INFO - Sync 1 DAGs
[2026-03-17T22:23:58.141+0000] {logging_mixin.py:190} INFO - [2026-03-17T22:23:58.140+0000] {dag.py:4138} INFO - Setting next_dagrun for pipeline_ville_ideale_complet to 2026-03-17 00:00:00+00:00, run_after=2026-03-18 00:00:00+00:00
[2026-03-17T22:23:58.182+0000] {processor.py:208} INFO - Processing /opt/airflow/dags/scraping_dag.py took 0.262 seconds
[2026-03-17T22:24:28.586+0000] {processor.py:186} INFO - Started process (PID=137) to work on /opt/airflow/dags/scraping_dag.py
[2026-03-17T22:24:28.588+0000] {processor.py:914} INFO - Processing file /opt/airflow/dags/scraping_dag.py for tasks to queue
[2026-03-17T22:24:28.591+0000] {logging_mixin.py:190} INFO - [2026-03-17T22:24:28.591+0000] {dagbag.py:587} INFO - Filling up the DagBag from /opt/airflow/dags/scraping_dag.py
[2026-03-17T22:24:28.778+0000] {processor.py:925} INFO - DAG(s) 'pipeline_ville_ideale_complet' retrieved from /opt/airflow/dags/scraping_dag.py
[2026-03-17T22:24:28.809+0000] {logging_mixin.py:190} INFO - [2026-03-17T22:24:28.809+0000] {dag.py:3211} INFO - Sync 1 DAGs
[2026-03-17T22:24:28.838+0000] {logging_mixin.py:190} INFO - [2026-03-17T22:24:28.837+0000] {dag.py:4138} INFO - Setting next_dagrun for pipeline_ville_ideale_complet to 2026-03-17 00:00:00+00:00, run_after=2026-03-18 00:00:00+00:00
[2026-03-17T22:24:28.876+0000] {processor.py:208} INFO - Processing /opt/airflow/dags/scraping_dag.py took 0.298 seconds
[2026-03-17T22:24:59.000+0000] {processor.py:186} INFO - Started process (PID=138) to work on /opt/airflow/dags/scraping_dag.py
[2026-03-17T22:24:59.002+0000] {processor.py:914} INFO - Processing file /opt/airflow/dags/scraping_dag.py for tasks to queue
[2026-03-17T22:24:59.006+0000] {logging_mixin.py:190} INFO - [2026-03-17T22:24:59.005+0000] {dagbag.py:587} INFO - Filling up the DagBag from /opt/airflow/dags/scraping_dag.py
[2026-03-17T22:24:59.170+0000] {processor.py:925} INFO - DAG(s) 'pipeline_ville_ideale_complet' retrieved from /opt/airflow/dags/scraping_dag.py
[2026-03-17T22:24:59.206+0000] {logging_mixin.py:190} INFO - [2026-03-17T22:24:59.206+0000] {dag.py:3211} INFO - Sync 1 DAGs
[2026-03-17T22:24:59.233+0000] {logging_mixin.py:190} INFO - [2026-03-17T22:24:59.233+0000] {dag.py:4138} INFO - Setting next_dagrun for pipeline_ville_ideale_complet to 2026-03-17 00:00:00+00:00, run_after=2026-03-18 00:00:00+00:00
[2026-03-17T22:24:59.267+0000] {processor.py:208} INFO - Processing /opt/airflow/dags/scraping_dag.py took 0.275 seconds
[2026-03-17T22:25:29.646+0000] {processor.py:186} INFO - Started process (PID=139) to work on /opt/airflow/dags/scraping_dag.py
[2026-03-17T22:25:29.649+0000] {processor.py:914} INFO - Processing file /opt/airflow/dags/scraping_dag.py for tasks to queue
[2026-03-17T22:25:29.652+0000] {logging_mixin.py:190} INFO - [2026-03-17T22:25:29.652+0000] {dagbag.py:587} INFO - Filling up the DagBag from /opt/airflow/dags/scraping_dag.py
[2026-03-17T22:25:29.811+0000] {processor.py:925} INFO - DAG(s) 'pipeline_ville_ideale_complet' retrieved from /opt/airflow/dags/scraping_dag.py
[2026-03-17T22:25:29.837+0000] {logging_mixin.py:190} INFO - [2026-03-17T22:25:29.836+0000] {dag.py:3211} INFO - Sync 1 DAGs
[2026-03-17T22:25:29.862+0000] {logging_mixin.py:190} INFO - [2026-03-17T22:25:29.861+0000] {dag.py:4138} INFO - Setting next_dagrun for pipeline_ville_ideale_complet to 2026-03-17 00:00:00+00:00, run_after=2026-03-18 00:00:00+00:00
[2026-03-17T22:25:29.885+0000] {processor.py:208} INFO - Processing /opt/airflow/dags/scraping_dag.py took 0.248 seconds
[2026-03-17T22:26:00.104+0000] {processor.py:186} INFO - Started process (PID=140) to work on /opt/airflow/dags/scraping_dag.py
[2026-03-17T22:26:00.106+0000] {processor.py:914} INFO - Processing file /opt/airflow/dags/scraping_dag.py for tasks to queue
[2026-03-17T22:26:00.109+0000] {logging_mixin.py:190} INFO - [2026-03-17T22:26:00.109+0000] {dagbag.py:587} INFO - Filling up the DagBag from /opt/airflow/dags/scraping_dag.py
[2026-03-17T22:26:00.327+0000] {processor.py:925} INFO - DAG(s) 'pipeline_ville_ideale_complet' retrieved from /opt/airflow/dags/scraping_dag.py
[2026-03-17T22:26:00.362+0000] {logging_mixin.py:190} INFO - [2026-03-17T22:26:00.361+0000] {dag.py:3211} INFO - Sync 1 DAGs
[2026-03-17T22:26:00.397+0000] {logging_mixin.py:190} INFO - [2026-03-17T22:26:00.397+0000] {dag.py:4138} INFO - Setting next_dagrun for pipeline_ville_ideale_complet to 2026-03-17 00:00:00+00:00, run_after=2026-03-18 00:00:00+00:00
[2026-03-17T22:26:00.448+0000] {processor.py:208} INFO - Processing /opt/airflow/dags/scraping_dag.py took 0.353 seconds
[2026-03-17T22:26:30.704+0000] {processor.py:186} INFO - Started process (PID=141) to work on /opt/airflow/dags/scraping_dag.py
[2026-03-17T22:26:30.706+0000] {processor.py:914} INFO - Processing file /opt/airflow/dags/scraping_dag.py for tasks to queue
[2026-03-17T22:26:30.709+0000] {logging_mixin.py:190} INFO - [2026-03-17T22:26:30.708+0000] {dagbag.py:587} INFO - Filling up the DagBag from /opt/airflow/dags/scraping_dag.py
[2026-03-17T22:26:30.855+0000] {processor.py:925} INFO - DAG(s) 'pipeline_ville_ideale_complet' retrieved from /opt/airflow/dags/scraping_dag.py
[2026-03-17T22:26:30.885+0000] {logging_mixin.py:190} INFO - [2026-03-17T22:26:30.885+0000] {dag.py:3211} INFO - Sync 1 DAGs
[2026-03-17T22:26:30.916+0000] {logging_mixin.py:190} INFO - [2026-03-17T22:26:30.916+0000] {dag.py:4138} INFO - Setting next_dagrun for pipeline_ville_ideale_complet to 2026-03-17 00:00:00+00:00, run_after=2026-03-18 00:00:00+00:00
[2026-03-17T22:26:30.946+0000] {processor.py:208} INFO - Processing /opt/airflow/dags/scraping_dag.py took 0.248 seconds
[2026-03-17T22:26:45.120+0000] {processor.py:186} INFO - Started process (PID=142) to work on /opt/airflow/dags/scraping_dag.py
[2026-03-17T22:26:45.124+0000] {processor.py:914} INFO - Processing file /opt/airflow/dags/scraping_dag.py for tasks to queue
[2026-03-17T22:26:45.129+0000] {logging_mixin.py:190} INFO - [2026-03-17T22:26:45.128+0000] {dagbag.py:587} INFO - Filling up the DagBag from /opt/airflow/dags/scraping_dag.py
[2026-03-17T22:26:45.392+0000] {processor.py:925} INFO - DAG(s) 'pipeline_ville_ideale_complet' retrieved from /opt/airflow/dags/scraping_dag.py
[2026-03-17T22:26:45.431+0000] {logging_mixin.py:190} INFO - [2026-03-17T22:26:45.430+0000] {dag.py:3211} INFO - Sync 1 DAGs
[2026-03-17T22:26:45.462+0000] {logging_mixin.py:190} INFO - [2026-03-17T22:26:45.461+0000] {dag.py:4138} INFO - Setting next_dagrun for pipeline_ville_ideale_complet to 2026-03-17 00:00:00+00:00, run_after=2026-03-18 00:00:00+00:00
[2026-03-17T22:26:45.508+0000] {processor.py:208} INFO - Processing /opt/airflow/dags/scraping_dag.py took 0.401 seconds
[2026-03-17T22:26:46.661+0000] {processor.py:186} INFO - Started process (PID=143) to work on /opt/airflow/dags/scraping_dag.py
[2026-03-17T22:26:46.664+0000] {processor.py:914} INFO - Processing file /opt/airflow/dags/scraping_dag.py for tasks to queue
[2026-03-17T22:26:46.669+0000] {logging_mixin.py:190} INFO - [2026-03-17T22:26:46.668+0000] {dagbag.py:587} INFO - Filling up the DagBag from /opt/airflow/dags/scraping_dag.py
[2026-03-17T22:26:46.919+0000] {processor.py:925} INFO - DAG(s) 'pipeline_ville_ideale_complet' retrieved from /opt/airflow/dags/scraping_dag.py
[2026-03-17T22:26:46.964+0000] {logging_mixin.py:190} INFO - [2026-03-17T22:26:46.963+0000] {dag.py:3211} INFO - Sync 1 DAGs
[2026-03-17T22:26:46.994+0000] {logging_mixin.py:190} INFO - [2026-03-17T22:26:46.994+0000] {dag.py:4138} INFO - Setting next_dagrun for pipeline_ville_ideale_complet to 2026-03-17 00:00:00+00:00, run_after=2026-03-18 00:00:00+00:00
[2026-03-17T22:26:47.045+0000] {processor.py:208} INFO - Processing /opt/airflow/dags/scraping_dag.py took 0.402 seconds
[2026-03-17T22:26:50.206+0000] {processor.py:186} INFO - Started process (PID=144) to work on /opt/airflow/dags/scraping_dag.py
[2026-03-17T22:26:50.209+0000] {processor.py:914} INFO - Processing file /opt/airflow/dags/scraping_dag.py for tasks to queue
[2026-03-17T22:26:50.214+0000] {logging_mixin.py:190} INFO - [2026-03-17T22:26:50.213+0000] {dagbag.py:587} INFO - Filling up the DagBag from /opt/airflow/dags/scraping_dag.py
[2026-03-17T22:26:50.434+0000] {processor.py:925} INFO - DAG(s) 'pipeline_ville_ideale_complet' retrieved from /opt/airflow/dags/scraping_dag.py
[2026-03-17T22:26:50.475+0000] {logging_mixin.py:190} INFO - [2026-03-17T22:26:50.475+0000] {dag.py:3211} INFO - Sync 1 DAGs
[2026-03-17T22:26:50.507+0000] {logging_mixin.py:190} INFO - [2026-03-17T22:26:50.507+0000] {dag.py:4138} INFO - Setting next_dagrun for pipeline_ville_ideale_complet to 2026-03-17 00:00:00+00:00, run_after=2026-03-18 00:00:00+00:00
[2026-03-17T22:26:50.552+0000] {processor.py:208} INFO - Processing /opt/airflow/dags/scraping_dag.py took 0.359 seconds
[2026-03-17T22:26:56.709+0000] {processor.py:186} INFO - Started process (PID=145) to work on /opt/airflow/dags/scraping_dag.py
[2026-03-17T22:26:56.711+0000] {processor.py:914} INFO - Processing file /opt/airflow/dags/scraping_dag.py for tasks to queue
[2026-03-17T22:26:56.714+0000] {logging_mixin.py:190} INFO - [2026-03-17T22:26:56.714+0000] {dagbag.py:587} INFO - Filling up the DagBag from /opt/airflow/dags/scraping_dag.py
[2026-03-17T22:26:56.955+0000] {processor.py:925} INFO - DAG(s) 'pipeline_ville_ideale_complet' retrieved from /opt/airflow/dags/scraping_dag.py
[2026-03-17T22:26:56.991+0000] {logging_mixin.py:190} INFO - [2026-03-17T22:26:56.991+0000] {dag.py:3211} INFO - Sync 1 DAGs
[2026-03-17T22:26:57.022+0000] {logging_mixin.py:190} INFO - [2026-03-17T22:26:57.021+0000] {dag.py:4138} INFO - Setting next_dagrun for pipeline_ville_ideale_complet to 2026-03-17 00:00:00+00:00, run_after=2026-03-18 00:00:00+00:00
[2026-03-17T22:26:57.060+0000] {processor.py:208} INFO - Processing /opt/airflow/dags/scraping_dag.py took 0.358 seconds
[2026-03-17T22:26:58.154+0000] {processor.py:186} INFO - Started process (PID=146) to work on /opt/airflow/dags/scraping_dag.py
[2026-03-17T22:26:58.156+0000] {processor.py:914} INFO - Processing file /opt/airflow/dags/scraping_dag.py for tasks to queue
[2026-03-17T22:26:58.159+0000] {logging_mixin.py:190} INFO - [2026-03-17T22:26:58.159+0000] {dagbag.py:587} INFO - Filling up the DagBag from /opt/airflow/dags/scraping_dag.py
[2026-03-17T22:26:58.335+0000] {processor.py:925} INFO - DAG(s) 'pipeline_ville_ideale_complet' retrieved from /opt/airflow/dags/scraping_dag.py
[2026-03-17T22:26:58.362+0000] {logging_mixin.py:190} INFO - [2026-03-17T22:26:58.361+0000] {dag.py:3211} INFO - Sync 1 DAGs
[2026-03-17T22:26:58.392+0000] {logging_mixin.py:190} INFO - [2026-03-17T22:26:58.392+0000] {dag.py:4138} INFO - Setting next_dagrun for pipeline_ville_ideale_complet to 2026-03-17 00:00:00+00:00, run_after=2026-03-18 00:00:00+00:00
[2026-03-17T22:26:58.427+0000] {processor.py:208} INFO - Processing /opt/airflow/dags/scraping_dag.py took 0.283 seconds
[2026-03-17T22:27:28.513+0000] {processor.py:186} INFO - Started process (PID=147) to work on /opt/airflow/dags/scraping_dag.py
[2026-03-17T22:27:28.515+0000] {processor.py:914} INFO - Processing file /opt/airflow/dags/scraping_dag.py for tasks to queue
[2026-03-17T22:27:28.519+0000] {logging_mixin.py:190} INFO - [2026-03-17T22:27:28.519+0000] {dagbag.py:587} INFO - Filling up the DagBag from /opt/airflow/dags/scraping_dag.py
[2026-03-17T22:27:28.673+0000] {processor.py:925} INFO - DAG(s) 'pipeline_ville_ideale_complet' retrieved from /opt/airflow/dags/scraping_dag.py
[2026-03-17T22:27:28.711+0000] {logging_mixin.py:190} INFO - [2026-03-17T22:27:28.709+0000] {dag.py:3211} INFO - Sync 1 DAGs
[2026-03-17T22:27:28.741+0000] {logging_mixin.py:190} INFO - [2026-03-17T22:27:28.740+0000] {dag.py:4138} INFO - Setting next_dagrun for pipeline_ville_ideale_complet to 2026-03-17 00:00:00+00:00, run_after=2026-03-18 00:00:00+00:00
[2026-03-17T22:27:28.780+0000] {processor.py:208} INFO - Processing /opt/airflow/dags/scraping_dag.py took 0.276 seconds
[2026-03-17T22:27:59.240+0000] {processor.py:186} INFO - Started process (PID=148) to work on /opt/airflow/dags/scraping_dag.py
[2026-03-17T22:27:59.241+0000] {processor.py:914} INFO - Processing file /opt/airflow/dags/scraping_dag.py for tasks to queue
[2026-03-17T22:27:59.245+0000] {logging_mixin.py:190} INFO - [2026-03-17T22:27:59.244+0000] {dagbag.py:587} INFO - Filling up the DagBag from /opt/airflow/dags/scraping_dag.py
[2026-03-17T22:27:59.404+0000] {processor.py:925} INFO - DAG(s) 'pipeline_ville_ideale_complet' retrieved from /opt/airflow/dags/scraping_dag.py
[2026-03-17T22:27:59.436+0000] {logging_mixin.py:190} INFO - [2026-03-17T22:27:59.435+0000] {dag.py:3211} INFO - Sync 1 DAGs
[2026-03-17T22:27:59.464+0000] {logging_mixin.py:190} INFO - [2026-03-17T22:27:59.464+0000] {dag.py:4138} INFO - Setting next_dagrun for pipeline_ville_ideale_complet to 2026-03-17 00:00:00+00:00, run_after=2026-03-18 00:00:00+00:00
[2026-03-17T22:27:59.498+0000] {processor.py:208} INFO - Processing /opt/airflow/dags/scraping_dag.py took 0.265 seconds
[2026-03-17T22:28:29.644+0000] {processor.py:186} INFO - Started process (PID=149) to work on /opt/airflow/dags/scraping_dag.py
[2026-03-17T22:28:29.646+0000] {processor.py:914} INFO - Processing file /opt/airflow/dags/scraping_dag.py for tasks to queue
[2026-03-17T22:28:29.650+0000] {logging_mixin.py:190} INFO - [2026-03-17T22:28:29.649+0000] {dagbag.py:587} INFO - Filling up the DagBag from /opt/airflow/dags/scraping_dag.py
[2026-03-17T22:28:29.823+0000] {processor.py:925} INFO - DAG(s) 'pipeline_ville_ideale_complet' retrieved from /opt/airflow/dags/scraping_dag.py
[2026-03-17T22:28:29.855+0000] {logging_mixin.py:190} INFO - [2026-03-17T22:28:29.854+0000] {dag.py:3211} INFO - Sync 1 DAGs
[2026-03-17T22:28:29.885+0000] {logging_mixin.py:190} INFO - [2026-03-17T22:28:29.885+0000] {dag.py:4138} INFO - Setting next_dagrun for pipeline_ville_ideale_complet to 2026-03-17 00:00:00+00:00, run_after=2026-03-18 00:00:00+00:00
[2026-03-17T22:28:29.913+0000] {processor.py:208} INFO - Processing /opt/airflow/dags/scraping_dag.py took 0.277 seconds
[2026-03-17T22:28:33.003+0000] {processor.py:186} INFO - Started process (PID=150) to work on /opt/airflow/dags/scraping_dag.py
[2026-03-17T22:28:33.005+0000] {processor.py:914} INFO - Processing file /opt/airflow/dags/scraping_dag.py for tasks to queue
[2026-03-17T22:28:33.008+0000] {logging_mixin.py:190} INFO - [2026-03-17T22:28:33.007+0000] {dagbag.py:587} INFO - Filling up the DagBag from /opt/airflow/dags/scraping_dag.py
[2026-03-17T22:28:33.251+0000] {processor.py:925} INFO - DAG(s) 'pipeline_ville_ideale_complet' retrieved from /opt/airflow/dags/scraping_dag.py
[2026-03-17T22:28:33.284+0000] {logging_mixin.py:190} INFO - [2026-03-17T22:28:33.283+0000] {dag.py:3211} INFO - Sync 1 DAGs
[2026-03-17T22:28:33.312+0000] {logging_mixin.py:190} INFO - [2026-03-17T22:28:33.311+0000] {dag.py:4138} INFO - Setting next_dagrun for pipeline_ville_ideale_complet to 2026-03-17 00:00:00+00:00, run_after=2026-03-18 00:00:00+00:00
[2026-03-17T22:28:33.386+0000] {processor.py:208} INFO - Processing /opt/airflow/dags/scraping_dag.py took 0.393 seconds
[2026-03-17T22:29:03.887+0000] {processor.py:186} INFO - Started process (PID=151) to work on /opt/airflow/dags/scraping_dag.py
[2026-03-17T22:29:03.890+0000] {processor.py:914} INFO - Processing file /opt/airflow/dags/scraping_dag.py for tasks to queue
[2026-03-17T22:29:03.897+0000] {logging_mixin.py:190} INFO - [2026-03-17T22:29:03.896+0000] {dagbag.py:587} INFO - Filling up the DagBag from /opt/airflow/dags/scraping_dag.py
[2026-03-17T22:29:04.070+0000] {processor.py:925} INFO - DAG(s) 'pipeline_ville_ideale_complet' retrieved from /opt/airflow/dags/scraping_dag.py
[2026-03-17T22:29:04.104+0000] {logging_mixin.py:190} INFO - [2026-03-17T22:29:04.103+0000] {dag.py:3211} INFO - Sync 1 DAGs
[2026-03-17T22:29:04.135+0000] {logging_mixin.py:190} INFO - [2026-03-17T22:29:04.134+0000] {dag.py:4138} INFO - Setting next_dagrun for pipeline_ville_ideale_complet to 2026-03-17 00:00:00+00:00, run_after=2026-03-18 00:00:00+00:00
[2026-03-17T22:29:04.166+0000] {processor.py:208} INFO - Processing /opt/airflow/dags/scraping_dag.py took 0.293 seconds
[2026-03-17T22:29:34.594+0000] {processor.py:186} INFO - Started process (PID=152) to work on /opt/airflow/dags/scraping_dag.py
[2026-03-17T22:29:34.596+0000] {processor.py:914} INFO - Processing file /opt/airflow/dags/scraping_dag.py for tasks to queue
[2026-03-17T22:29:34.600+0000] {logging_mixin.py:190} INFO - [2026-03-17T22:29:34.600+0000] {dagbag.py:587} INFO - Filling up the DagBag from /opt/airflow/dags/scraping_dag.py
[2026-03-17T22:29:34.783+0000] {processor.py:925} INFO - DAG(s) 'pipeline_ville_ideale_complet' retrieved from /opt/airflow/dags/scraping_dag.py
[2026-03-17T22:29:34.813+0000] {logging_mixin.py:190} INFO - [2026-03-17T22:29:34.812+0000] {dag.py:3211} INFO - Sync 1 DAGs
[2026-03-17T22:29:34.843+0000] {logging_mixin.py:190} INFO - [2026-03-17T22:29:34.843+0000] {dag.py:4138} INFO - Setting next_dagrun for pipeline_ville_ideale_complet to 2026-03-17 00:00:00+00:00, run_after=2026-03-18 00:00:00+00:00
[2026-03-17T22:29:34.876+0000] {processor.py:208} INFO - Processing /opt/airflow/dags/scraping_dag.py took 0.292 seconds
[2026-03-17T22:30:04.990+0000] {processor.py:186} INFO - Started process (PID=153) to work on /opt/airflow/dags/scraping_dag.py
[2026-03-17T22:30:04.991+0000] {processor.py:914} INFO - Processing file /opt/airflow/dags/scraping_dag.py for tasks to queue
[2026-03-17T22:30:04.995+0000] {logging_mixin.py:190} INFO - [2026-03-17T22:30:04.994+0000] {dagbag.py:587} INFO - Filling up the DagBag from /opt/airflow/dags/scraping_dag.py
[2026-03-17T22:30:05.176+0000] {processor.py:925} INFO - DAG(s) 'pipeline_ville_ideale_complet' retrieved from /opt/airflow/dags/scraping_dag.py
[2026-03-17T22:30:05.214+0000] {logging_mixin.py:190} INFO - [2026-03-17T22:30:05.214+0000] {dag.py:3211} INFO - Sync 1 DAGs
[2026-03-17T22:30:05.243+0000] {logging_mixin.py:190} INFO - [2026-03-17T22:30:05.242+0000] {dag.py:4138} INFO - Setting next_dagrun for pipeline_ville_ideale_complet to 2026-03-17 00:00:00+00:00, run_after=2026-03-18 00:00:00+00:00
[2026-03-17T22:30:05.269+0000] {processor.py:208} INFO - Processing /opt/airflow/dags/scraping_dag.py took 0.289 seconds
[2026-03-17T22:30:35.782+0000] {processor.py:186} INFO - Started process (PID=154) to work on /opt/airflow/dags/scraping_dag.py
[2026-03-17T22:30:35.784+0000] {processor.py:914} INFO - Processing file /opt/airflow/dags/scraping_dag.py for tasks to queue
[2026-03-17T22:30:35.787+0000] {logging_mixin.py:190} INFO - [2026-03-17T22:30:35.787+0000] {dagbag.py:587} INFO - Filling up the DagBag from /opt/airflow/dags/scraping_dag.py
[2026-03-17T22:30:36.009+0000] {processor.py:925} INFO - DAG(s) 'pipeline_ville_ideale_complet' retrieved from /opt/airflow/dags/scraping_dag.py
[2026-03-17T22:30:36.037+0000] {logging_mixin.py:190} INFO - [2026-03-17T22:30:36.035+0000] {dag.py:3211} INFO - Sync 1 DAGs
[2026-03-17T22:30:36.063+0000] {logging_mixin.py:190} INFO - [2026-03-17T22:30:36.063+0000] {dag.py:4138} INFO - Setting next_dagrun for pipeline_ville_ideale_complet to 2026-03-17 00:00:00+00:00, run_after=2026-03-18 00:00:00+00:00
[2026-03-17T22:30:36.093+0000] {processor.py:208} INFO - Processing /opt/airflow/dags/scraping_dag.py took 0.317 seconds
[2026-03-17T22:30:55.462+0000] {processor.py:186} INFO - Started process (PID=155) to work on /opt/airflow/dags/scraping_dag.py
[2026-03-17T22:30:55.467+0000] {processor.py:914} INFO - Processing file /opt/airflow/dags/scraping_dag.py for tasks to queue
[2026-03-17T22:30:55.474+0000] {logging_mixin.py:190} INFO - [2026-03-17T22:30:55.473+0000] {dagbag.py:587} INFO - Filling up the DagBag from /opt/airflow/dags/scraping_dag.py
[2026-03-17T22:30:55.742+0000] {processor.py:925} INFO - DAG(s) 'pipeline_ville_ideale_complet' retrieved from /opt/airflow/dags/scraping_dag.py
[2026-03-17T22:30:55.791+0000] {logging_mixin.py:190} INFO - [2026-03-17T22:30:55.789+0000] {dag.py:3211} INFO - Sync 1 DAGs
[2026-03-17T22:30:55.837+0000] {logging_mixin.py:190} INFO - [2026-03-17T22:30:55.836+0000] {dag.py:4138} INFO - Setting next_dagrun for pipeline_ville_ideale_complet to 2026-03-17 00:00:00+00:00, run_after=2026-03-18 00:00:00+00:00
[2026-03-17T22:30:55.898+0000] {processor.py:208} INFO - Processing /opt/airflow/dags/scraping_dag.py took 0.450 seconds
[2026-03-17T22:31:26.334+0000] {processor.py:186} INFO - Started process (PID=156) to work on /opt/airflow/dags/scraping_dag.py
[2026-03-17T22:31:26.336+0000] {processor.py:914} INFO - Processing file /opt/airflow/dags/scraping_dag.py for tasks to queue
[2026-03-17T22:31:26.339+0000] {logging_mixin.py:190} INFO - [2026-03-17T22:31:26.339+0000] {dagbag.py:587} INFO - Filling up the DagBag from /opt/airflow/dags/scraping_dag.py
[2026-03-17T22:31:26.505+0000] {processor.py:925} INFO - DAG(s) 'pipeline_ville_ideale_complet' retrieved from /opt/airflow/dags/scraping_dag.py
[2026-03-17T22:31:26.532+0000] {logging_mixin.py:190} INFO - [2026-03-17T22:31:26.532+0000] {dag.py:3211} INFO - Sync 1 DAGs
[2026-03-17T22:31:26.557+0000] {logging_mixin.py:190} INFO - [2026-03-17T22:31:26.557+0000] {dag.py:4138} INFO - Setting next_dagrun for pipeline_ville_ideale_complet to 2026-03-17 00:00:00+00:00, run_after=2026-03-18 00:00:00+00:00
[2026-03-17T22:31:26.598+0000] {processor.py:208} INFO - Processing /opt/airflow/dags/scraping_dag.py took 0.274 seconds
[2026-03-17T22:31:56.706+0000] {processor.py:186} INFO - Started process (PID=157) to work on /opt/airflow/dags/scraping_dag.py
[2026-03-17T22:31:56.707+0000] {processor.py:914} INFO - Processing file /opt/airflow/dags/scraping_dag.py for tasks to queue
[2026-03-17T22:31:56.712+0000] {logging_mixin.py:190} INFO - [2026-03-17T22:31:56.711+0000] {dagbag.py:587} INFO - Filling up the DagBag from /opt/airflow/dags/scraping_dag.py
[2026-03-17T22:31:56.870+0000] {processor.py:925} INFO - DAG(s) 'pipeline_ville_ideale_complet' retrieved from /opt/airflow/dags/scraping_dag.py
[2026-03-17T22:31:56.902+0000] {logging_mixin.py:190} INFO - [2026-03-17T22:31:56.901+0000] {dag.py:3211} INFO - Sync 1 DAGs
[2026-03-17T22:31:56.932+0000] {logging_mixin.py:190} INFO - [2026-03-17T22:31:56.932+0000] {dag.py:4138} INFO - Setting next_dagrun for pipeline_ville_ideale_complet to 2026-03-17 00:00:00+00:00, run_after=2026-03-18 00:00:00+00:00
[2026-03-17T22:31:56.959+0000] {processor.py:208} INFO - Processing /opt/airflow/dags/scraping_dag.py took 0.261 seconds
[2026-03-17T22:32:27.389+0000] {processor.py:186} INFO - Started process (PID=158) to work on /opt/airflow/dags/scraping_dag.py
[2026-03-17T22:32:27.391+0000] {processor.py:914} INFO - Processing file /opt/airflow/dags/scraping_dag.py for tasks to queue
[2026-03-17T22:32:27.395+0000] {logging_mixin.py:190} INFO - [2026-03-17T22:32:27.394+0000] {dagbag.py:587} INFO - Filling up the DagBag from /opt/airflow/dags/scraping_dag.py
[2026-03-17T22:32:27.552+0000] {processor.py:925} INFO - DAG(s) 'pipeline_ville_ideale_complet' retrieved from /opt/airflow/dags/scraping_dag.py
[2026-03-17T22:32:27.578+0000] {logging_mixin.py:190} INFO - [2026-03-17T22:32:27.578+0000] {dag.py:3211} INFO - Sync 1 DAGs
[2026-03-17T22:32:27.602+0000] {logging_mixin.py:190} INFO - [2026-03-17T22:32:27.601+0000] {dag.py:4138} INFO - Setting next_dagrun for pipeline_ville_ideale_complet to 2026-03-17 00:00:00+00:00, run_after=2026-03-18 00:00:00+00:00
[2026-03-17T22:32:27.630+0000] {processor.py:208} INFO - Processing /opt/airflow/dags/scraping_dag.py took 0.250 seconds
[2026-03-17T22:32:57.750+0000] {processor.py:186} INFO - Started process (PID=159) to work on /opt/airflow/dags/scraping_dag.py
[2026-03-17T22:32:57.752+0000] {processor.py:914} INFO - Processing file /opt/airflow/dags/scraping_dag.py for tasks to queue
[2026-03-17T22:32:57.754+0000] {logging_mixin.py:190} INFO - [2026-03-17T22:32:57.754+0000] {dagbag.py:587} INFO - Filling up the DagBag from /opt/airflow/dags/scraping_dag.py
[2026-03-17T22:32:57.899+0000] {processor.py:925} INFO - DAG(s) 'pipeline_ville_ideale_complet' retrieved from /opt/airflow/dags/scraping_dag.py
[2026-03-17T22:32:57.929+0000] {logging_mixin.py:190} INFO - [2026-03-17T22:32:57.928+0000] {dag.py:3211} INFO - Sync 1 DAGs
[2026-03-17T22:32:57.954+0000] {logging_mixin.py:190} INFO - [2026-03-17T22:32:57.954+0000] {dag.py:4138} INFO - Setting next_dagrun for pipeline_ville_ideale_complet to 2026-03-17 00:00:00+00:00, run_after=2026-03-18 00:00:00+00:00
[2026-03-17T22:32:57.988+0000] {processor.py:208} INFO - Processing /opt/airflow/dags/scraping_dag.py took 0.244 seconds
[2026-03-17T22:33:28.455+0000] {processor.py:186} INFO - Started process (PID=160) to work on /opt/airflow/dags/scraping_dag.py
[2026-03-17T22:33:28.457+0000] {processor.py:914} INFO - Processing file /opt/airflow/dags/scraping_dag.py for tasks to queue
[2026-03-17T22:33:28.461+0000] {logging_mixin.py:190} INFO - [2026-03-17T22:33:28.460+0000] {dagbag.py:587} INFO - Filling up the DagBag from /opt/airflow/dags/scraping_dag.py
[2026-03-17T22:33:28.633+0000] {processor.py:925} INFO - DAG(s) 'pipeline_ville_ideale_complet' retrieved from /opt/airflow/dags/scraping_dag.py
[2026-03-17T22:33:28.665+0000] {logging_mixin.py:190} INFO - [2026-03-17T22:33:28.665+0000] {dag.py:3211} INFO - Sync 1 DAGs
[2026-03-17T22:33:28.689+0000] {logging_mixin.py:190} INFO - [2026-03-17T22:33:28.689+0000] {dag.py:4138} INFO - Setting next_dagrun for pipeline_ville_ideale_complet to 2026-03-17 00:00:00+00:00, run_after=2026-03-18 00:00:00+00:00
[2026-03-17T22:33:28.720+0000] {processor.py:208} INFO - Processing /opt/airflow/dags/scraping_dag.py took 0.283 seconds
[2026-03-17T22:33:58.855+0000] {processor.py:186} INFO - Started process (PID=161) to work on /opt/airflow/dags/scraping_dag.py
[2026-03-17T22:33:58.857+0000] {processor.py:914} INFO - Processing file /opt/airflow/dags/scraping_dag.py for tasks to queue
[2026-03-17T22:33:58.860+0000] {logging_mixin.py:190} INFO - [2026-03-17T22:33:58.859+0000] {dagbag.py:587} INFO - Filling up the DagBag from /opt/airflow/dags/scraping_dag.py
[2026-03-17T22:33:59.012+0000] {processor.py:925} INFO - DAG(s) 'pipeline_ville_ideale_complet' retrieved from /opt/airflow/dags/scraping_dag.py
[2026-03-17T22:33:59.045+0000] {logging_mixin.py:190} INFO - [2026-03-17T22:33:59.045+0000] {dag.py:3211} INFO - Sync 1 DAGs
[2026-03-17T22:33:59.068+0000] {logging_mixin.py:190} INFO - [2026-03-17T22:33:59.068+0000] {dag.py:4138} INFO - Setting next_dagrun for pipeline_ville_ideale_complet to 2026-03-17 00:00:00+00:00, run_after=2026-03-18 00:00:00+00:00
[2026-03-17T22:33:59.102+0000] {processor.py:208} INFO - Processing /opt/airflow/dags/scraping_dag.py took 0.253 seconds
[2026-03-17T22:34:29.505+0000] {processor.py:186} INFO - Started process (PID=162) to work on /opt/airflow/dags/scraping_dag.py
[2026-03-17T22:34:29.507+0000] {processor.py:914} INFO - Processing file /opt/airflow/dags/scraping_dag.py for tasks to queue
[2026-03-17T22:34:29.512+0000] {logging_mixin.py:190} INFO - [2026-03-17T22:34:29.511+0000] {dagbag.py:587} INFO - Filling up the DagBag from /opt/airflow/dags/scraping_dag.py
[2026-03-17T22:34:29.675+0000] {processor.py:925} INFO - DAG(s) 'pipeline_ville_ideale_complet' retrieved from /opt/airflow/dags/scraping_dag.py
[2026-03-17T22:34:29.700+0000] {logging_mixin.py:190} INFO - [2026-03-17T22:34:29.700+0000] {dag.py:3211} INFO - Sync 1 DAGs
[2026-03-17T22:34:29.726+0000] {logging_mixin.py:190} INFO - [2026-03-17T22:34:29.726+0000] {dag.py:4138} INFO - Setting next_dagrun for pipeline_ville_ideale_complet to 2026-03-17 00:00:00+00:00, run_after=2026-03-18 00:00:00+00:00
[2026-03-17T22:34:29.760+0000] {processor.py:208} INFO - Processing /opt/airflow/dags/scraping_dag.py took 0.263 seconds
[2026-03-17T22:34:59.892+0000] {processor.py:186} INFO - Started process (PID=163) to work on /opt/airflow/dags/scraping_dag.py
[2026-03-17T22:34:59.894+0000] {processor.py:914} INFO - Processing file /opt/airflow/dags/scraping_dag.py for tasks to queue
[2026-03-17T22:34:59.897+0000] {logging_mixin.py:190} INFO - [2026-03-17T22:34:59.897+0000] {dagbag.py:587} INFO - Filling up the DagBag from /opt/airflow/dags/scraping_dag.py
[2026-03-17T22:35:00.063+0000] {processor.py:925} INFO - DAG(s) 'pipeline_ville_ideale_complet' retrieved from /opt/airflow/dags/scraping_dag.py
[2026-03-17T22:35:00.103+0000] {logging_mixin.py:190} INFO - [2026-03-17T22:35:00.102+0000] {dag.py:3211} INFO - Sync 1 DAGs
[2026-03-17T22:35:00.128+0000] {logging_mixin.py:190} INFO - [2026-03-17T22:35:00.128+0000] {dag.py:4138} INFO - Setting next_dagrun for pipeline_ville_ideale_complet to 2026-03-17 00:00:00+00:00, run_after=2026-03-18 00:00:00+00:00
[2026-03-17T22:35:00.154+0000] {processor.py:208} INFO - Processing /opt/airflow/dags/scraping_dag.py took 0.270 seconds
[2026-03-17T22:35:30.536+0000] {processor.py:186} INFO - Started process (PID=164) to work on /opt/airflow/dags/scraping_dag.py
[2026-03-17T22:35:30.538+0000] {processor.py:914} INFO - Processing file /opt/airflow/dags/scraping_dag.py for tasks to queue
[2026-03-17T22:35:30.542+0000] {logging_mixin.py:190} INFO - [2026-03-17T22:35:30.542+0000] {dagbag.py:587} INFO - Filling up the DagBag from /opt/airflow/dags/scraping_dag.py
[2026-03-17T22:35:30.716+0000] {processor.py:925} INFO - DAG(s) 'pipeline_ville_ideale_complet' retrieved from /opt/airflow/dags/scraping_dag.py
[2026-03-17T22:35:30.747+0000] {logging_mixin.py:190} INFO - [2026-03-17T22:35:30.746+0000] {dag.py:3211} INFO - Sync 1 DAGs
[2026-03-17T22:35:30.786+0000] {logging_mixin.py:190} INFO - [2026-03-17T22:35:30.786+0000] {dag.py:4138} INFO - Setting next_dagrun for pipeline_ville_ideale_complet to 2026-03-17 00:00:00+00:00, run_after=2026-03-18 00:00:00+00:00
[2026-03-17T22:35:30.827+0000] {processor.py:208} INFO - Processing /opt/airflow/dags/scraping_dag.py took 0.300 seconds
[2026-03-17T22:36:00.932+0000] {processor.py:186} INFO - Started process (PID=165) to work on /opt/airflow/dags/scraping_dag.py
[2026-03-17T22:36:00.933+0000] {processor.py:914} INFO - Processing file /opt/airflow/dags/scraping_dag.py for tasks to queue
[2026-03-17T22:36:00.936+0000] {logging_mixin.py:190} INFO - [2026-03-17T22:36:00.936+0000] {dagbag.py:587} INFO - Filling up the DagBag from /opt/airflow/dags/scraping_dag.py
[2026-03-17T22:36:01.108+0000] {processor.py:925} INFO - DAG(s) 'pipeline_ville_ideale_complet' retrieved from /opt/airflow/dags/scraping_dag.py
[2026-03-17T22:36:01.138+0000] {logging_mixin.py:190} INFO - [2026-03-17T22:36:01.138+0000] {dag.py:3211} INFO - Sync 1 DAGs
[2026-03-17T22:36:01.165+0000] {logging_mixin.py:190} INFO - [2026-03-17T22:36:01.165+0000] {dag.py:4138} INFO - Setting next_dagrun for pipeline_ville_ideale_complet to 2026-03-17 00:00:00+00:00, run_after=2026-03-18 00:00:00+00:00
[2026-03-17T22:36:01.197+0000] {processor.py:208} INFO - Processing /opt/airflow/dags/scraping_dag.py took 0.272 seconds
[2026-03-17T22:36:31.306+0000] {processor.py:186} INFO - Started process (PID=166) to work on /opt/airflow/dags/scraping_dag.py
[2026-03-17T22:36:31.308+0000] {processor.py:914} INFO - Processing file /opt/airflow/dags/scraping_dag.py for tasks to queue
[2026-03-17T22:36:31.313+0000] {logging_mixin.py:190} INFO - [2026-03-17T22:36:31.311+0000] {dagbag.py:587} INFO - Filling up the DagBag from /opt/airflow/dags/scraping_dag.py
[2026-03-17T22:36:31.475+0000] {processor.py:925} INFO - DAG(s) 'pipeline_ville_ideale_complet' retrieved from /opt/airflow/dags/scraping_dag.py
[2026-03-17T22:36:31.503+0000] {logging_mixin.py:190} INFO - [2026-03-17T22:36:31.503+0000] {dag.py:3211} INFO - Sync 1 DAGs
[2026-03-17T22:36:31.532+0000] {logging_mixin.py:190} INFO - [2026-03-17T22:36:31.532+0000] {dag.py:4138} INFO - Setting next_dagrun for pipeline_ville_ideale_complet to 2026-03-17 00:00:00+00:00, run_after=2026-03-18 00:00:00+00:00
[2026-03-17T22:36:31.559+0000] {processor.py:208} INFO - Processing /opt/airflow/dags/scraping_dag.py took 0.271 seconds
[2026-03-17T22:37:01.979+0000] {processor.py:186} INFO - Started process (PID=167) to work on /opt/airflow/dags/scraping_dag.py
[2026-03-17T22:37:01.980+0000] {processor.py:914} INFO - Processing file /opt/airflow/dags/scraping_dag.py for tasks to queue
[2026-03-17T22:37:01.983+0000] {logging_mixin.py:190} INFO - [2026-03-17T22:37:01.982+0000] {dagbag.py:587} INFO - Filling up the DagBag from /opt/airflow/dags/scraping_dag.py
[2026-03-17T22:37:02.156+0000] {processor.py:925} INFO - DAG(s) 'pipeline_ville_ideale_complet' retrieved from /opt/airflow/dags/scraping_dag.py
[2026-03-17T22:37:02.191+0000] {logging_mixin.py:190} INFO - [2026-03-17T22:37:02.190+0000] {dag.py:3211} INFO - Sync 1 DAGs
[2026-03-17T22:37:02.218+0000] {logging_mixin.py:190} INFO - [2026-03-17T22:37:02.218+0000] {dag.py:4138} INFO - Setting next_dagrun for pipeline_ville_ideale_complet to 2026-03-17 00:00:00+00:00, run_after=2026-03-18 00:00:00+00:00
[2026-03-17T22:37:02.247+0000] {processor.py:208} INFO - Processing /opt/airflow/dags/scraping_dag.py took 0.276 seconds
[2026-03-17T22:37:32.448+0000] {processor.py:186} INFO - Started process (PID=168) to work on /opt/airflow/dags/scraping_dag.py
[2026-03-17T22:37:32.453+0000] {processor.py:914} INFO - Processing file /opt/airflow/dags/scraping_dag.py for tasks to queue
[2026-03-17T22:37:32.462+0000] {logging_mixin.py:190} INFO - [2026-03-17T22:37:32.461+0000] {dagbag.py:587} INFO - Filling up the DagBag from /opt/airflow/dags/scraping_dag.py
[2026-03-17T22:37:32.678+0000] {processor.py:925} INFO - DAG(s) 'pipeline_ville_ideale_complet' retrieved from /opt/airflow/dags/scraping_dag.py
[2026-03-17T22:37:32.720+0000] {logging_mixin.py:190} INFO - [2026-03-17T22:37:32.720+0000] {dag.py:3211} INFO - Sync 1 DAGs
[2026-03-17T22:37:32.749+0000] {logging_mixin.py:190} INFO - [2026-03-17T22:37:32.749+0000] {dag.py:4138} INFO - Setting next_dagrun for pipeline_ville_ideale_complet to 2026-03-17 00:00:00+00:00, run_after=2026-03-18 00:00:00+00:00
[2026-03-17T22:37:32.787+0000] {processor.py:208} INFO - Processing /opt/airflow/dags/scraping_dag.py took 0.363 seconds
[2026-03-17T22:38:03.080+0000] {processor.py:186} INFO - Started process (PID=169) to work on /opt/airflow/dags/scraping_dag.py
[2026-03-17T22:38:03.083+0000] {processor.py:914} INFO - Processing file /opt/airflow/dags/scraping_dag.py for tasks to queue
[2026-03-17T22:38:03.089+0000] {logging_mixin.py:190} INFO - [2026-03-17T22:38:03.088+0000] {dagbag.py:587} INFO - Filling up the DagBag from /opt/airflow/dags/scraping_dag.py
[2026-03-17T22:38:03.359+0000] {processor.py:925} INFO - DAG(s) 'pipeline_ville_ideale_complet' retrieved from /opt/airflow/dags/scraping_dag.py
[2026-03-17T22:38:03.422+0000] {logging_mixin.py:190} INFO - [2026-03-17T22:38:03.421+0000] {dag.py:3211} INFO - Sync 1 DAGs
[2026-03-17T22:38:03.510+0000] {logging_mixin.py:190} INFO - [2026-03-17T22:38:03.509+0000] {dag.py:4138} INFO - Setting next_dagrun for pipeline_ville_ideale_complet to 2026-03-17 00:00:00+00:00, run_after=2026-03-18 00:00:00+00:00
[2026-03-17T22:38:03.562+0000] {processor.py:208} INFO - Processing /opt/airflow/dags/scraping_dag.py took 0.496 seconds
[2026-03-17T22:38:34.037+0000] {processor.py:186} INFO - Started process (PID=170) to work on /opt/airflow/dags/scraping_dag.py
[2026-03-17T22:38:34.039+0000] {processor.py:914} INFO - Processing file /opt/airflow/dags/scraping_dag.py for tasks to queue
[2026-03-17T22:38:34.043+0000] {logging_mixin.py:190} INFO - [2026-03-17T22:38:34.043+0000] {dagbag.py:587} INFO - Filling up the DagBag from /opt/airflow/dags/scraping_dag.py
[2026-03-17T22:38:34.209+0000] {processor.py:925} INFO - DAG(s) 'pipeline_ville_ideale_complet' retrieved from /opt/airflow/dags/scraping_dag.py
[2026-03-17T22:38:34.240+0000] {logging_mixin.py:190} INFO - [2026-03-17T22:38:34.239+0000] {dag.py:3211} INFO - Sync 1 DAGs
[2026-03-17T22:38:34.267+0000] {logging_mixin.py:190} INFO - [2026-03-17T22:38:34.267+0000] {dag.py:4138} INFO - Setting next_dagrun for pipeline_ville_ideale_complet to 2026-03-17 00:00:00+00:00, run_after=2026-03-18 00:00:00+00:00
[2026-03-17T22:38:34.297+0000] {processor.py:208} INFO - Processing /opt/airflow/dags/scraping_dag.py took 0.274 seconds
[2026-03-17T22:39:04.450+0000] {processor.py:186} INFO - Started process (PID=171) to work on /opt/airflow/dags/scraping_dag.py
[2026-03-17T22:39:04.452+0000] {processor.py:914} INFO - Processing file /opt/airflow/dags/scraping_dag.py for tasks to queue
[2026-03-17T22:39:04.456+0000] {logging_mixin.py:190} INFO - [2026-03-17T22:39:04.456+0000] {dagbag.py:587} INFO - Filling up the DagBag from /opt/airflow/dags/scraping_dag.py
[2026-03-17T22:39:04.629+0000] {processor.py:925} INFO - DAG(s) 'pipeline_ville_ideale_complet' retrieved from /opt/airflow/dags/scraping_dag.py
[2026-03-17T22:39:04.665+0000] {logging_mixin.py:190} INFO - [2026-03-17T22:39:04.664+0000] {dag.py:3211} INFO - Sync 1 DAGs
[2026-03-17T22:39:04.698+0000] {logging_mixin.py:190} INFO - [2026-03-17T22:39:04.697+0000] {dag.py:4138} INFO - Setting next_dagrun for pipeline_ville_ideale_complet to 2026-03-17 00:00:00+00:00, run_after=2026-03-18 00:00:00+00:00
[2026-03-17T22:39:04.734+0000] {processor.py:208} INFO - Processing /opt/airflow/dags/scraping_dag.py took 0.298 seconds
[2026-03-17T22:39:35.059+0000] {processor.py:186} INFO - Started process (PID=172) to work on /opt/airflow/dags/scraping_dag.py
[2026-03-17T22:39:35.061+0000] {processor.py:914} INFO - Processing file /opt/airflow/dags/scraping_dag.py for tasks to queue
[2026-03-17T22:39:35.064+0000] {logging_mixin.py:190} INFO - [2026-03-17T22:39:35.063+0000] {dagbag.py:587} INFO - Filling up the DagBag from /opt/airflow/dags/scraping_dag.py
[2026-03-17T22:39:35.221+0000] {processor.py:925} INFO - DAG(s) 'pipeline_ville_ideale_complet' retrieved from /opt/airflow/dags/scraping_dag.py
[2026-03-17T22:39:35.262+0000] {logging_mixin.py:190} INFO - [2026-03-17T22:39:35.261+0000] {dag.py:3211} INFO - Sync 1 DAGs
[2026-03-17T22:39:35.306+0000] {logging_mixin.py:190} INFO - [2026-03-17T22:39:35.305+0000] {dag.py:4138} INFO - Setting next_dagrun for pipeline_ville_ideale_complet to 2026-03-17 00:00:00+00:00, run_after=2026-03-18 00:00:00+00:00
[2026-03-17T22:39:35.347+0000] {processor.py:208} INFO - Processing /opt/airflow/dags/scraping_dag.py took 0.295 seconds
[2026-03-17T22:40:05.526+0000] {processor.py:186} INFO - Started process (PID=173) to work on /opt/airflow/dags/scraping_dag.py
[2026-03-17T22:40:05.529+0000] {processor.py:914} INFO - Processing file /opt/airflow/dags/scraping_dag.py for tasks to queue
[2026-03-17T22:40:05.534+0000] {logging_mixin.py:190} INFO - [2026-03-17T22:40:05.533+0000] {dagbag.py:587} INFO - Filling up the DagBag from /opt/airflow/dags/scraping_dag.py
[2026-03-17T22:40:05.710+0000] {processor.py:925} INFO - DAG(s) 'pipeline_ville_ideale_complet' retrieved from /opt/airflow/dags/scraping_dag.py
[2026-03-17T22:40:05.740+0000] {logging_mixin.py:190} INFO - [2026-03-17T22:40:05.740+0000] {dag.py:3211} INFO - Sync 1 DAGs
[2026-03-17T22:40:05.793+0000] {logging_mixin.py:190} INFO - [2026-03-17T22:40:05.793+0000] {dag.py:4138} INFO - Setting next_dagrun for pipeline_ville_ideale_complet to 2026-03-17 00:00:00+00:00, run_after=2026-03-18 00:00:00+00:00
[2026-03-17T22:40:05.840+0000] {processor.py:208} INFO - Processing /opt/airflow/dags/scraping_dag.py took 0.327 seconds
[2026-03-17T22:40:26.063+0000] {processor.py:186} INFO - Started process (PID=174) to work on /opt/airflow/dags/scraping_dag.py
[2026-03-17T22:40:26.064+0000] {processor.py:914} INFO - Processing file /opt/airflow/dags/scraping_dag.py for tasks to queue
[2026-03-17T22:40:26.068+0000] {logging_mixin.py:190} INFO - [2026-03-17T22:40:26.068+0000] {dagbag.py:587} INFO - Filling up the DagBag from /opt/airflow/dags/scraping_dag.py
[2026-03-17T22:40:26.320+0000] {processor.py:925} INFO - DAG(s) 'pipeline_ville_ideale_complet' retrieved from /opt/airflow/dags/scraping_dag.py
[2026-03-17T22:40:26.361+0000] {logging_mixin.py:190} INFO - [2026-03-17T22:40:26.361+0000] {dag.py:3211} INFO - Sync 1 DAGs
[2026-03-17T22:40:26.389+0000] {logging_mixin.py:190} INFO - [2026-03-17T22:40:26.388+0000] {dag.py:4138} INFO - Setting next_dagrun for pipeline_ville_ideale_complet to 2026-03-17 00:00:00+00:00, run_after=2026-03-18 00:00:00+00:00
[2026-03-17T22:40:26.423+0000] {processor.py:208} INFO - Processing /opt/airflow/dags/scraping_dag.py took 0.371 seconds
[2026-03-17T22:40:29.213+0000] {processor.py:186} INFO - Started process (PID=175) to work on /opt/airflow/dags/scraping_dag.py
[2026-03-17T22:40:29.215+0000] {processor.py:914} INFO - Processing file /opt/airflow/dags/scraping_dag.py for tasks to queue
[2026-03-17T22:40:29.219+0000] {logging_mixin.py:190} INFO - [2026-03-17T22:40:29.219+0000] {dagbag.py:587} INFO - Filling up the DagBag from /opt/airflow/dags/scraping_dag.py
[2026-03-17T22:40:29.440+0000] {processor.py:925} INFO - DAG(s) 'pipeline_ville_ideale_complet' retrieved from /opt/airflow/dags/scraping_dag.py
[2026-03-17T22:40:29.478+0000] {logging_mixin.py:190} INFO - [2026-03-17T22:40:29.478+0000] {dag.py:3211} INFO - Sync 1 DAGs
[2026-03-17T22:40:29.505+0000] {logging_mixin.py:190} INFO - [2026-03-17T22:40:29.504+0000] {dag.py:4138} INFO - Setting next_dagrun for pipeline_ville_ideale_complet to 2026-03-17 00:00:00+00:00, run_after=2026-03-18 00:00:00+00:00
[2026-03-17T22:40:29.539+0000] {processor.py:208} INFO - Processing /opt/airflow/dags/scraping_dag.py took 0.337 seconds
[2026-03-17T22:40:38.690+0000] {processor.py:186} INFO - Started process (PID=176) to work on /opt/airflow/dags/scraping_dag.py
[2026-03-17T22:40:38.691+0000] {processor.py:914} INFO - Processing file /opt/airflow/dags/scraping_dag.py for tasks to queue
[2026-03-17T22:40:38.695+0000] {logging_mixin.py:190} INFO - [2026-03-17T22:40:38.695+0000] {dagbag.py:587} INFO - Filling up the DagBag from /opt/airflow/dags/scraping_dag.py
[2026-03-17T22:40:38.892+0000] {processor.py:925} INFO - DAG(s) 'pipeline_ville_ideale_complet' retrieved from /opt/airflow/dags/scraping_dag.py
[2026-03-17T22:40:38.923+0000] {logging_mixin.py:190} INFO - [2026-03-17T22:40:38.922+0000] {dag.py:3211} INFO - Sync 1 DAGs
[2026-03-17T22:40:38.954+0000] {logging_mixin.py:190} INFO - [2026-03-17T22:40:38.953+0000] {dag.py:4138} INFO - Setting next_dagrun for pipeline_ville_ideale_complet to 2026-03-17 00:00:00+00:00, run_after=2026-03-18 00:00:00+00:00
[2026-03-17T22:40:38.989+0000] {processor.py:208} INFO - Processing /opt/airflow/dags/scraping_dag.py took 0.306 seconds
[2026-03-17T22:40:42.177+0000] {processor.py:186} INFO - Started process (PID=177) to work on /opt/airflow/dags/scraping_dag.py
[2026-03-17T22:40:42.179+0000] {processor.py:914} INFO - Processing file /opt/airflow/dags/scraping_dag.py for tasks to queue
[2026-03-17T22:40:42.182+0000] {logging_mixin.py:190} INFO - [2026-03-17T22:40:42.182+0000] {dagbag.py:587} INFO - Filling up the DagBag from /opt/airflow/dags/scraping_dag.py
[2026-03-17T22:40:42.407+0000] {processor.py:925} INFO - DAG(s) 'pipeline_ville_ideale_complet' retrieved from /opt/airflow/dags/scraping_dag.py
[2026-03-17T22:40:42.465+0000] {logging_mixin.py:190} INFO - [2026-03-17T22:40:42.463+0000] {dag.py:3211} INFO - Sync 1 DAGs
[2026-03-17T22:40:42.493+0000] {logging_mixin.py:190} INFO - [2026-03-17T22:40:42.493+0000] {dag.py:4138} INFO - Setting next_dagrun for pipeline_ville_ideale_complet to 2026-03-17 00:00:00+00:00, run_after=2026-03-18 00:00:00+00:00
[2026-03-17T22:40:42.535+0000] {processor.py:208} INFO - Processing /opt/airflow/dags/scraping_dag.py took 0.370 seconds
[2026-03-17T22:41:12.957+0000] {processor.py:186} INFO - Started process (PID=178) to work on /opt/airflow/dags/scraping_dag.py
[2026-03-17T22:41:12.960+0000] {processor.py:914} INFO - Processing file /opt/airflow/dags/scraping_dag.py for tasks to queue
[2026-03-17T22:41:12.966+0000] {logging_mixin.py:190} INFO - [2026-03-17T22:41:12.966+0000] {dagbag.py:587} INFO - Filling up the DagBag from /opt/airflow/dags/scraping_dag.py
[2026-03-17T22:41:13.179+0000] {processor.py:925} INFO - DAG(s) 'pipeline_ville_ideale_complet' retrieved from /opt/airflow/dags/scraping_dag.py
[2026-03-17T22:41:13.222+0000] {logging_mixin.py:190} INFO - [2026-03-17T22:41:13.221+0000] {dag.py:3211} INFO - Sync 1 DAGs
[2026-03-17T22:41:13.253+0000] {logging_mixin.py:190} INFO - [2026-03-17T22:41:13.252+0000] {dag.py:4138} INFO - Setting next_dagrun for pipeline_ville_ideale_complet to 2026-03-17 00:00:00+00:00, run_after=2026-03-18 00:00:00+00:00
[2026-03-17T22:41:13.286+0000] {processor.py:208} INFO - Processing /opt/airflow/dags/scraping_dag.py took 0.342 seconds
[2026-03-17T22:41:43.676+0000] {processor.py:186} INFO - Started process (PID=179) to work on /opt/airflow/dags/scraping_dag.py
[2026-03-17T22:41:43.677+0000] {processor.py:914} INFO - Processing file /opt/airflow/dags/scraping_dag.py for tasks to queue
[2026-03-17T22:41:43.680+0000] {logging_mixin.py:190} INFO - [2026-03-17T22:41:43.680+0000] {dagbag.py:587} INFO - Filling up the DagBag from /opt/airflow/dags/scraping_dag.py
[2026-03-17T22:41:43.863+0000] {processor.py:925} INFO - DAG(s) 'pipeline_ville_ideale_complet' retrieved from /opt/airflow/dags/scraping_dag.py
[2026-03-17T22:41:43.894+0000] {logging_mixin.py:190} INFO - [2026-03-17T22:41:43.894+0000] {dag.py:3211} INFO - Sync 1 DAGs
[2026-03-17T22:41:43.922+0000] {logging_mixin.py:190} INFO - [2026-03-17T22:41:43.922+0000] {dag.py:4138} INFO - Setting next_dagrun for pipeline_ville_ideale_complet to 2026-03-17 00:00:00+00:00, run_after=2026-03-18 00:00:00+00:00
[2026-03-17T22:41:43.950+0000] {processor.py:208} INFO - Processing /opt/airflow/dags/scraping_dag.py took 0.281 seconds
[2026-03-17T22:42:14.083+0000] {processor.py:186} INFO - Started process (PID=180) to work on /opt/airflow/dags/scraping_dag.py
[2026-03-17T22:42:14.085+0000] {processor.py:914} INFO - Processing file /opt/airflow/dags/scraping_dag.py for tasks to queue
[2026-03-17T22:42:14.089+0000] {logging_mixin.py:190} INFO - [2026-03-17T22:42:14.089+0000] {dagbag.py:587} INFO - Filling up the DagBag from /opt/airflow/dags/scraping_dag.py
[2026-03-17T22:42:14.257+0000] {processor.py:925} INFO - DAG(s) 'pipeline_ville_ideale_complet' retrieved from /opt/airflow/dags/scraping_dag.py
[2026-03-17T22:42:14.292+0000] {logging_mixin.py:190} INFO - [2026-03-17T22:42:14.291+0000] {dag.py:3211} INFO - Sync 1 DAGs
[2026-03-17T22:42:14.321+0000] {logging_mixin.py:190} INFO - [2026-03-17T22:42:14.320+0000] {dag.py:4138} INFO - Setting next_dagrun for pipeline_ville_ideale_complet to 2026-03-17 00:00:00+00:00, run_after=2026-03-18 00:00:00+00:00
[2026-03-17T22:42:14.357+0000] {processor.py:208} INFO - Processing /opt/airflow/dags/scraping_dag.py took 0.287 seconds
[2026-03-17T22:42:44.769+0000] {processor.py:186} INFO - Started process (PID=181) to work on /opt/airflow/dags/scraping_dag.py
[2026-03-17T22:42:44.771+0000] {processor.py:914} INFO - Processing file /opt/airflow/dags/scraping_dag.py for tasks to queue
[2026-03-17T22:42:44.773+0000] {logging_mixin.py:190} INFO - [2026-03-17T22:42:44.773+0000] {dagbag.py:587} INFO - Filling up the DagBag from /opt/airflow/dags/scraping_dag.py
[2026-03-17T22:42:44.942+0000] {processor.py:925} INFO - DAG(s) 'pipeline_ville_ideale_complet' retrieved from /opt/airflow/dags/scraping_dag.py
[2026-03-17T22:42:44.972+0000] {logging_mixin.py:190} INFO - [2026-03-17T22:42:44.971+0000] {dag.py:3211} INFO - Sync 1 DAGs
[2026-03-17T22:42:44.998+0000] {logging_mixin.py:190} INFO - [2026-03-17T22:42:44.998+0000] {dag.py:4138} INFO - Setting next_dagrun for pipeline_ville_ideale_complet to 2026-03-17 00:00:00+00:00, run_after=2026-03-18 00:00:00+00:00
[2026-03-17T22:42:45.030+0000] {processor.py:208} INFO - Processing /opt/airflow/dags/scraping_dag.py took 0.269 seconds
[2026-03-17T22:43:15.174+0000] {processor.py:186} INFO - Started process (PID=182) to work on /opt/airflow/dags/scraping_dag.py
[2026-03-17T22:43:15.176+0000] {processor.py:914} INFO - Processing file /opt/airflow/dags/scraping_dag.py for tasks to queue
[2026-03-17T22:43:15.179+0000] {logging_mixin.py:190} INFO - [2026-03-17T22:43:15.179+0000] {dagbag.py:587} INFO - Filling up the DagBag from /opt/airflow/dags/scraping_dag.py
[2026-03-17T22:43:15.333+0000] {processor.py:925} INFO - DAG(s) 'pipeline_ville_ideale_complet' retrieved from /opt/airflow/dags/scraping_dag.py
[2026-03-17T22:43:15.364+0000] {logging_mixin.py:190} INFO - [2026-03-17T22:43:15.364+0000] {dag.py:3211} INFO - Sync 1 DAGs
[2026-03-17T22:43:15.392+0000] {logging_mixin.py:190} INFO - [2026-03-17T22:43:15.391+0000] {dag.py:4138} INFO - Setting next_dagrun for pipeline_ville_ideale_complet to 2026-03-17 00:00:00+00:00, run_after=2026-03-18 00:00:00+00:00
[2026-03-17T22:43:15.421+0000] {processor.py:208} INFO - Processing /opt/airflow/dags/scraping_dag.py took 0.257 seconds
[2026-03-17T22:43:45.885+0000] {processor.py:186} INFO - Started process (PID=183) to work on /opt/airflow/dags/scraping_dag.py
[2026-03-17T22:43:45.888+0000] {processor.py:914} INFO - Processing file /opt/airflow/dags/scraping_dag.py for tasks to queue
[2026-03-17T22:43:45.893+0000] {logging_mixin.py:190} INFO - [2026-03-17T22:43:45.892+0000] {dagbag.py:587} INFO - Filling up the DagBag from /opt/airflow/dags/scraping_dag.py
[2026-03-17T22:43:46.071+0000] {processor.py:925} INFO - DAG(s) 'pipeline_ville_ideale_complet' retrieved from /opt/airflow/dags/scraping_dag.py
[2026-03-17T22:43:46.108+0000] {logging_mixin.py:190} INFO - [2026-03-17T22:43:46.106+0000] {dag.py:3211} INFO - Sync 1 DAGs
[2026-03-17T22:43:46.142+0000] {logging_mixin.py:190} INFO - [2026-03-17T22:43:46.142+0000] {dag.py:4138} INFO - Setting next_dagrun for pipeline_ville_ideale_complet to 2026-03-17 00:00:00+00:00, run_after=2026-03-18 00:00:00+00:00
[2026-03-17T22:43:46.175+0000] {processor.py:208} INFO - Processing /opt/airflow/dags/scraping_dag.py took 0.305 seconds
[2026-03-17T22:44:16.252+0000] {processor.py:186} INFO - Started process (PID=184) to work on /opt/airflow/dags/scraping_dag.py
[2026-03-17T22:44:16.254+0000] {processor.py:914} INFO - Processing file /opt/airflow/dags/scraping_dag.py for tasks to queue
[2026-03-17T22:44:16.258+0000] {logging_mixin.py:190} INFO - [2026-03-17T22:44:16.258+0000] {dagbag.py:587} INFO - Filling up the DagBag from /opt/airflow/dags/scraping_dag.py
[2026-03-17T22:44:16.428+0000] {processor.py:925} INFO - DAG(s) 'pipeline_ville_ideale_complet' retrieved from /opt/airflow/dags/scraping_dag.py
[2026-03-17T22:44:16.505+0000] {logging_mixin.py:190} INFO - [2026-03-17T22:44:16.504+0000] {dag.py:3211} INFO - Sync 1 DAGs
[2026-03-17T22:44:16.551+0000] {logging_mixin.py:190} INFO - [2026-03-17T22:44:16.551+0000] {dag.py:4138} INFO - Setting next_dagrun for pipeline_ville_ideale_complet to 2026-03-17 00:00:00+00:00, run_after=2026-03-18 00:00:00+00:00
[2026-03-17T22:44:16.594+0000] {processor.py:208} INFO - Processing /opt/airflow/dags/scraping_dag.py took 0.349 seconds
[2026-03-17T22:44:46.960+0000] {processor.py:186} INFO - Started process (PID=185) to work on /opt/airflow/dags/scraping_dag.py
[2026-03-17T22:44:46.961+0000] {processor.py:914} INFO - Processing file /opt/airflow/dags/scraping_dag.py for tasks to queue
[2026-03-17T22:44:46.964+0000] {logging_mixin.py:190} INFO - [2026-03-17T22:44:46.964+0000] {dagbag.py:587} INFO - Filling up the DagBag from /opt/airflow/dags/scraping_dag.py
[2026-03-17T22:44:47.129+0000] {processor.py:925} INFO - DAG(s) 'pipeline_ville_ideale_complet' retrieved from /opt/airflow/dags/scraping_dag.py
[2026-03-17T22:44:47.158+0000] {logging_mixin.py:190} INFO - [2026-03-17T22:44:47.158+0000] {dag.py:3211} INFO - Sync 1 DAGs
[2026-03-17T22:44:47.186+0000] {logging_mixin.py:190} INFO - [2026-03-17T22:44:47.186+0000] {dag.py:4138} INFO - Setting next_dagrun for pipeline_ville_ideale_complet to 2026-03-17 00:00:00+00:00, run_after=2026-03-18 00:00:00+00:00
[2026-03-17T22:44:47.209+0000] {processor.py:208} INFO - Processing /opt/airflow/dags/scraping_dag.py took 0.257 seconds
[2026-03-17T22:45:17.366+0000] {processor.py:186} INFO - Started process (PID=186) to work on /opt/airflow/dags/scraping_dag.py
[2026-03-17T22:45:17.369+0000] {processor.py:914} INFO - Processing file /opt/airflow/dags/scraping_dag.py for tasks to queue
[2026-03-17T22:45:17.373+0000] {logging_mixin.py:190} INFO - [2026-03-17T22:45:17.372+0000] {dagbag.py:587} INFO - Filling up the DagBag from /opt/airflow/dags/scraping_dag.py
[2026-03-17T22:45:17.539+0000] {processor.py:925} INFO - DAG(s) 'pipeline_ville_ideale_complet' retrieved from /opt/airflow/dags/scraping_dag.py
[2026-03-17T22:45:17.572+0000] {logging_mixin.py:190} INFO - [2026-03-17T22:45:17.571+0000] {dag.py:3211} INFO - Sync 1 DAGs
[2026-03-17T22:45:17.594+0000] {logging_mixin.py:190} INFO - [2026-03-17T22:45:17.594+0000] {dag.py:4138} INFO - Setting next_dagrun for pipeline_ville_ideale_complet to 2026-03-17 00:00:00+00:00, run_after=2026-03-18 00:00:00+00:00
[2026-03-17T22:45:17.633+0000] {processor.py:208} INFO - Processing /opt/airflow/dags/scraping_dag.py took 0.276 seconds
[2026-03-17T22:45:48.129+0000] {processor.py:186} INFO - Started process (PID=187) to work on /opt/airflow/dags/scraping_dag.py
[2026-03-17T22:45:48.131+0000] {processor.py:914} INFO - Processing file /opt/airflow/dags/scraping_dag.py for tasks to queue
[2026-03-17T22:45:48.136+0000] {logging_mixin.py:190} INFO - [2026-03-17T22:45:48.135+0000] {dagbag.py:587} INFO - Filling up the DagBag from /opt/airflow/dags/scraping_dag.py
[2026-03-17T22:45:48.330+0000] {processor.py:925} INFO - DAG(s) 'pipeline_ville_ideale_complet' retrieved from /opt/airflow/dags/scraping_dag.py
[2026-03-17T22:45:48.361+0000] {logging_mixin.py:190} INFO - [2026-03-17T22:45:48.361+0000] {dag.py:3211} INFO - Sync 1 DAGs
[2026-03-17T22:45:48.407+0000] {logging_mixin.py:190} INFO - [2026-03-17T22:45:48.407+0000] {dag.py:4138} INFO - Setting next_dagrun for pipeline_ville_ideale_complet to 2026-03-17 00:00:00+00:00, run_after=2026-03-18 00:00:00+00:00
[2026-03-17T22:45:48.437+0000] {processor.py:208} INFO - Processing /opt/airflow/dags/scraping_dag.py took 0.318 seconds
[2026-03-17T22:46:18.560+0000] {processor.py:186} INFO - Started process (PID=188) to work on /opt/airflow/dags/scraping_dag.py
[2026-03-17T22:46:18.562+0000] {processor.py:914} INFO - Processing file /opt/airflow/dags/scraping_dag.py for tasks to queue
[2026-03-17T22:46:18.567+0000] {logging_mixin.py:190} INFO - [2026-03-17T22:46:18.566+0000] {dagbag.py:587} INFO - Filling up the DagBag from /opt/airflow/dags/scraping_dag.py
[2026-03-17T22:46:18.744+0000] {processor.py:925} INFO - DAG(s) 'pipeline_ville_ideale_complet' retrieved from /opt/airflow/dags/scraping_dag.py
[2026-03-17T22:46:18.777+0000] {logging_mixin.py:190} INFO - [2026-03-17T22:46:18.777+0000] {dag.py:3211} INFO - Sync 1 DAGs
[2026-03-17T22:46:18.838+0000] {logging_mixin.py:190} INFO - [2026-03-17T22:46:18.838+0000] {dag.py:4138} INFO - Setting next_dagrun for pipeline_ville_ideale_complet to 2026-03-17 00:00:00+00:00, run_after=2026-03-18 00:00:00+00:00
[2026-03-17T22:46:18.880+0000] {processor.py:208} INFO - Processing /opt/airflow/dags/scraping_dag.py took 0.330 seconds
[2026-03-17T22:46:49.235+0000] {processor.py:186} INFO - Started process (PID=189) to work on /opt/airflow/dags/scraping_dag.py
[2026-03-17T22:46:49.237+0000] {processor.py:914} INFO - Processing file /opt/airflow/dags/scraping_dag.py for tasks to queue
[2026-03-17T22:46:49.242+0000] {logging_mixin.py:190} INFO - [2026-03-17T22:46:49.241+0000] {dagbag.py:587} INFO - Filling up the DagBag from /opt/airflow/dags/scraping_dag.py
[2026-03-17T22:46:49.591+0000] {processor.py:925} INFO - DAG(s) 'pipeline_ville_ideale_complet' retrieved from /opt/airflow/dags/scraping_dag.py
[2026-03-17T22:46:49.663+0000] {logging_mixin.py:190} INFO - [2026-03-17T22:46:49.660+0000] {dag.py:3211} INFO - Sync 1 DAGs
[2026-03-17T22:46:49.710+0000] {logging_mixin.py:190} INFO - [2026-03-17T22:46:49.709+0000] {dag.py:4138} INFO - Setting next_dagrun for pipeline_ville_ideale_complet to 2026-03-17 00:00:00+00:00, run_after=2026-03-18 00:00:00+00:00
[2026-03-17T22:46:49.747+0000] {processor.py:208} INFO - Processing /opt/airflow/dags/scraping_dag.py took 0.532 seconds
[2026-03-17T22:47:20.226+0000] {processor.py:186} INFO - Started process (PID=190) to work on /opt/airflow/dags/scraping_dag.py
[2026-03-17T22:47:20.228+0000] {processor.py:914} INFO - Processing file /opt/airflow/dags/scraping_dag.py for tasks to queue
[2026-03-17T22:47:20.231+0000] {logging_mixin.py:190} INFO - [2026-03-17T22:47:20.231+0000] {dagbag.py:587} INFO - Filling up the DagBag from /opt/airflow/dags/scraping_dag.py
[2026-03-17T22:47:20.435+0000] {processor.py:925} INFO - DAG(s) 'pipeline_ville_ideale_complet' retrieved from /opt/airflow/dags/scraping_dag.py
[2026-03-17T22:47:20.469+0000] {logging_mixin.py:190} INFO - [2026-03-17T22:47:20.469+0000] {dag.py:3211} INFO - Sync 1 DAGs
[2026-03-17T22:47:20.497+0000] {logging_mixin.py:190} INFO - [2026-03-17T22:47:20.497+0000] {dag.py:4138} INFO - Setting next_dagrun for pipeline_ville_ideale_complet to 2026-03-17 00:00:00+00:00, run_after=2026-03-18 00:00:00+00:00
[2026-03-17T22:47:20.528+0000] {processor.py:208} INFO - Processing /opt/airflow/dags/scraping_dag.py took 0.314 seconds
[2026-03-17T22:47:50.636+0000] {processor.py:186} INFO - Started process (PID=191) to work on /opt/airflow/dags/scraping_dag.py
[2026-03-17T22:47:50.638+0000] {processor.py:914} INFO - Processing file /opt/airflow/dags/scraping_dag.py for tasks to queue
[2026-03-17T22:47:50.646+0000] {logging_mixin.py:190} INFO - [2026-03-17T22:47:50.644+0000] {dagbag.py:587} INFO - Filling up the DagBag from /opt/airflow/dags/scraping_dag.py
[2026-03-17T22:47:50.884+0000] {processor.py:925} INFO - DAG(s) 'pipeline_ville_ideale_complet' retrieved from /opt/airflow/dags/scraping_dag.py
[2026-03-17T22:47:50.935+0000] {logging_mixin.py:190} INFO - [2026-03-17T22:47:50.935+0000] {dag.py:3211} INFO - Sync 1 DAGs
[2026-03-17T22:47:50.970+0000] {logging_mixin.py:190} INFO - [2026-03-17T22:47:50.970+0000] {dag.py:4138} INFO - Setting next_dagrun for pipeline_ville_ideale_complet to 2026-03-17 00:00:00+00:00, run_after=2026-03-18 00:00:00+00:00
[2026-03-17T22:47:51.013+0000] {processor.py:208} INFO - Processing /opt/airflow/dags/scraping_dag.py took 0.394 seconds
[2026-03-17T22:48:11.221+0000] {processor.py:186} INFO - Started process (PID=192) to work on /opt/airflow/dags/scraping_dag.py
[2026-03-17T22:48:11.224+0000] {processor.py:914} INFO - Processing file /opt/airflow/dags/scraping_dag.py for tasks to queue
[2026-03-17T22:48:11.228+0000] {logging_mixin.py:190} INFO - [2026-03-17T22:48:11.227+0000] {dagbag.py:587} INFO - Filling up the DagBag from /opt/airflow/dags/scraping_dag.py
[2026-03-17T22:48:11.480+0000] {processor.py:925} INFO - DAG(s) 'pipeline_ville_ideale_complet' retrieved from /opt/airflow/dags/scraping_dag.py
[2026-03-17T22:48:11.512+0000] {logging_mixin.py:190} INFO - [2026-03-17T22:48:11.511+0000] {dag.py:3211} INFO - Sync 1 DAGs
[2026-03-17T22:48:11.544+0000] {logging_mixin.py:190} INFO - [2026-03-17T22:48:11.544+0000] {dag.py:4138} INFO - Setting next_dagrun for pipeline_ville_ideale_complet to 2026-03-17 00:00:00+00:00, run_after=2026-03-18 00:00:00+00:00
[2026-03-17T22:48:11.586+0000] {processor.py:208} INFO - Processing /opt/airflow/dags/scraping_dag.py took 0.377 seconds
[2026-03-17T22:48:41.680+0000] {processor.py:186} INFO - Started process (PID=193) to work on /opt/airflow/dags/scraping_dag.py
[2026-03-17T22:48:41.682+0000] {processor.py:914} INFO - Processing file /opt/airflow/dags/scraping_dag.py for tasks to queue
[2026-03-17T22:48:41.686+0000] {logging_mixin.py:190} INFO - [2026-03-17T22:48:41.686+0000] {dagbag.py:587} INFO - Filling up the DagBag from /opt/airflow/dags/scraping_dag.py
[2026-03-17T22:48:41.864+0000] {processor.py:925} INFO - DAG(s) 'pipeline_ville_ideale_complet' retrieved from /opt/airflow/dags/scraping_dag.py
[2026-03-17T22:48:41.894+0000] {logging_mixin.py:190} INFO - [2026-03-17T22:48:41.894+0000] {dag.py:3211} INFO - Sync 1 DAGs
[2026-03-17T22:48:41.918+0000] {logging_mixin.py:190} INFO - [2026-03-17T22:48:41.918+0000] {dag.py:4138} INFO - Setting next_dagrun for pipeline_ville_ideale_complet to 2026-03-17 00:00:00+00:00, run_after=2026-03-18 00:00:00+00:00
[2026-03-17T22:48:41.950+0000] {processor.py:208} INFO - Processing /opt/airflow/dags/scraping_dag.py took 0.280 seconds
[2026-03-17T22:49:12.375+0000] {processor.py:186} INFO - Started process (PID=194) to work on /opt/airflow/dags/scraping_dag.py
[2026-03-17T22:49:12.377+0000] {processor.py:914} INFO - Processing file /opt/airflow/dags/scraping_dag.py for tasks to queue
[2026-03-17T22:49:12.380+0000] {logging_mixin.py:190} INFO - [2026-03-17T22:49:12.380+0000] {dagbag.py:587} INFO - Filling up the DagBag from /opt/airflow/dags/scraping_dag.py
[2026-03-17T22:49:12.561+0000] {processor.py:925} INFO - DAG(s) 'pipeline_ville_ideale_complet' retrieved from /opt/airflow/dags/scraping_dag.py
[2026-03-17T22:49:12.589+0000] {logging_mixin.py:190} INFO - [2026-03-17T22:49:12.589+0000] {dag.py:3211} INFO - Sync 1 DAGs
[2026-03-17T22:49:12.614+0000] {logging_mixin.py:190} INFO - [2026-03-17T22:49:12.614+0000] {dag.py:4138} INFO - Setting next_dagrun for pipeline_ville_ideale_complet to 2026-03-17 00:00:00+00:00, run_after=2026-03-18 00:00:00+00:00
[2026-03-17T22:49:12.645+0000] {processor.py:208} INFO - Processing /opt/airflow/dags/scraping_dag.py took 0.283 seconds
[2026-03-17T22:49:21.539+0000] {processor.py:186} INFO - Started process (PID=195) to work on /opt/airflow/dags/scraping_dag.py
[2026-03-17T22:49:21.541+0000] {processor.py:914} INFO - Processing file /opt/airflow/dags/scraping_dag.py for tasks to queue
[2026-03-17T22:49:21.544+0000] {logging_mixin.py:190} INFO - [2026-03-17T22:49:21.544+0000] {dagbag.py:587} INFO - Filling up the DagBag from /opt/airflow/dags/scraping_dag.py
[2026-03-17T22:49:21.741+0000] {processor.py:925} INFO - DAG(s) 'pipeline_ville_ideale_complet' retrieved from /opt/airflow/dags/scraping_dag.py
[2026-03-17T22:49:21.770+0000] {logging_mixin.py:190} INFO - [2026-03-17T22:49:21.770+0000] {dag.py:3211} INFO - Sync 1 DAGs
[2026-03-17T22:49:21.793+0000] {logging_mixin.py:190} INFO - [2026-03-17T22:49:21.793+0000] {dag.py:4138} INFO - Setting next_dagrun for pipeline_ville_ideale_complet to 2026-03-17 00:00:00+00:00, run_after=2026-03-18 00:00:00+00:00
[2026-03-17T22:49:21.824+0000] {processor.py:208} INFO - Processing /opt/airflow/dags/scraping_dag.py took 0.294 seconds
[2026-03-17T22:49:45.132+0000] {processor.py:186} INFO - Started process (PID=196) to work on /opt/airflow/dags/scraping_dag.py
[2026-03-17T22:49:45.137+0000] {processor.py:914} INFO - Processing file /opt/airflow/dags/scraping_dag.py for tasks to queue
[2026-03-17T22:49:45.151+0000] {logging_mixin.py:190} INFO - [2026-03-17T22:49:45.150+0000] {dagbag.py:587} INFO - Filling up the DagBag from /opt/airflow/dags/scraping_dag.py
[2026-03-17T22:49:45.344+0000] {processor.py:925} INFO - DAG(s) 'pipeline_ville_ideale_complet' retrieved from /opt/airflow/dags/scraping_dag.py
[2026-03-17T22:49:45.371+0000] {logging_mixin.py:190} INFO - [2026-03-17T22:49:45.370+0000] {dag.py:3211} INFO - Sync 1 DAGs
[2026-03-17T22:49:45.397+0000] {logging_mixin.py:190} INFO - [2026-03-17T22:49:45.397+0000] {dag.py:4138} INFO - Setting next_dagrun for pipeline_ville_ideale_complet to 2026-03-17 00:00:00+00:00, run_after=2026-03-18 00:00:00+00:00
[2026-03-17T22:49:45.434+0000] {processor.py:208} INFO - Processing /opt/airflow/dags/scraping_dag.py took 0.309 seconds
[2026-03-17T22:50:12.528+0000] {processor.py:186} INFO - Started process (PID=197) to work on /opt/airflow/dags/scraping_dag.py
[2026-03-17T22:50:12.531+0000] {processor.py:914} INFO - Processing file /opt/airflow/dags/scraping_dag.py for tasks to queue
[2026-03-17T22:50:12.539+0000] {logging_mixin.py:190} INFO - [2026-03-17T22:50:12.538+0000] {dagbag.py:587} INFO - Filling up the DagBag from /opt/airflow/dags/scraping_dag.py
[2026-03-17T22:50:12.596+0000] {logging_mixin.py:190} INFO - [2026-03-17T22:50:12.594+0000] {dagbag.py:386} ERROR - Failed to import: /opt/airflow/dags/scraping_dag.py
Traceback (most recent call last):
  File "/home/airflow/.local/lib/python3.11/site-packages/airflow/models/dagbag.py", line 382, in parse
    loader.exec_module(new_module)
  File "<frozen importlib._bootstrap_external>", line 936, in exec_module
  File "<frozen importlib._bootstrap_external>", line 1074, in get_code
  File "<frozen importlib._bootstrap_external>", line 1004, in source_to_code
  File "<frozen importlib._bootstrap>", line 241, in _call_with_frames_removed
  File "/opt/airflow/dags/scraping_dag.py", line 111
    if d['code'] == "01":
IndentationError: unexpected indent
[2026-03-17T22:50:12.598+0000] {processor.py:927} WARNING - No viable dags retrieved from /opt/airflow/dags/scraping_dag.py
[2026-03-17T22:50:12.628+0000] {processor.py:208} INFO - Processing /opt/airflow/dags/scraping_dag.py took 0.112 seconds
[2026-03-17T22:50:16.796+0000] {processor.py:186} INFO - Started process (PID=198) to work on /opt/airflow/dags/scraping_dag.py
[2026-03-17T22:50:16.798+0000] {processor.py:914} INFO - Processing file /opt/airflow/dags/scraping_dag.py for tasks to queue
[2026-03-17T22:50:16.801+0000] {logging_mixin.py:190} INFO - [2026-03-17T22:50:16.800+0000] {dagbag.py:587} INFO - Filling up the DagBag from /opt/airflow/dags/scraping_dag.py
[2026-03-17T22:50:16.838+0000] {logging_mixin.py:190} INFO - [2026-03-17T22:50:16.837+0000] {dagbag.py:386} ERROR - Failed to import: /opt/airflow/dags/scraping_dag.py
Traceback (most recent call last):
  File "/home/airflow/.local/lib/python3.11/site-packages/airflow/models/dagbag.py", line 382, in parse
    loader.exec_module(new_module)
  File "<frozen importlib._bootstrap_external>", line 936, in exec_module
  File "<frozen importlib._bootstrap_external>", line 1074, in get_code
  File "<frozen importlib._bootstrap_external>", line 1004, in source_to_code
  File "<frozen importlib._bootstrap>", line 241, in _call_with_frames_removed
  File "/opt/airflow/dags/scraping_dag.py", line 112
    print("Blocage détecté sur le Dept 01. Injection de données de test pour débloquer le projet !")
IndentationError: unexpected indent
[2026-03-17T22:50:16.839+0000] {processor.py:927} WARNING - No viable dags retrieved from /opt/airflow/dags/scraping_dag.py
[2026-03-17T22:50:16.872+0000] {processor.py:208} INFO - Processing /opt/airflow/dags/scraping_dag.py took 0.082 seconds
[2026-03-17T22:50:19.923+0000] {processor.py:186} INFO - Started process (PID=199) to work on /opt/airflow/dags/scraping_dag.py
[2026-03-17T22:50:19.925+0000] {processor.py:914} INFO - Processing file /opt/airflow/dags/scraping_dag.py for tasks to queue
[2026-03-17T22:50:19.929+0000] {logging_mixin.py:190} INFO - [2026-03-17T22:50:19.928+0000] {dagbag.py:587} INFO - Filling up the DagBag from /opt/airflow/dags/scraping_dag.py
[2026-03-17T22:50:19.976+0000] {logging_mixin.py:190} INFO - [2026-03-17T22:50:19.973+0000] {dagbag.py:386} ERROR - Failed to import: /opt/airflow/dags/scraping_dag.py
Traceback (most recent call last):
  File "/home/airflow/.local/lib/python3.11/site-packages/airflow/models/dagbag.py", line 382, in parse
    loader.exec_module(new_module)
  File "<frozen importlib._bootstrap_external>", line 936, in exec_module
  File "<frozen importlib._bootstrap_external>", line 1074, in get_code
  File "<frozen importlib._bootstrap_external>", line 1004, in source_to_code
  File "<frozen importlib._bootstrap>", line 241, in _call_with_frames_removed
  File "/opt/airflow/dags/scraping_dag.py", line 113
    villes_test = [
IndentationError: unexpected indent
[2026-03-17T22:50:19.977+0000] {processor.py:927} WARNING - No viable dags retrieved from /opt/airflow/dags/scraping_dag.py
[2026-03-17T22:50:20.025+0000] {processor.py:208} INFO - Processing /opt/airflow/dags/scraping_dag.py took 0.112 seconds
[2026-03-17T22:50:22.075+0000] {processor.py:186} INFO - Started process (PID=200) to work on /opt/airflow/dags/scraping_dag.py
[2026-03-17T22:50:22.078+0000] {processor.py:914} INFO - Processing file /opt/airflow/dags/scraping_dag.py for tasks to queue
[2026-03-17T22:50:22.086+0000] {logging_mixin.py:190} INFO - [2026-03-17T22:50:22.085+0000] {dagbag.py:587} INFO - Filling up the DagBag from /opt/airflow/dags/scraping_dag.py
[2026-03-17T22:50:22.139+0000] {logging_mixin.py:190} INFO - [2026-03-17T22:50:22.137+0000] {dagbag.py:386} ERROR - Failed to import: /opt/airflow/dags/scraping_dag.py
Traceback (most recent call last):
  File "/home/airflow/.local/lib/python3.11/site-packages/airflow/models/dagbag.py", line 382, in parse
    loader.exec_module(new_module)
  File "<frozen importlib._bootstrap_external>", line 936, in exec_module
  File "<frozen importlib._bootstrap_external>", line 1074, in get_code
  File "<frozen importlib._bootstrap_external>", line 1004, in source_to_code
  File "<frozen importlib._bootstrap>", line 241, in _call_with_frames_removed
  File "/opt/airflow/dags/scraping_dag.py", line 114
    {"nom": "Bourg-en-Bresse", "url": "https://www.ville-ideale.fr/bourg-en-bresse_01053", "insee": "01053"},
IndentationError: unexpected indent
[2026-03-17T22:50:22.141+0000] {processor.py:927} WARNING - No viable dags retrieved from /opt/airflow/dags/scraping_dag.py
[2026-03-17T22:50:22.181+0000] {processor.py:208} INFO - Processing /opt/airflow/dags/scraping_dag.py took 0.127 seconds
[2026-03-17T22:50:25.235+0000] {processor.py:186} INFO - Started process (PID=201) to work on /opt/airflow/dags/scraping_dag.py
[2026-03-17T22:50:25.237+0000] {processor.py:914} INFO - Processing file /opt/airflow/dags/scraping_dag.py for tasks to queue
[2026-03-17T22:50:25.242+0000] {logging_mixin.py:190} INFO - [2026-03-17T22:50:25.241+0000] {dagbag.py:587} INFO - Filling up the DagBag from /opt/airflow/dags/scraping_dag.py
[2026-03-17T22:50:25.280+0000] {logging_mixin.py:190} INFO - [2026-03-17T22:50:25.278+0000] {dagbag.py:386} ERROR - Failed to import: /opt/airflow/dags/scraping_dag.py
Traceback (most recent call last):
  File "/home/airflow/.local/lib/python3.11/site-packages/airflow/models/dagbag.py", line 382, in parse
    loader.exec_module(new_module)
  File "<frozen importlib._bootstrap_external>", line 936, in exec_module
  File "<frozen importlib._bootstrap_external>", line 1074, in get_code
  File "<frozen importlib._bootstrap_external>", line 1004, in source_to_code
  File "<frozen importlib._bootstrap>", line 241, in _call_with_frames_removed
  File "/opt/airflow/dags/scraping_dag.py", line 115
    {"nom": "Oyonnax", "url": "https://www.ville-ideale.fr/oyonnax_01283", "insee": "01283"}
IndentationError: unexpected indent
[2026-03-17T22:50:25.282+0000] {processor.py:927} WARNING - No viable dags retrieved from /opt/airflow/dags/scraping_dag.py
[2026-03-17T22:50:25.327+0000] {processor.py:208} INFO - Processing /opt/airflow/dags/scraping_dag.py took 0.107 seconds
[2026-03-17T22:50:27.386+0000] {processor.py:186} INFO - Started process (PID=202) to work on /opt/airflow/dags/scraping_dag.py
[2026-03-17T22:50:27.388+0000] {processor.py:914} INFO - Processing file /opt/airflow/dags/scraping_dag.py for tasks to queue
[2026-03-17T22:50:27.391+0000] {logging_mixin.py:190} INFO - [2026-03-17T22:50:27.391+0000] {dagbag.py:587} INFO - Filling up the DagBag from /opt/airflow/dags/scraping_dag.py
[2026-03-17T22:50:27.438+0000] {logging_mixin.py:190} INFO - [2026-03-17T22:50:27.437+0000] {dagbag.py:386} ERROR - Failed to import: /opt/airflow/dags/scraping_dag.py
Traceback (most recent call last):
  File "/home/airflow/.local/lib/python3.11/site-packages/airflow/models/dagbag.py", line 382, in parse
    loader.exec_module(new_module)
  File "<frozen importlib._bootstrap_external>", line 936, in exec_module
  File "<frozen importlib._bootstrap_external>", line 1074, in get_code
  File "<frozen importlib._bootstrap_external>", line 1004, in source_to_code
  File "<frozen importlib._bootstrap>", line 241, in _call_with_frames_removed
  File "/opt/airflow/dags/scraping_dag.py", line 116
    ]
IndentationError: unexpected indent
[2026-03-17T22:50:27.440+0000] {processor.py:927} WARNING - No viable dags retrieved from /opt/airflow/dags/scraping_dag.py
[2026-03-17T22:50:27.469+0000] {processor.py:208} INFO - Processing /opt/airflow/dags/scraping_dag.py took 0.090 seconds
[2026-03-17T22:50:29.481+0000] {processor.py:186} INFO - Started process (PID=203) to work on /opt/airflow/dags/scraping_dag.py
[2026-03-17T22:50:29.483+0000] {processor.py:914} INFO - Processing file /opt/airflow/dags/scraping_dag.py for tasks to queue
[2026-03-17T22:50:29.486+0000] {logging_mixin.py:190} INFO - [2026-03-17T22:50:29.486+0000] {dagbag.py:587} INFO - Filling up the DagBag from /opt/airflow/dags/scraping_dag.py
[2026-03-17T22:50:29.512+0000] {logging_mixin.py:190} INFO - [2026-03-17T22:50:29.511+0000] {dagbag.py:386} ERROR - Failed to import: /opt/airflow/dags/scraping_dag.py
Traceback (most recent call last):
  File "/home/airflow/.local/lib/python3.11/site-packages/airflow/models/dagbag.py", line 382, in parse
    loader.exec_module(new_module)
  File "<frozen importlib._bootstrap_external>", line 936, in exec_module
  File "<frozen importlib._bootstrap_external>", line 1074, in get_code
  File "<frozen importlib._bootstrap_external>", line 1004, in source_to_code
  File "<frozen importlib._bootstrap>", line 241, in _call_with_frames_removed
  File "/opt/airflow/dags/scraping_dag.py", line 116
    ""        ]
              ^
SyntaxError: unmatched ']'
[2026-03-17T22:50:29.513+0000] {processor.py:927} WARNING - No viable dags retrieved from /opt/airflow/dags/scraping_dag.py
[2026-03-17T22:50:29.536+0000] {processor.py:208} INFO - Processing /opt/airflow/dags/scraping_dag.py took 0.066 seconds
[2026-03-17T22:50:31.585+0000] {processor.py:186} INFO - Started process (PID=204) to work on /opt/airflow/dags/scraping_dag.py
[2026-03-17T22:50:31.586+0000] {processor.py:914} INFO - Processing file /opt/airflow/dags/scraping_dag.py for tasks to queue
[2026-03-17T22:50:31.590+0000] {logging_mixin.py:190} INFO - [2026-03-17T22:50:31.590+0000] {dagbag.py:587} INFO - Filling up the DagBag from /opt/airflow/dags/scraping_dag.py
[2026-03-17T22:50:31.626+0000] {logging_mixin.py:190} INFO - [2026-03-17T22:50:31.625+0000] {dagbag.py:386} ERROR - Failed to import: /opt/airflow/dags/scraping_dag.py
Traceback (most recent call last):
  File "/home/airflow/.local/lib/python3.11/site-packages/airflow/models/dagbag.py", line 382, in parse
    loader.exec_module(new_module)
  File "<frozen importlib._bootstrap_external>", line 936, in exec_module
  File "<frozen importlib._bootstrap_external>", line 1074, in get_code
  File "<frozen importlib._bootstrap_external>", line 1004, in source_to_code
  File "<frozen importlib._bootstrap>", line 241, in _call_with_frames_removed
  File "/opt/airflow/dags/scraping_dag.py", line 116
    ]
IndentationError: unexpected indent
[2026-03-17T22:50:31.627+0000] {processor.py:927} WARNING - No viable dags retrieved from /opt/airflow/dags/scraping_dag.py
[2026-03-17T22:50:31.655+0000] {processor.py:208} INFO - Processing /opt/airflow/dags/scraping_dag.py took 0.077 seconds
[2026-03-17T22:50:34.705+0000] {processor.py:186} INFO - Started process (PID=205) to work on /opt/airflow/dags/scraping_dag.py
[2026-03-17T22:50:34.707+0000] {processor.py:914} INFO - Processing file /opt/airflow/dags/scraping_dag.py for tasks to queue
[2026-03-17T22:50:34.711+0000] {logging_mixin.py:190} INFO - [2026-03-17T22:50:34.710+0000] {dagbag.py:587} INFO - Filling up the DagBag from /opt/airflow/dags/scraping_dag.py
[2026-03-17T22:50:34.747+0000] {logging_mixin.py:190} INFO - [2026-03-17T22:50:34.746+0000] {dagbag.py:386} ERROR - Failed to import: /opt/airflow/dags/scraping_dag.py
Traceback (most recent call last):
  File "/home/airflow/.local/lib/python3.11/site-packages/airflow/models/dagbag.py", line 382, in parse
    loader.exec_module(new_module)
  File "<frozen importlib._bootstrap_external>", line 936, in exec_module
  File "<frozen importlib._bootstrap_external>", line 1074, in get_code
  File "<frozen importlib._bootstrap_external>", line 1004, in source_to_code
  File "<frozen importlib._bootstrap>", line 241, in _call_with_frames_removed
  File "/opt/airflow/dags/scraping_dag.py", line 117
    for v in villes_test:
IndentationError: unexpected indent
[2026-03-17T22:50:34.749+0000] {processor.py:927} WARNING - No viable dags retrieved from /opt/airflow/dags/scraping_dag.py
[2026-03-17T22:50:34.777+0000] {processor.py:208} INFO - Processing /opt/airflow/dags/scraping_dag.py took 0.077 seconds
[2026-03-17T22:50:37.877+0000] {processor.py:186} INFO - Started process (PID=206) to work on /opt/airflow/dags/scraping_dag.py
[2026-03-17T22:50:37.879+0000] {processor.py:914} INFO - Processing file /opt/airflow/dags/scraping_dag.py for tasks to queue
[2026-03-17T22:50:37.881+0000] {logging_mixin.py:190} INFO - [2026-03-17T22:50:37.881+0000] {dagbag.py:587} INFO - Filling up the DagBag from /opt/airflow/dags/scraping_dag.py
[2026-03-17T22:50:37.907+0000] {logging_mixin.py:190} INFO - [2026-03-17T22:50:37.906+0000] {dagbag.py:386} ERROR - Failed to import: /opt/airflow/dags/scraping_dag.py
Traceback (most recent call last):
  File "/home/airflow/.local/lib/python3.11/site-packages/airflow/models/dagbag.py", line 382, in parse
    loader.exec_module(new_module)
  File "<frozen importlib._bootstrap_external>", line 936, in exec_module
  File "<frozen importlib._bootstrap_external>", line 1074, in get_code
  File "<frozen importlib._bootstrap_external>", line 1004, in source_to_code
  File "<frozen importlib._bootstrap>", line 241, in _call_with_frames_removed
  File "/opt/airflow/dags/scraping_dag.py", line 118
    villes_collection.update_one(
IndentationError: unexpected indent
[2026-03-17T22:50:37.908+0000] {processor.py:927} WARNING - No viable dags retrieved from /opt/airflow/dags/scraping_dag.py
[2026-03-17T22:50:37.939+0000] {processor.py:208} INFO - Processing /opt/airflow/dags/scraping_dag.py took 0.069 seconds
[2026-03-17T22:50:43.027+0000] {processor.py:186} INFO - Started process (PID=207) to work on /opt/airflow/dags/scraping_dag.py
[2026-03-17T22:50:43.028+0000] {processor.py:914} INFO - Processing file /opt/airflow/dags/scraping_dag.py for tasks to queue
[2026-03-17T22:50:43.032+0000] {logging_mixin.py:190} INFO - [2026-03-17T22:50:43.031+0000] {dagbag.py:587} INFO - Filling up the DagBag from /opt/airflow/dags/scraping_dag.py
[2026-03-17T22:50:43.063+0000] {logging_mixin.py:190} INFO - [2026-03-17T22:50:43.061+0000] {dagbag.py:386} ERROR - Failed to import: /opt/airflow/dags/scraping_dag.py
Traceback (most recent call last):
  File "/home/airflow/.local/lib/python3.11/site-packages/airflow/models/dagbag.py", line 382, in parse
    loader.exec_module(new_module)
  File "<frozen importlib._bootstrap_external>", line 936, in exec_module
  File "<frozen importlib._bootstrap_external>", line 1074, in get_code
  File "<frozen importlib._bootstrap_external>", line 1004, in source_to_code
  File "<frozen importlib._bootstrap>", line 241, in _call_with_frames_removed
  File "/opt/airflow/dags/scraping_dag.py", line 119
    {"code_insee": v['insee']},
IndentationError: unexpected indent
[2026-03-17T22:50:43.064+0000] {processor.py:927} WARNING - No viable dags retrieved from /opt/airflow/dags/scraping_dag.py
[2026-03-17T22:50:43.096+0000] {processor.py:208} INFO - Processing /opt/airflow/dags/scraping_dag.py took 0.078 seconds
[2026-03-17T22:50:47.157+0000] {processor.py:186} INFO - Started process (PID=208) to work on /opt/airflow/dags/scraping_dag.py
[2026-03-17T22:50:47.159+0000] {processor.py:914} INFO - Processing file /opt/airflow/dags/scraping_dag.py for tasks to queue
[2026-03-17T22:50:47.161+0000] {logging_mixin.py:190} INFO - [2026-03-17T22:50:47.161+0000] {dagbag.py:587} INFO - Filling up the DagBag from /opt/airflow/dags/scraping_dag.py
[2026-03-17T22:50:47.195+0000] {logging_mixin.py:190} INFO - [2026-03-17T22:50:47.194+0000] {dagbag.py:386} ERROR - Failed to import: /opt/airflow/dags/scraping_dag.py
Traceback (most recent call last):
  File "/home/airflow/.local/lib/python3.11/site-packages/airflow/models/dagbag.py", line 382, in parse
    loader.exec_module(new_module)
  File "<frozen importlib._bootstrap_external>", line 936, in exec_module
  File "<frozen importlib._bootstrap_external>", line 1074, in get_code
  File "<frozen importlib._bootstrap_external>", line 1004, in source_to_code
  File "<frozen importlib._bootstrap>", line 241, in _call_with_frames_removed
  File "/opt/airflow/dags/scraping_dag.py", line 119
    {"code_insee": v['insee']},
IndentationError: unexpected indent
[2026-03-17T22:50:47.196+0000] {processor.py:927} WARNING - No viable dags retrieved from /opt/airflow/dags/scraping_dag.py
[2026-03-17T22:50:47.224+0000] {processor.py:208} INFO - Processing /opt/airflow/dags/scraping_dag.py took 0.076 seconds
[2026-03-17T22:50:48.236+0000] {processor.py:186} INFO - Started process (PID=209) to work on /opt/airflow/dags/scraping_dag.py
[2026-03-17T22:50:48.238+0000] {processor.py:914} INFO - Processing file /opt/airflow/dags/scraping_dag.py for tasks to queue
[2026-03-17T22:50:48.244+0000] {logging_mixin.py:190} INFO - [2026-03-17T22:50:48.243+0000] {dagbag.py:587} INFO - Filling up the DagBag from /opt/airflow/dags/scraping_dag.py
[2026-03-17T22:50:48.285+0000] {logging_mixin.py:190} INFO - [2026-03-17T22:50:48.283+0000] {dagbag.py:386} ERROR - Failed to import: /opt/airflow/dags/scraping_dag.py
Traceback (most recent call last):
  File "/home/airflow/.local/lib/python3.11/site-packages/airflow/models/dagbag.py", line 382, in parse
    loader.exec_module(new_module)
  File "<frozen importlib._bootstrap_external>", line 936, in exec_module
  File "<frozen importlib._bootstrap_external>", line 1074, in get_code
  File "<frozen importlib._bootstrap_external>", line 1004, in source_to_code
  File "<frozen importlib._bootstrap>", line 241, in _call_with_frames_removed
  File "/opt/airflow/dags/scraping_dag.py", line 119
    {"code_insee": v['insee']},
IndentationError: unexpected indent
[2026-03-17T22:50:48.287+0000] {processor.py:927} WARNING - No viable dags retrieved from /opt/airflow/dags/scraping_dag.py
[2026-03-17T22:50:48.317+0000] {processor.py:208} INFO - Processing /opt/airflow/dags/scraping_dag.py took 0.091 seconds
[2026-03-17T22:50:51.365+0000] {processor.py:186} INFO - Started process (PID=210) to work on /opt/airflow/dags/scraping_dag.py
[2026-03-17T22:50:51.366+0000] {processor.py:914} INFO - Processing file /opt/airflow/dags/scraping_dag.py for tasks to queue
[2026-03-17T22:50:51.368+0000] {logging_mixin.py:190} INFO - [2026-03-17T22:50:51.367+0000] {dagbag.py:587} INFO - Filling up the DagBag from /opt/airflow/dags/scraping_dag.py
[2026-03-17T22:50:51.418+0000] {logging_mixin.py:190} INFO - [2026-03-17T22:50:51.417+0000] {dagbag.py:386} ERROR - Failed to import: /opt/airflow/dags/scraping_dag.py
Traceback (most recent call last):
  File "/home/airflow/.local/lib/python3.11/site-packages/airflow/models/dagbag.py", line 382, in parse
    loader.exec_module(new_module)
  File "<frozen importlib._bootstrap_external>", line 936, in exec_module
  File "<frozen importlib._bootstrap_external>", line 1074, in get_code
  File "<frozen importlib._bootstrap_external>", line 1004, in source_to_code
  File "<frozen importlib._bootstrap>", line 241, in _call_with_frames_removed
  File "/opt/airflow/dags/scraping_dag.py", line 120
    {"$set": {"nom": v['nom'], "url": v['url'], "dept": "01"}},
IndentationError: unexpected indent
[2026-03-17T22:50:51.420+0000] {processor.py:927} WARNING - No viable dags retrieved from /opt/airflow/dags/scraping_dag.py
[2026-03-17T22:50:51.446+0000] {processor.py:208} INFO - Processing /opt/airflow/dags/scraping_dag.py took 0.088 seconds
[2026-03-17T22:50:57.520+0000] {processor.py:186} INFO - Started process (PID=211) to work on /opt/airflow/dags/scraping_dag.py
[2026-03-17T22:50:57.521+0000] {processor.py:914} INFO - Processing file /opt/airflow/dags/scraping_dag.py for tasks to queue
[2026-03-17T22:50:57.523+0000] {logging_mixin.py:190} INFO - [2026-03-17T22:50:57.523+0000] {dagbag.py:587} INFO - Filling up the DagBag from /opt/airflow/dags/scraping_dag.py
[2026-03-17T22:50:57.550+0000] {logging_mixin.py:190} INFO - [2026-03-17T22:50:57.547+0000] {dagbag.py:386} ERROR - Failed to import: /opt/airflow/dags/scraping_dag.py
Traceback (most recent call last):
  File "/home/airflow/.local/lib/python3.11/site-packages/airflow/models/dagbag.py", line 382, in parse
    loader.exec_module(new_module)
  File "<frozen importlib._bootstrap_external>", line 936, in exec_module
  File "<frozen importlib._bootstrap_external>", line 1074, in get_code
  File "<frozen importlib._bootstrap_external>", line 1004, in source_to_code
  File "<frozen importlib._bootstrap>", line 241, in _call_with_frames_removed
  File "/opt/airflow/dags/scraping_dag.py", line 121
    upsert=True
IndentationError: unexpected indent
[2026-03-17T22:50:57.551+0000] {processor.py:927} WARNING - No viable dags retrieved from /opt/airflow/dags/scraping_dag.py
[2026-03-17T22:50:57.584+0000] {processor.py:208} INFO - Processing /opt/airflow/dags/scraping_dag.py took 0.073 seconds
[2026-03-17T22:51:00.651+0000] {processor.py:186} INFO - Started process (PID=212) to work on /opt/airflow/dags/scraping_dag.py
[2026-03-17T22:51:00.652+0000] {processor.py:914} INFO - Processing file /opt/airflow/dags/scraping_dag.py for tasks to queue
[2026-03-17T22:51:00.655+0000] {logging_mixin.py:190} INFO - [2026-03-17T22:51:00.655+0000] {dagbag.py:587} INFO - Filling up the DagBag from /opt/airflow/dags/scraping_dag.py
[2026-03-17T22:51:00.681+0000] {logging_mixin.py:190} INFO - [2026-03-17T22:51:00.680+0000] {dagbag.py:386} ERROR - Failed to import: /opt/airflow/dags/scraping_dag.py
Traceback (most recent call last):
  File "/home/airflow/.local/lib/python3.11/site-packages/airflow/models/dagbag.py", line 382, in parse
    loader.exec_module(new_module)
  File "<frozen importlib._bootstrap_external>", line 936, in exec_module
  File "<frozen importlib._bootstrap_external>", line 1074, in get_code
  File "<frozen importlib._bootstrap_external>", line 1004, in source_to_code
  File "<frozen importlib._bootstrap>", line 241, in _call_with_frames_removed
  File "/opt/airflow/dags/scraping_dag.py", line 122
    )
IndentationError: unexpected indent
[2026-03-17T22:51:00.682+0000] {processor.py:927} WARNING - No viable dags retrieved from /opt/airflow/dags/scraping_dag.py
[2026-03-17T22:51:00.707+0000] {processor.py:208} INFO - Processing /opt/airflow/dags/scraping_dag.py took 0.063 seconds
[2026-03-17T22:51:03.782+0000] {processor.py:186} INFO - Started process (PID=213) to work on /opt/airflow/dags/scraping_dag.py
[2026-03-17T22:51:03.783+0000] {processor.py:914} INFO - Processing file /opt/airflow/dags/scraping_dag.py for tasks to queue
[2026-03-17T22:51:03.785+0000] {logging_mixin.py:190} INFO - [2026-03-17T22:51:03.785+0000] {dagbag.py:587} INFO - Filling up the DagBag from /opt/airflow/dags/scraping_dag.py
[2026-03-17T22:51:03.815+0000] {logging_mixin.py:190} INFO - [2026-03-17T22:51:03.814+0000] {dagbag.py:386} ERROR - Failed to import: /opt/airflow/dags/scraping_dag.py
Traceback (most recent call last):
  File "/home/airflow/.local/lib/python3.11/site-packages/airflow/models/dagbag.py", line 382, in parse
    loader.exec_module(new_module)
  File "<frozen importlib._bootstrap_external>", line 936, in exec_module
  File "<frozen importlib._bootstrap_external>", line 1074, in get_code
  File "<frozen importlib._bootstrap_external>", line 1004, in source_to_code
  File "<frozen importlib._bootstrap>", line 241, in _call_with_frames_removed
  File "/opt/airflow/dags/scraping_dag.py", line 123
    villes_trouvees_total += 1
IndentationError: unexpected indent
[2026-03-17T22:51:03.816+0000] {processor.py:927} WARNING - No viable dags retrieved from /opt/airflow/dags/scraping_dag.py
[2026-03-17T22:51:03.840+0000] {processor.py:208} INFO - Processing /opt/airflow/dags/scraping_dag.py took 0.066 seconds
[2026-03-17T22:51:06.886+0000] {processor.py:186} INFO - Started process (PID=214) to work on /opt/airflow/dags/scraping_dag.py
[2026-03-17T22:51:06.889+0000] {processor.py:914} INFO - Processing file /opt/airflow/dags/scraping_dag.py for tasks to queue
[2026-03-17T22:51:06.891+0000] {logging_mixin.py:190} INFO - [2026-03-17T22:51:06.890+0000] {dagbag.py:587} INFO - Filling up the DagBag from /opt/airflow/dags/scraping_dag.py
[2026-03-17T22:51:06.932+0000] {logging_mixin.py:190} INFO - [2026-03-17T22:51:06.930+0000] {dagbag.py:386} ERROR - Failed to import: /opt/airflow/dags/scraping_dag.py
Traceback (most recent call last):
  File "/home/airflow/.local/lib/python3.11/site-packages/airflow/models/dagbag.py", line 382, in parse
    loader.exec_module(new_module)
  File "<frozen importlib._bootstrap_external>", line 936, in exec_module
  File "<frozen importlib._bootstrap_external>", line 1074, in get_code
  File "<frozen importlib._bootstrap_external>", line 1004, in source_to_code
  File "<frozen importlib._bootstrap>", line 241, in _call_with_frames_removed
  File "/opt/airflow/dags/scraping_dag.py", line 124
    continue
IndentationError: unexpected indent
[2026-03-17T22:51:06.934+0000] {processor.py:927} WARNING - No viable dags retrieved from /opt/airflow/dags/scraping_dag.py
[2026-03-17T22:51:06.968+0000] {processor.py:208} INFO - Processing /opt/airflow/dags/scraping_dag.py took 0.094 seconds
[2026-03-17T22:51:10.012+0000] {processor.py:186} INFO - Started process (PID=215) to work on /opt/airflow/dags/scraping_dag.py
[2026-03-17T22:51:10.014+0000] {processor.py:914} INFO - Processing file /opt/airflow/dags/scraping_dag.py for tasks to queue
[2026-03-17T22:51:10.016+0000] {logging_mixin.py:190} INFO - [2026-03-17T22:51:10.016+0000] {dagbag.py:587} INFO - Filling up the DagBag from /opt/airflow/dags/scraping_dag.py
[2026-03-17T22:51:10.245+0000] {processor.py:925} INFO - DAG(s) 'pipeline_ville_ideale_complet' retrieved from /opt/airflow/dags/scraping_dag.py
[2026-03-17T22:51:10.443+0000] {logging_mixin.py:190} INFO - [2026-03-17T22:51:10.443+0000] {dag.py:3211} INFO - Sync 1 DAGs
[2026-03-17T22:51:11.077+0000] {logging_mixin.py:190} INFO - [2026-03-17T22:51:11.077+0000] {dag.py:4138} INFO - Setting next_dagrun for pipeline_ville_ideale_complet to 2026-03-17 00:00:00+00:00, run_after=2026-03-18 00:00:00+00:00
[2026-03-17T22:51:11.118+0000] {processor.py:208} INFO - Processing /opt/airflow/dags/scraping_dag.py took 1.115 seconds
[2026-03-17T22:51:41.449+0000] {processor.py:186} INFO - Started process (PID=216) to work on /opt/airflow/dags/scraping_dag.py
[2026-03-17T22:51:41.451+0000] {processor.py:914} INFO - Processing file /opt/airflow/dags/scraping_dag.py for tasks to queue
[2026-03-17T22:51:41.454+0000] {logging_mixin.py:190} INFO - [2026-03-17T22:51:41.453+0000] {dagbag.py:587} INFO - Filling up the DagBag from /opt/airflow/dags/scraping_dag.py
[2026-03-17T22:51:41.629+0000] {processor.py:925} INFO - DAG(s) 'pipeline_ville_ideale_complet' retrieved from /opt/airflow/dags/scraping_dag.py
[2026-03-17T22:51:41.680+0000] {logging_mixin.py:190} INFO - [2026-03-17T22:51:41.677+0000] {dag.py:3211} INFO - Sync 1 DAGs
[2026-03-17T22:51:41.711+0000] {logging_mixin.py:190} INFO - [2026-03-17T22:51:41.711+0000] {dag.py:4138} INFO - Setting next_dagrun for pipeline_ville_ideale_complet to 2026-03-17 00:00:00+00:00, run_after=2026-03-18 00:00:00+00:00
[2026-03-17T22:51:41.754+0000] {processor.py:208} INFO - Processing /opt/airflow/dags/scraping_dag.py took 0.314 seconds
