[2026-03-03T20:59:40.432+0000] {manager.py:483} INFO - Processing files using up to 2 processes at a time 
[2026-03-03T20:59:40.433+0000] {manager.py:484} INFO - Process each file at most once every 30 seconds
[2026-03-03T20:59:40.434+0000] {manager.py:485} INFO - Checking for new files in /opt/airflow/dags every 300 seconds
[2026-03-03T20:59:40.435+0000] {manager.py:821} INFO - Searching for files in /opt/airflow/dags
[2026-03-03T20:59:40.451+0000] {manager.py:824} INFO - There are 0 files in /opt/airflow/dags
[2026-03-03T21:04:40.457+0000] {manager.py:821} INFO - Searching for files in /opt/airflow/dags
[2026-03-03T21:04:40.485+0000] {manager.py:824} INFO - There are 0 files in /opt/airflow/dags
[2026-03-03T21:09:40.492+0000] {manager.py:821} INFO - Searching for files in /opt/airflow/dags
[2026-03-03T21:09:40.511+0000] {manager.py:824} INFO - There are 0 files in /opt/airflow/dags
[2026-03-03T21:14:41.215+0000] {manager.py:821} INFO - Searching for files in /opt/airflow/dags
[2026-03-03T21:14:41.246+0000] {manager.py:824} INFO - There are 0 files in /opt/airflow/dags
[2026-03-03T21:48:29.177+0000] {manager.py:821} INFO - Searching for files in /opt/airflow/dags
[2026-03-03T21:48:30.205+0000] {manager.py:824} INFO - There are 0 files in /opt/airflow/dags
[2026-03-03T21:54:12.381+0000] {manager.py:821} INFO - Searching for files in /opt/airflow/dags
[2026-03-03T21:54:12.404+0000] {manager.py:824} INFO - There are 0 files in /opt/airflow/dags
[2026-03-03T21:54:58.949+0000] {manager.py:465} INFO - Exiting gracefully upon receiving signal 15
[2026-03-08T21:34:44.488+0000] {manager.py:483} INFO - Processing files using up to 2 processes at a time 
[2026-03-08T21:34:44.490+0000] {manager.py:484} INFO - Process each file at most once every 30 seconds
[2026-03-08T21:34:44.491+0000] {manager.py:485} INFO - Checking for new files in /opt/airflow/dags every 300 seconds
[2026-03-08T21:34:44.493+0000] {manager.py:821} INFO - Searching for files in /opt/airflow/dags
[2026-03-08T21:34:44.547+0000] {manager.py:824} INFO - There are 0 files in /opt/airflow/dags
[2026-03-08T21:39:44.786+0000] {manager.py:821} INFO - Searching for files in /opt/airflow/dags
[2026-03-08T21:39:44.817+0000] {manager.py:824} INFO - There are 0 files in /opt/airflow/dags
[2026-03-08T21:44:45.029+0000] {manager.py:821} INFO - Searching for files in /opt/airflow/dags
[2026-03-08T21:44:45.059+0000] {manager.py:824} INFO - There are 0 files in /opt/airflow/dags
[2026-03-08T21:46:21.750+0000] {manager.py:465} INFO - Exiting gracefully upon receiving signal 15
[2026-03-08T22:16:07.223+0000] {manager.py:483} INFO - Processing files using up to 2 processes at a time 
[2026-03-08T22:16:07.227+0000] {manager.py:484} INFO - Process each file at most once every 30 seconds
[2026-03-08T22:16:07.230+0000] {manager.py:485} INFO - Checking for new files in /opt/airflow/dags every 300 seconds
[2026-03-08T22:16:07.232+0000] {manager.py:821} INFO - Searching for files in /opt/airflow/dags
[2026-03-08T22:16:07.255+0000] {manager.py:824} INFO - There are 0 files in /opt/airflow/dags
[2026-03-08T22:21:07.453+0000] {manager.py:821} INFO - Searching for files in /opt/airflow/dags
[2026-03-08T22:21:07.481+0000] {manager.py:824} INFO - There are 0 files in /opt/airflow/dags
[2026-03-08T22:24:15.612+0000] {manager.py:465} INFO - Exiting gracefully upon receiving signal 15
[2026-03-17T20:29:43.519+0000] {manager.py:483} INFO - Processing files using up to 2 processes at a time 
[2026-03-17T20:29:43.521+0000] {manager.py:484} INFO - Process each file at most once every 30 seconds
[2026-03-17T20:29:43.523+0000] {manager.py:485} INFO - Checking for new files in /opt/airflow/dags every 300 seconds
[2026-03-17T20:29:43.525+0000] {manager.py:821} INFO - Searching for files in /opt/airflow/dags
[2026-03-17T20:29:43.590+0000] {manager.py:824} INFO - There are 0 files in /opt/airflow/dags
[2026-03-17T20:34:43.659+0000] {manager.py:821} INFO - Searching for files in /opt/airflow/dags
[2026-03-17T20:34:43.743+0000] {manager.py:824} INFO - There are 0 files in /opt/airflow/dags
[2026-03-17T20:36:03.134+0000] {manager.py:465} INFO - Exiting gracefully upon receiving signal 15
[2026-03-17T20:36:57.006+0000] {manager.py:483} INFO - Processing files using up to 2 processes at a time 
[2026-03-17T20:36:57.009+0000] {manager.py:484} INFO - Process each file at most once every 30 seconds
[2026-03-17T20:36:57.011+0000] {manager.py:485} INFO - Checking for new files in /opt/airflow/dags every 300 seconds
[2026-03-17T20:36:57.013+0000] {manager.py:821} INFO - Searching for files in /opt/airflow/dags
[2026-03-17T20:36:57.034+0000] {manager.py:824} INFO - There are 1 files in /opt/airflow/dags
[2026-03-17T20:36:57.183+0000] {manager.py:997} INFO - 
================================================================================
DAG File Processing Stats

File Path                            PID  Runtime      # DAGs    # Errors  Last Runtime    Last Run      Last # of DB Queries
---------------------------------  -----  ---------  --------  ----------  --------------  ----------  ----------------------
/opt/airflow/dags/scraping_dag.py     52  0.05s             0           0                                                   0
================================================================================
[2026-03-17T20:37:27.552+0000] {manager.py:997} INFO - 
================================================================================
DAG File Processing Stats

File Path                          PID    Runtime      # DAGs    # Errors  Last Runtime    Last Run               Last # of DB Queries
---------------------------------  -----  ---------  --------  ----------  --------------  -------------------  ----------------------
/opt/airflow/dags/scraping_dag.py                           1           0  1.09s           2026-03-17T20:36:58                      26
================================================================================
[2026-03-17T20:37:57.976+0000] {manager.py:997} INFO - 
================================================================================
DAG File Processing Stats

File Path                          PID    Runtime      # DAGs    # Errors  Last Runtime    Last Run               Last # of DB Queries
---------------------------------  -----  ---------  --------  ----------  --------------  -------------------  ----------------------
/opt/airflow/dags/scraping_dag.py                           1           0  0.39s           2026-03-17T20:37:28                      12
================================================================================
[2026-03-17T20:38:27.985+0000] {manager.py:997} INFO - 
================================================================================
DAG File Processing Stats

File Path                          PID    Runtime      # DAGs    # Errors  Last Runtime    Last Run               Last # of DB Queries
---------------------------------  -----  ---------  --------  ----------  --------------  -------------------  ----------------------
/opt/airflow/dags/scraping_dag.py                           1           0  0.55s           2026-03-17T20:37:59                      12
================================================================================
[2026-03-17T20:38:58.403+0000] {manager.py:997} INFO - 
================================================================================
DAG File Processing Stats

File Path                          PID    Runtime      # DAGs    # Errors  Last Runtime    Last Run               Last # of DB Queries
---------------------------------  -----  ---------  --------  ----------  --------------  -------------------  ----------------------
/opt/airflow/dags/scraping_dag.py                           1           0  0.34s           2026-03-17T20:38:30                      12
================================================================================
[2026-03-17T20:39:28.985+0000] {manager.py:997} INFO - 
================================================================================
DAG File Processing Stats

File Path                          PID    Runtime      # DAGs    # Errors  Last Runtime    Last Run               Last # of DB Queries
---------------------------------  -----  ---------  --------  ----------  --------------  -------------------  ----------------------
/opt/airflow/dags/scraping_dag.py                           1           0  0.44s           2026-03-17T20:39:00                      12
================================================================================
[2026-03-17T20:39:59.690+0000] {manager.py:997} INFO - 
================================================================================
DAG File Processing Stats

File Path                          PID    Runtime      # DAGs    # Errors  Last Runtime    Last Run               Last # of DB Queries
---------------------------------  -----  ---------  --------  ----------  --------------  -------------------  ----------------------
/opt/airflow/dags/scraping_dag.py                           1           0  0.41s           2026-03-17T20:39:31                      12
================================================================================
[2026-03-17T20:40:30.236+0000] {manager.py:997} INFO - 
================================================================================
DAG File Processing Stats

File Path                          PID    Runtime      # DAGs    # Errors  Last Runtime    Last Run               Last # of DB Queries
---------------------------------  -----  ---------  --------  ----------  --------------  -------------------  ----------------------
/opt/airflow/dags/scraping_dag.py                           1           0  0.51s           2026-03-17T20:40:02                      12
================================================================================
[2026-03-17T20:41:00.614+0000] {manager.py:997} INFO - 
================================================================================
DAG File Processing Stats

File Path                          PID    Runtime      # DAGs    # Errors  Last Runtime    Last Run               Last # of DB Queries
---------------------------------  -----  ---------  --------  ----------  --------------  -------------------  ----------------------
/opt/airflow/dags/scraping_dag.py                           1           0  0.53s           2026-03-17T20:40:33                      12
================================================================================
[2026-03-17T20:41:31.439+0000] {manager.py:997} INFO - 
================================================================================
DAG File Processing Stats

File Path                          PID    Runtime      # DAGs    # Errors  Last Runtime    Last Run               Last # of DB Queries
---------------------------------  -----  ---------  --------  ----------  --------------  -------------------  ----------------------
/opt/airflow/dags/scraping_dag.py                           1           0  0.44s           2026-03-17T20:41:04                      12
================================================================================
[2026-03-17T20:41:57.117+0000] {manager.py:821} INFO - Searching for files in /opt/airflow/dags
[2026-03-17T20:41:57.167+0000] {manager.py:824} INFO - There are 1 files in /opt/airflow/dags
[2026-03-17T20:42:01.831+0000] {manager.py:997} INFO - 
================================================================================
DAG File Processing Stats

File Path                          PID    Runtime      # DAGs    # Errors  Last Runtime    Last Run               Last # of DB Queries
---------------------------------  -----  ---------  --------  ----------  --------------  -------------------  ----------------------
/opt/airflow/dags/scraping_dag.py                           1           0  0.37s           2026-03-17T20:41:34                      12
================================================================================
[2026-03-17T20:42:31.947+0000] {manager.py:997} INFO - 
================================================================================
DAG File Processing Stats

File Path                          PID    Runtime      # DAGs    # Errors  Last Runtime    Last Run               Last # of DB Queries
---------------------------------  -----  ---------  --------  ----------  --------------  -------------------  ----------------------
/opt/airflow/dags/scraping_dag.py                           1           0  0.33s           2026-03-17T20:42:05                      12
================================================================================
[2026-03-17T20:43:02.322+0000] {manager.py:997} INFO - 
================================================================================
DAG File Processing Stats

File Path                          PID    Runtime      # DAGs    # Errors  Last Runtime    Last Run               Last # of DB Queries
---------------------------------  -----  ---------  --------  ----------  --------------  -------------------  ----------------------
/opt/airflow/dags/scraping_dag.py                           1           0  0.35s           2026-03-17T20:42:36                      12
================================================================================
[2026-03-17T20:43:32.676+0000] {manager.py:997} INFO - 
================================================================================
DAG File Processing Stats

File Path                          PID    Runtime      # DAGs    # Errors  Last Runtime    Last Run               Last # of DB Queries
---------------------------------  -----  ---------  --------  ----------  --------------  -------------------  ----------------------
/opt/airflow/dags/scraping_dag.py                           1           0  0.31s           2026-03-17T20:43:06                      12
================================================================================
[2026-03-17T20:44:03.035+0000] {manager.py:997} INFO - 
================================================================================
DAG File Processing Stats

File Path                          PID    Runtime      # DAGs    # Errors  Last Runtime    Last Run               Last # of DB Queries
---------------------------------  -----  ---------  --------  ----------  --------------  -------------------  ----------------------
/opt/airflow/dags/scraping_dag.py                           1           0  0.31s           2026-03-17T20:43:37                      12
================================================================================
[2026-03-17T20:44:33.668+0000] {manager.py:997} INFO - 
================================================================================
DAG File Processing Stats

File Path                          PID    Runtime      # DAGs    # Errors  Last Runtime    Last Run               Last # of DB Queries
---------------------------------  -----  ---------  --------  ----------  --------------  -------------------  ----------------------
/opt/airflow/dags/scraping_dag.py                           1           0  0.34s           2026-03-17T20:44:07                      12
================================================================================
[2026-03-17T20:45:04.030+0000] {manager.py:997} INFO - 
================================================================================
DAG File Processing Stats

File Path                          PID    Runtime      # DAGs    # Errors  Last Runtime    Last Run               Last # of DB Queries
---------------------------------  -----  ---------  --------  ----------  --------------  -------------------  ----------------------
/opt/airflow/dags/scraping_dag.py                           1           0  0.40s           2026-03-17T20:44:38                      12
================================================================================
[2026-03-17T20:45:34.109+0000] {manager.py:997} INFO - 
================================================================================
DAG File Processing Stats

File Path                          PID    Runtime      # DAGs    # Errors  Last Runtime    Last Run               Last # of DB Queries
---------------------------------  -----  ---------  --------  ----------  --------------  -------------------  ----------------------
/opt/airflow/dags/scraping_dag.py                           1           0  0.41s           2026-03-17T20:45:08                      12
================================================================================
[2026-03-17T20:46:04.443+0000] {manager.py:997} INFO - 
================================================================================
DAG File Processing Stats

File Path                          PID    Runtime      # DAGs    # Errors  Last Runtime    Last Run               Last # of DB Queries
---------------------------------  -----  ---------  --------  ----------  --------------  -------------------  ----------------------
/opt/airflow/dags/scraping_dag.py                           1           0  0.40s           2026-03-17T20:45:39                      12
================================================================================
[2026-03-17T20:46:34.599+0000] {manager.py:997} INFO - 
================================================================================
DAG File Processing Stats

File Path                          PID    Runtime      # DAGs    # Errors  Last Runtime    Last Run               Last # of DB Queries
---------------------------------  -----  ---------  --------  ----------  --------------  -------------------  ----------------------
/opt/airflow/dags/scraping_dag.py                           1           0  0.42s           2026-03-17T20:46:10                      12
================================================================================
[2026-03-17T20:46:57.225+0000] {manager.py:821} INFO - Searching for files in /opt/airflow/dags
[2026-03-17T20:46:57.255+0000] {manager.py:824} INFO - There are 1 files in /opt/airflow/dags
[2026-03-17T20:47:04.988+0000] {manager.py:997} INFO - 
================================================================================
DAG File Processing Stats

File Path                          PID    Runtime      # DAGs    # Errors  Last Runtime    Last Run               Last # of DB Queries
---------------------------------  -----  ---------  --------  ----------  --------------  -------------------  ----------------------
/opt/airflow/dags/scraping_dag.py                           1           0  0.35s           2026-03-17T20:46:41                      12
================================================================================
[2026-03-17T20:47:35.757+0000] {manager.py:997} INFO - 
================================================================================
DAG File Processing Stats

File Path                          PID    Runtime      # DAGs    # Errors  Last Runtime    Last Run               Last # of DB Queries
---------------------------------  -----  ---------  --------  ----------  --------------  -------------------  ----------------------
/opt/airflow/dags/scraping_dag.py                           1           0  0.37s           2026-03-17T20:47:11                      12
================================================================================
[2026-03-17T20:48:06.135+0000] {manager.py:997} INFO - 
================================================================================
DAG File Processing Stats

File Path                          PID    Runtime      # DAGs    # Errors  Last Runtime    Last Run               Last # of DB Queries
---------------------------------  -----  ---------  --------  ----------  --------------  -------------------  ----------------------
/opt/airflow/dags/scraping_dag.py                           1           0  0.29s           2026-03-17T20:47:42                      12
================================================================================
[2026-03-17T20:48:36.772+0000] {manager.py:997} INFO - 
================================================================================
DAG File Processing Stats

File Path                          PID    Runtime      # DAGs    # Errors  Last Runtime    Last Run               Last # of DB Queries
---------------------------------  -----  ---------  --------  ----------  --------------  -------------------  ----------------------
/opt/airflow/dags/scraping_dag.py                           1           0  0.40s           2026-03-17T20:48:12                      12
================================================================================
[2026-03-17T20:49:07.276+0000] {manager.py:997} INFO - 
================================================================================
DAG File Processing Stats

File Path                          PID    Runtime      # DAGs    # Errors  Last Runtime    Last Run               Last # of DB Queries
---------------------------------  -----  ---------  --------  ----------  --------------  -------------------  ----------------------
/opt/airflow/dags/scraping_dag.py                           1           0  0.37s           2026-03-17T20:48:43                      12
================================================================================
[2026-03-17T20:49:37.925+0000] {manager.py:997} INFO - 
================================================================================
DAG File Processing Stats

File Path                          PID    Runtime      # DAGs    # Errors  Last Runtime    Last Run               Last # of DB Queries
---------------------------------  -----  ---------  --------  ----------  --------------  -------------------  ----------------------
/opt/airflow/dags/scraping_dag.py                           1           0  0.33s           2026-03-17T20:49:13                      12
================================================================================
[2026-03-17T20:50:08.361+0000] {manager.py:997} INFO - 
================================================================================
DAG File Processing Stats

File Path                          PID    Runtime      # DAGs    # Errors  Last Runtime    Last Run               Last # of DB Queries
---------------------------------  -----  ---------  --------  ----------  --------------  -------------------  ----------------------
/opt/airflow/dags/scraping_dag.py                           1           0  0.27s           2026-03-17T20:49:44                      12
================================================================================
[2026-03-17T20:50:38.949+0000] {manager.py:997} INFO - 
================================================================================
DAG File Processing Stats

File Path                          PID    Runtime      # DAGs    # Errors  Last Runtime    Last Run               Last # of DB Queries
---------------------------------  -----  ---------  --------  ----------  --------------  -------------------  ----------------------
/opt/airflow/dags/scraping_dag.py                           1           0  0.40s           2026-03-17T20:50:14                      12
================================================================================
[2026-03-17T20:51:09.553+0000] {manager.py:997} INFO - 
================================================================================
DAG File Processing Stats

File Path                          PID    Runtime      # DAGs    # Errors  Last Runtime    Last Run               Last # of DB Queries
---------------------------------  -----  ---------  --------  ----------  --------------  -------------------  ----------------------
/opt/airflow/dags/scraping_dag.py                           1           0  0.29s           2026-03-17T20:50:45                      12
================================================================================
[2026-03-17T20:51:40.097+0000] {manager.py:997} INFO - 
================================================================================
DAG File Processing Stats

File Path                          PID    Runtime      # DAGs    # Errors  Last Runtime    Last Run               Last # of DB Queries
---------------------------------  -----  ---------  --------  ----------  --------------  -------------------  ----------------------
/opt/airflow/dags/scraping_dag.py                           1           0  0.33s           2026-03-17T20:51:15                      12
================================================================================
[2026-03-17T20:51:57.425+0000] {manager.py:821} INFO - Searching for files in /opt/airflow/dags
[2026-03-17T20:51:57.457+0000] {manager.py:824} INFO - There are 1 files in /opt/airflow/dags
[2026-03-17T20:52:10.604+0000] {manager.py:997} INFO - 
================================================================================
DAG File Processing Stats

File Path                          PID    Runtime      # DAGs    # Errors  Last Runtime    Last Run               Last # of DB Queries
---------------------------------  -----  ---------  --------  ----------  --------------  -------------------  ----------------------
/opt/airflow/dags/scraping_dag.py                           1           0  0.30s           2026-03-17T20:51:46                      12
================================================================================
[2026-03-17T20:52:41.073+0000] {manager.py:997} INFO - 
================================================================================
DAG File Processing Stats

File Path                          PID    Runtime      # DAGs    # Errors  Last Runtime    Last Run               Last # of DB Queries
---------------------------------  -----  ---------  --------  ----------  --------------  -------------------  ----------------------
/opt/airflow/dags/scraping_dag.py                           1           0  0.28s           2026-03-17T20:52:16                      12
================================================================================
[2026-03-17T20:53:11.516+0000] {manager.py:997} INFO - 
================================================================================
DAG File Processing Stats

File Path                          PID    Runtime      # DAGs    # Errors  Last Runtime    Last Run               Last # of DB Queries
---------------------------------  -----  ---------  --------  ----------  --------------  -------------------  ----------------------
/opt/airflow/dags/scraping_dag.py                           1           0  0.41s           2026-03-17T20:52:47                      12
================================================================================
[2026-03-17T20:53:41.534+0000] {manager.py:997} INFO - 
================================================================================
DAG File Processing Stats

File Path                          PID    Runtime      # DAGs    # Errors  Last Runtime    Last Run               Last # of DB Queries
---------------------------------  -----  ---------  --------  ----------  --------------  -------------------  ----------------------
/opt/airflow/dags/scraping_dag.py                           1           0  0.29s           2026-03-17T20:53:18                      12
================================================================================
[2026-03-17T20:54:11.608+0000] {manager.py:997} INFO - 
================================================================================
DAG File Processing Stats

File Path                          PID    Runtime      # DAGs    # Errors  Last Runtime    Last Run               Last # of DB Queries
---------------------------------  -----  ---------  --------  ----------  --------------  -------------------  ----------------------
/opt/airflow/dags/scraping_dag.py                           1           0  0.28s           2026-03-17T20:53:48                      12
================================================================================
[2026-03-17T20:54:42.227+0000] {manager.py:997} INFO - 
================================================================================
DAG File Processing Stats

File Path                          PID    Runtime      # DAGs    # Errors  Last Runtime    Last Run               Last # of DB Queries
---------------------------------  -----  ---------  --------  ----------  --------------  -------------------  ----------------------
/opt/airflow/dags/scraping_dag.py                           1           0  0.33s           2026-03-17T20:54:19                      12
================================================================================
[2026-03-17T20:55:12.670+0000] {manager.py:997} INFO - 
================================================================================
DAG File Processing Stats

File Path                          PID    Runtime      # DAGs    # Errors  Last Runtime    Last Run               Last # of DB Queries
---------------------------------  -----  ---------  --------  ----------  --------------  -------------------  ----------------------
/opt/airflow/dags/scraping_dag.py                           1           0  0.31s           2026-03-17T20:54:49                      12
================================================================================
[2026-03-17T20:55:43.272+0000] {manager.py:997} INFO - 
================================================================================
DAG File Processing Stats

File Path                          PID    Runtime      # DAGs    # Errors  Last Runtime    Last Run               Last # of DB Queries
---------------------------------  -----  ---------  --------  ----------  --------------  -------------------  ----------------------
/opt/airflow/dags/scraping_dag.py                           1           0  0.29s           2026-03-17T20:55:20                      12
================================================================================
[2026-03-17T20:56:13.709+0000] {manager.py:997} INFO - 
================================================================================
DAG File Processing Stats

File Path                          PID    Runtime      # DAGs    # Errors  Last Runtime    Last Run               Last # of DB Queries
---------------------------------  -----  ---------  --------  ----------  --------------  -------------------  ----------------------
/opt/airflow/dags/scraping_dag.py                           1           0  0.32s           2026-03-17T20:55:50                      12
================================================================================
[2026-03-17T20:56:44.293+0000] {manager.py:997} INFO - 
================================================================================
DAG File Processing Stats

File Path                          PID    Runtime      # DAGs    # Errors  Last Runtime    Last Run               Last # of DB Queries
---------------------------------  -----  ---------  --------  ----------  --------------  -------------------  ----------------------
/opt/airflow/dags/scraping_dag.py                           1           0  0.30s           2026-03-17T20:56:21                      12
================================================================================
[2026-03-17T20:56:57.542+0000] {manager.py:821} INFO - Searching for files in /opt/airflow/dags
[2026-03-17T20:56:57.588+0000] {manager.py:824} INFO - There are 1 files in /opt/airflow/dags
[2026-03-17T20:57:14.831+0000] {manager.py:997} INFO - 
================================================================================
DAG File Processing Stats

File Path                          PID    Runtime      # DAGs    # Errors  Last Runtime    Last Run               Last # of DB Queries
---------------------------------  -----  ---------  --------  ----------  --------------  -------------------  ----------------------
/opt/airflow/dags/scraping_dag.py                           1           0  0.31s           2026-03-17T20:56:51                      12
================================================================================
[2026-03-17T20:57:45.387+0000] {manager.py:997} INFO - 
================================================================================
DAG File Processing Stats

File Path                          PID    Runtime      # DAGs    # Errors  Last Runtime    Last Run               Last # of DB Queries
---------------------------------  -----  ---------  --------  ----------  --------------  -------------------  ----------------------
/opt/airflow/dags/scraping_dag.py                           1           0  0.30s           2026-03-17T20:57:22                      12
================================================================================
[2026-03-17T20:58:15.823+0000] {manager.py:997} INFO - 
================================================================================
DAG File Processing Stats

File Path                          PID    Runtime      # DAGs    # Errors  Last Runtime    Last Run               Last # of DB Queries
---------------------------------  -----  ---------  --------  ----------  --------------  -------------------  ----------------------
/opt/airflow/dags/scraping_dag.py                           1           0  0.30s           2026-03-17T20:57:52                      12
================================================================================
[2026-03-17T20:58:46.446+0000] {manager.py:997} INFO - 
================================================================================
DAG File Processing Stats

File Path                          PID    Runtime      # DAGs    # Errors  Last Runtime    Last Run               Last # of DB Queries
---------------------------------  -----  ---------  --------  ----------  --------------  -------------------  ----------------------
/opt/airflow/dags/scraping_dag.py                           1           0  0.41s           2026-03-17T20:58:23                      12
================================================================================
[2026-03-17T20:59:16.925+0000] {manager.py:997} INFO - 
================================================================================
DAG File Processing Stats

File Path                          PID    Runtime      # DAGs    # Errors  Last Runtime    Last Run               Last # of DB Queries
---------------------------------  -----  ---------  --------  ----------  --------------  -------------------  ----------------------
/opt/airflow/dags/scraping_dag.py                           1           0  0.30s           2026-03-17T20:58:53                      12
================================================================================
[2026-03-17T20:59:47.576+0000] {manager.py:997} INFO - 
================================================================================
DAG File Processing Stats

File Path                          PID    Runtime      # DAGs    # Errors  Last Runtime    Last Run               Last # of DB Queries
---------------------------------  -----  ---------  --------  ----------  --------------  -------------------  ----------------------
/opt/airflow/dags/scraping_dag.py                           1           0  0.34s           2026-03-17T20:59:24                      12
================================================================================
[2026-03-17T21:00:18.127+0000] {manager.py:997} INFO - 
================================================================================
DAG File Processing Stats

File Path                          PID    Runtime      # DAGs    # Errors  Last Runtime    Last Run               Last # of DB Queries
---------------------------------  -----  ---------  --------  ----------  --------------  -------------------  ----------------------
/opt/airflow/dags/scraping_dag.py                           1           0  0.32s           2026-03-17T20:59:55                      12
================================================================================
[2026-03-17T21:00:48.681+0000] {manager.py:997} INFO - 
================================================================================
DAG File Processing Stats

File Path                          PID    Runtime      # DAGs    # Errors  Last Runtime    Last Run               Last # of DB Queries
---------------------------------  -----  ---------  --------  ----------  --------------  -------------------  ----------------------
/opt/airflow/dags/scraping_dag.py                           1           0  0.30s           2026-03-17T21:00:25                      12
================================================================================
[2026-03-17T21:01:19.142+0000] {manager.py:997} INFO - 
================================================================================
DAG File Processing Stats

File Path                          PID    Runtime      # DAGs    # Errors  Last Runtime    Last Run               Last # of DB Queries
---------------------------------  -----  ---------  --------  ----------  --------------  -------------------  ----------------------
/opt/airflow/dags/scraping_dag.py                           1           0  0.33s           2026-03-17T21:00:56                      12
================================================================================
[2026-03-17T21:01:49.767+0000] {manager.py:997} INFO - 
================================================================================
DAG File Processing Stats

File Path                          PID    Runtime      # DAGs    # Errors  Last Runtime    Last Run               Last # of DB Queries
---------------------------------  -----  ---------  --------  ----------  --------------  -------------------  ----------------------
/opt/airflow/dags/scraping_dag.py                           1           0  0.35s           2026-03-17T21:01:26                      12
================================================================================
[2026-03-17T21:01:57.935+0000] {manager.py:821} INFO - Searching for files in /opt/airflow/dags
[2026-03-17T21:01:57.994+0000] {manager.py:824} INFO - There are 1 files in /opt/airflow/dags
[2026-03-17T21:02:20.284+0000] {manager.py:997} INFO - 
================================================================================
DAG File Processing Stats

File Path                          PID    Runtime      # DAGs    # Errors  Last Runtime    Last Run               Last # of DB Queries
---------------------------------  -----  ---------  --------  ----------  --------------  -------------------  ----------------------
/opt/airflow/dags/scraping_dag.py                           1           0  0.32s           2026-03-17T21:01:57                      12
================================================================================
[2026-03-17T21:02:50.863+0000] {manager.py:997} INFO - 
================================================================================
DAG File Processing Stats

File Path                          PID    Runtime      # DAGs    # Errors  Last Runtime    Last Run               Last # of DB Queries
---------------------------------  -----  ---------  --------  ----------  --------------  -------------------  ----------------------
/opt/airflow/dags/scraping_dag.py                           1           0  0.34s           2026-03-17T21:02:27                      12
================================================================================
[2026-03-17T21:03:21.401+0000] {manager.py:997} INFO - 
================================================================================
DAG File Processing Stats

File Path                          PID    Runtime      # DAGs    # Errors  Last Runtime    Last Run               Last # of DB Queries
---------------------------------  -----  ---------  --------  ----------  --------------  -------------------  ----------------------
/opt/airflow/dags/scraping_dag.py                           1           0  0.31s           2026-03-17T21:02:58                      12
================================================================================
[2026-03-17T21:03:51.927+0000] {manager.py:997} INFO - 
================================================================================
DAG File Processing Stats

File Path                          PID    Runtime      # DAGs    # Errors  Last Runtime    Last Run               Last # of DB Queries
---------------------------------  -----  ---------  --------  ----------  --------------  -------------------  ----------------------
/opt/airflow/dags/scraping_dag.py                           1           0  0.30s           2026-03-17T21:03:28                      12
================================================================================
[2026-03-17T21:04:22.446+0000] {manager.py:997} INFO - 
================================================================================
DAG File Processing Stats

File Path                          PID    Runtime      # DAGs    # Errors  Last Runtime    Last Run               Last # of DB Queries
---------------------------------  -----  ---------  --------  ----------  --------------  -------------------  ----------------------
/opt/airflow/dags/scraping_dag.py                           1           0  0.35s           2026-03-17T21:03:59                      12
================================================================================
[2026-03-17T21:04:53.012+0000] {manager.py:997} INFO - 
================================================================================
DAG File Processing Stats

File Path                          PID    Runtime      # DAGs    # Errors  Last Runtime    Last Run               Last # of DB Queries
---------------------------------  -----  ---------  --------  ----------  --------------  -------------------  ----------------------
/opt/airflow/dags/scraping_dag.py                           1           0  0.31s           2026-03-17T21:04:29                      12
================================================================================
[2026-03-17T21:05:23.515+0000] {manager.py:997} INFO - 
================================================================================
DAG File Processing Stats

File Path                          PID    Runtime      # DAGs    # Errors  Last Runtime    Last Run               Last # of DB Queries
---------------------------------  -----  ---------  --------  ----------  --------------  -------------------  ----------------------
/opt/airflow/dags/scraping_dag.py                           1           0  0.33s           2026-03-17T21:05:00                      12
================================================================================
[2026-03-17T21:05:31.556+0000] {manager.py:465} INFO - Exiting gracefully upon receiving signal 15
[2026-03-17T21:06:16.205+0000] {manager.py:483} INFO - Processing files using up to 2 processes at a time 
[2026-03-17T21:06:16.207+0000] {manager.py:484} INFO - Process each file at most once every 30 seconds
[2026-03-17T21:06:16.209+0000] {manager.py:485} INFO - Checking for new files in /opt/airflow/dags every 300 seconds
[2026-03-17T21:06:16.211+0000] {manager.py:821} INFO - Searching for files in /opt/airflow/dags
[2026-03-17T21:06:16.250+0000] {manager.py:824} INFO - There are 1 files in /opt/airflow/dags
[2026-03-17T21:06:16.387+0000] {manager.py:997} INFO - 
================================================================================
DAG File Processing Stats

File Path                            PID  Runtime      # DAGs    # Errors  Last Runtime    Last Run      Last # of DB Queries
---------------------------------  -----  ---------  --------  ----------  --------------  ----------  ----------------------
/opt/airflow/dags/scraping_dag.py     52  0.05s             0           0                                                   0
================================================================================
[2026-03-17T21:06:46.684+0000] {manager.py:997} INFO - 
================================================================================
DAG File Processing Stats

File Path                          PID    Runtime      # DAGs    # Errors  Last Runtime    Last Run               Last # of DB Queries
---------------------------------  -----  ---------  --------  ----------  --------------  -------------------  ----------------------
/opt/airflow/dags/scraping_dag.py                           1           0  0.76s           2026-03-17T21:06:17                      26
================================================================================
[2026-03-17T21:07:16.722+0000] {manager.py:997} INFO - 
================================================================================
DAG File Processing Stats

File Path                          PID    Runtime      # DAGs    # Errors  Last Runtime    Last Run               Last # of DB Queries
---------------------------------  -----  ---------  --------  ----------  --------------  -------------------  ----------------------
/opt/airflow/dags/scraping_dag.py                           1           0  0.30s           2026-03-17T21:06:47                      12
================================================================================
[2026-03-17T21:07:47.376+0000] {manager.py:997} INFO - 
================================================================================
DAG File Processing Stats

File Path                          PID    Runtime      # DAGs    # Errors  Last Runtime    Last Run               Last # of DB Queries
---------------------------------  -----  ---------  --------  ----------  --------------  -------------------  ----------------------
/opt/airflow/dags/scraping_dag.py                           1           0  0.41s           2026-03-17T21:07:18                      12
================================================================================
[2026-03-17T21:08:17.846+0000] {manager.py:997} INFO - 
================================================================================
DAG File Processing Stats

File Path                          PID    Runtime      # DAGs    # Errors  Last Runtime    Last Run               Last # of DB Queries
---------------------------------  -----  ---------  --------  ----------  --------------  -------------------  ----------------------
/opt/airflow/dags/scraping_dag.py                           1           0  0.28s           2026-03-17T21:07:48                      12
================================================================================
[2026-03-17T21:08:48.422+0000] {manager.py:997} INFO - 
================================================================================
DAG File Processing Stats

File Path                          PID    Runtime      # DAGs    # Errors  Last Runtime    Last Run               Last # of DB Queries
---------------------------------  -----  ---------  --------  ----------  --------------  -------------------  ----------------------
/opt/airflow/dags/scraping_dag.py                           1           0  0.37s           2026-03-17T21:08:19                      12
================================================================================
[2026-03-17T21:09:18.935+0000] {manager.py:997} INFO - 
================================================================================
DAG File Processing Stats

File Path                          PID    Runtime      # DAGs    # Errors  Last Runtime    Last Run               Last # of DB Queries
---------------------------------  -----  ---------  --------  ----------  --------------  -------------------  ----------------------
/opt/airflow/dags/scraping_dag.py                           1           0  0.29s           2026-03-17T21:08:49                      12
================================================================================
[2026-03-17T21:09:49.460+0000] {manager.py:997} INFO - 
================================================================================
DAG File Processing Stats

File Path                          PID    Runtime      # DAGs    # Errors  Last Runtime    Last Run               Last # of DB Queries
---------------------------------  -----  ---------  --------  ----------  --------------  -------------------  ----------------------
/opt/airflow/dags/scraping_dag.py                           1           0  0.30s           2026-03-17T21:09:20                      12
================================================================================
[2026-03-17T21:10:19.879+0000] {manager.py:997} INFO - 
================================================================================
DAG File Processing Stats

File Path                          PID    Runtime      # DAGs    # Errors  Last Runtime    Last Run               Last # of DB Queries
---------------------------------  -----  ---------  --------  ----------  --------------  -------------------  ----------------------
/opt/airflow/dags/scraping_dag.py                           1           0  0.27s           2026-03-17T21:09:50                      12
================================================================================
[2026-03-17T21:10:50.485+0000] {manager.py:997} INFO - 
================================================================================
DAG File Processing Stats

File Path                          PID    Runtime      # DAGs    # Errors  Last Runtime    Last Run               Last # of DB Queries
---------------------------------  -----  ---------  --------  ----------  --------------  -------------------  ----------------------
/opt/airflow/dags/scraping_dag.py                           1           0  0.35s           2026-03-17T21:10:21                      12
================================================================================
[2026-03-17T21:11:16.946+0000] {manager.py:821} INFO - Searching for files in /opt/airflow/dags
[2026-03-17T21:11:16.993+0000] {manager.py:824} INFO - There are 1 files in /opt/airflow/dags
[2026-03-17T21:11:21.060+0000] {manager.py:997} INFO - 
================================================================================
DAG File Processing Stats

File Path                          PID    Runtime      # DAGs    # Errors  Last Runtime    Last Run               Last # of DB Queries
---------------------------------  -----  ---------  --------  ----------  --------------  -------------------  ----------------------
/opt/airflow/dags/scraping_dag.py                           1           0  0.35s           2026-03-17T21:10:51                      12
================================================================================
[2026-03-17T21:11:51.541+0000] {manager.py:997} INFO - 
================================================================================
DAG File Processing Stats

File Path                          PID    Runtime      # DAGs    # Errors  Last Runtime    Last Run               Last # of DB Queries
---------------------------------  -----  ---------  --------  ----------  --------------  -------------------  ----------------------
/opt/airflow/dags/scraping_dag.py                           1           0  0.30s           2026-03-17T21:11:22                      12
================================================================================
[2026-03-17T21:12:22.093+0000] {manager.py:997} INFO - 
================================================================================
DAG File Processing Stats

File Path                          PID    Runtime      # DAGs    # Errors  Last Runtime    Last Run               Last # of DB Queries
---------------------------------  -----  ---------  --------  ----------  --------------  -------------------  ----------------------
/opt/airflow/dags/scraping_dag.py                           1           0  0.38s           2026-03-17T21:11:52                      12
================================================================================
[2026-03-17T21:12:52.653+0000] {manager.py:997} INFO - 
================================================================================
DAG File Processing Stats

File Path                          PID    Runtime      # DAGs    # Errors  Last Runtime    Last Run               Last # of DB Queries
---------------------------------  -----  ---------  --------  ----------  --------------  -------------------  ----------------------
/opt/airflow/dags/scraping_dag.py                           1           0  0.27s           2026-03-17T21:12:23                      12
================================================================================
[2026-03-17T21:13:23.037+0000] {manager.py:997} INFO - 
================================================================================
DAG File Processing Stats

File Path                          PID    Runtime      # DAGs    # Errors  Last Runtime    Last Run               Last # of DB Queries
---------------------------------  -----  ---------  --------  ----------  --------------  -------------------  ----------------------
/opt/airflow/dags/scraping_dag.py                           1           0  0.28s           2026-03-17T21:12:53                      12
================================================================================
[2026-03-17T21:13:53.685+0000] {manager.py:997} INFO - 
================================================================================
DAG File Processing Stats

File Path                          PID    Runtime      # DAGs    # Errors  Last Runtime    Last Run               Last # of DB Queries
---------------------------------  -----  ---------  --------  ----------  --------------  -------------------  ----------------------
/opt/airflow/dags/scraping_dag.py                           1           0  0.28s           2026-03-17T21:13:24                      12
================================================================================
[2026-03-17T21:14:24.103+0000] {manager.py:997} INFO - 
================================================================================
DAG File Processing Stats

File Path                          PID    Runtime      # DAGs    # Errors  Last Runtime    Last Run               Last # of DB Queries
---------------------------------  -----  ---------  --------  ----------  --------------  -------------------  ----------------------
/opt/airflow/dags/scraping_dag.py                           1           0  0.30s           2026-03-17T21:13:55                      12
================================================================================
[2026-03-17T21:14:54.748+0000] {manager.py:997} INFO - 
================================================================================
DAG File Processing Stats

File Path                          PID    Runtime      # DAGs    # Errors  Last Runtime    Last Run               Last # of DB Queries
---------------------------------  -----  ---------  --------  ----------  --------------  -------------------  ----------------------
/opt/airflow/dags/scraping_dag.py                           1           0  0.29s           2026-03-17T21:14:25                      12
================================================================================
[2026-03-17T21:15:25.174+0000] {manager.py:997} INFO - 
================================================================================
DAG File Processing Stats

File Path                          PID    Runtime      # DAGs    # Errors  Last Runtime    Last Run               Last # of DB Queries
---------------------------------  -----  ---------  --------  ----------  --------------  -------------------  ----------------------
/opt/airflow/dags/scraping_dag.py                           1           0  0.28s           2026-03-17T21:14:56                      12
================================================================================
[2026-03-17T21:15:55.773+0000] {manager.py:997} INFO - 
================================================================================
DAG File Processing Stats

File Path                          PID    Runtime      # DAGs    # Errors  Last Runtime    Last Run               Last # of DB Queries
---------------------------------  -----  ---------  --------  ----------  --------------  -------------------  ----------------------
/opt/airflow/dags/scraping_dag.py                           1           0  0.43s           2026-03-17T21:15:26                      12
================================================================================
[2026-03-17T21:16:17.254+0000] {manager.py:821} INFO - Searching for files in /opt/airflow/dags
[2026-03-17T21:16:17.296+0000] {manager.py:824} INFO - There are 1 files in /opt/airflow/dags
[2026-03-17T21:16:26.431+0000] {manager.py:997} INFO - 
================================================================================
DAG File Processing Stats

File Path                          PID    Runtime      # DAGs    # Errors  Last Runtime    Last Run               Last # of DB Queries
---------------------------------  -----  ---------  --------  ----------  --------------  -------------------  ----------------------
/opt/airflow/dags/scraping_dag.py                           1           0  0.32s           2026-03-17T21:15:57                      12
================================================================================
[2026-03-17T21:16:56.807+0000] {manager.py:997} INFO - 
================================================================================
DAG File Processing Stats

File Path                          PID    Runtime      # DAGs    # Errors  Last Runtime    Last Run               Last # of DB Queries
---------------------------------  -----  ---------  --------  ----------  --------------  -------------------  ----------------------
/opt/airflow/dags/scraping_dag.py                           1           0  0.39s           2026-03-17T21:16:27                      12
================================================================================
[2026-03-17T21:17:26.843+0000] {manager.py:997} INFO - 
================================================================================
DAG File Processing Stats

File Path                          PID    Runtime      # DAGs    # Errors  Last Runtime    Last Run               Last # of DB Queries
---------------------------------  -----  ---------  --------  ----------  --------------  -------------------  ----------------------
/opt/airflow/dags/scraping_dag.py                           1           0  0.31s           2026-03-17T21:16:58                      12
================================================================================
[2026-03-17T21:17:57.233+0000] {manager.py:997} INFO - 
================================================================================
DAG File Processing Stats

File Path                          PID    Runtime      # DAGs    # Errors  Last Runtime    Last Run               Last # of DB Queries
---------------------------------  -----  ---------  --------  ----------  --------------  -------------------  ----------------------
/opt/airflow/dags/scraping_dag.py                           1           0  0.37s           2026-03-17T21:17:28                      12
================================================================================
[2026-03-17T21:18:27.646+0000] {manager.py:997} INFO - 
================================================================================
DAG File Processing Stats

File Path                          PID    Runtime      # DAGs    # Errors  Last Runtime    Last Run               Last # of DB Queries
---------------------------------  -----  ---------  --------  ----------  --------------  -------------------  ----------------------
/opt/airflow/dags/scraping_dag.py                           1           0  0.31s           2026-03-17T21:17:59                      12
================================================================================
[2026-03-17T21:18:58.286+0000] {manager.py:997} INFO - 
================================================================================
DAG File Processing Stats

File Path                          PID    Runtime      # DAGs    # Errors  Last Runtime    Last Run               Last # of DB Queries
---------------------------------  -----  ---------  --------  ----------  --------------  -------------------  ----------------------
/opt/airflow/dags/scraping_dag.py                           1           0  0.31s           2026-03-17T21:18:30                      12
================================================================================
[2026-03-17T21:19:28.664+0000] {manager.py:997} INFO - 
================================================================================
DAG File Processing Stats

File Path                          PID    Runtime      # DAGs    # Errors  Last Runtime    Last Run               Last # of DB Queries
---------------------------------  -----  ---------  --------  ----------  --------------  -------------------  ----------------------
/opt/airflow/dags/scraping_dag.py                           1           0  0.30s           2026-03-17T21:19:00                      12
================================================================================
[2026-03-17T21:19:59.251+0000] {manager.py:997} INFO - 
================================================================================
DAG File Processing Stats

File Path                          PID    Runtime      # DAGs    # Errors  Last Runtime    Last Run               Last # of DB Queries
---------------------------------  -----  ---------  --------  ----------  --------------  -------------------  ----------------------
/opt/airflow/dags/scraping_dag.py                           1           0  0.29s           2026-03-17T21:19:30                      12
================================================================================
[2026-03-17T21:20:29.631+0000] {manager.py:997} INFO - 
================================================================================
DAG File Processing Stats

File Path                          PID    Runtime      # DAGs    # Errors  Last Runtime    Last Run               Last # of DB Queries
---------------------------------  -----  ---------  --------  ----------  --------------  -------------------  ----------------------
/opt/airflow/dags/scraping_dag.py                           1           0  0.29s           2026-03-17T21:20:01                      12
================================================================================
[2026-03-17T21:21:00.198+0000] {manager.py:997} INFO - 
================================================================================
DAG File Processing Stats

File Path                          PID    Runtime      # DAGs    # Errors  Last Runtime    Last Run               Last # of DB Queries
---------------------------------  -----  ---------  --------  ----------  --------------  -------------------  ----------------------
/opt/airflow/dags/scraping_dag.py                           1           0  0.28s           2026-03-17T21:20:31                      12
================================================================================
[2026-03-17T21:21:17.444+0000] {manager.py:821} INFO - Searching for files in /opt/airflow/dags
[2026-03-17T21:21:17.494+0000] {manager.py:824} INFO - There are 1 files in /opt/airflow/dags
[2026-03-17T21:21:30.667+0000] {manager.py:997} INFO - 
================================================================================
DAG File Processing Stats

File Path                          PID    Runtime      # DAGs    # Errors  Last Runtime    Last Run               Last # of DB Queries
---------------------------------  -----  ---------  --------  ----------  --------------  -------------------  ----------------------
/opt/airflow/dags/scraping_dag.py                           1           0  0.28s           2026-03-17T21:21:02                      12
================================================================================
[2026-03-17T21:22:01.208+0000] {manager.py:997} INFO - 
================================================================================
DAG File Processing Stats

File Path                          PID    Runtime      # DAGs    # Errors  Last Runtime    Last Run               Last # of DB Queries
---------------------------------  -----  ---------  --------  ----------  --------------  -------------------  ----------------------
/opt/airflow/dags/scraping_dag.py                           1           0  0.30s           2026-03-17T21:21:33                      12
================================================================================
[2026-03-17T21:22:31.709+0000] {manager.py:997} INFO - 
================================================================================
DAG File Processing Stats

File Path                          PID    Runtime      # DAGs    # Errors  Last Runtime    Last Run               Last # of DB Queries
---------------------------------  -----  ---------  --------  ----------  --------------  -------------------  ----------------------
/opt/airflow/dags/scraping_dag.py                           1           0  0.33s           2026-03-17T21:22:03                      12
================================================================================
[2026-03-17T21:23:02.291+0000] {manager.py:997} INFO - 
================================================================================
DAG File Processing Stats

File Path                          PID    Runtime      # DAGs    # Errors  Last Runtime    Last Run               Last # of DB Queries
---------------------------------  -----  ---------  --------  ----------  --------------  -------------------  ----------------------
/opt/airflow/dags/scraping_dag.py                           1           0  0.32s           2026-03-17T21:22:34                      12
================================================================================
[2026-03-17T21:23:32.731+0000] {manager.py:997} INFO - 
================================================================================
DAG File Processing Stats

File Path                          PID    Runtime      # DAGs    # Errors  Last Runtime    Last Run               Last # of DB Queries
---------------------------------  -----  ---------  --------  ----------  --------------  -------------------  ----------------------
/opt/airflow/dags/scraping_dag.py                           1           0  0.32s           2026-03-17T21:23:04                      12
================================================================================
[2026-03-17T21:24:03.325+0000] {manager.py:997} INFO - 
================================================================================
DAG File Processing Stats

File Path                          PID    Runtime      # DAGs    # Errors  Last Runtime    Last Run               Last # of DB Queries
---------------------------------  -----  ---------  --------  ----------  --------------  -------------------  ----------------------
/opt/airflow/dags/scraping_dag.py                           1           0  0.32s           2026-03-17T21:23:35                      12
================================================================================
[2026-03-17T21:24:33.770+0000] {manager.py:997} INFO - 
================================================================================
DAG File Processing Stats

File Path                          PID    Runtime      # DAGs    # Errors  Last Runtime    Last Run               Last # of DB Queries
---------------------------------  -----  ---------  --------  ----------  --------------  -------------------  ----------------------
/opt/airflow/dags/scraping_dag.py                           1           0  0.41s           2026-03-17T21:24:05                      12
================================================================================
[2026-03-17T21:25:04.146+0000] {manager.py:997} INFO - 
================================================================================
DAG File Processing Stats

File Path                          PID    Runtime      # DAGs    # Errors  Last Runtime    Last Run               Last # of DB Queries
---------------------------------  -----  ---------  --------  ----------  --------------  -------------------  ----------------------
/opt/airflow/dags/scraping_dag.py                           1           0  0.31s           2026-03-17T21:24:36                      12
================================================================================
[2026-03-17T21:25:34.811+0000] {manager.py:997} INFO - 
================================================================================
DAG File Processing Stats

File Path                          PID    Runtime      # DAGs    # Errors  Last Runtime    Last Run               Last # of DB Queries
---------------------------------  -----  ---------  --------  ----------  --------------  -------------------  ----------------------
/opt/airflow/dags/scraping_dag.py                           1           0  0.31s           2026-03-17T21:25:06                      12
================================================================================
[2026-03-17T21:26:05.135+0000] {manager.py:997} INFO - 
================================================================================
DAG File Processing Stats

File Path                          PID    Runtime      # DAGs    # Errors  Last Runtime    Last Run               Last # of DB Queries
---------------------------------  -----  ---------  --------  ----------  --------------  -------------------  ----------------------
/opt/airflow/dags/scraping_dag.py                           1           0  0.26s           2026-03-17T21:25:37                      12
================================================================================
[2026-03-17T21:26:17.515+0000] {manager.py:821} INFO - Searching for files in /opt/airflow/dags
[2026-03-17T21:26:17.549+0000] {manager.py:824} INFO - There are 1 files in /opt/airflow/dags
[2026-03-17T21:26:35.777+0000] {manager.py:997} INFO - 
================================================================================
DAG File Processing Stats

File Path                          PID    Runtime      # DAGs    # Errors  Last Runtime    Last Run               Last # of DB Queries
---------------------------------  -----  ---------  --------  ----------  --------------  -------------------  ----------------------
/opt/airflow/dags/scraping_dag.py                           1           0  0.30s           2026-03-17T21:26:07                      12
================================================================================
[2026-03-17T21:27:06.131+0000] {manager.py:997} INFO - 
================================================================================
DAG File Processing Stats

File Path                          PID    Runtime      # DAGs    # Errors  Last Runtime    Last Run               Last # of DB Queries
---------------------------------  -----  ---------  --------  ----------  --------------  -------------------  ----------------------
/opt/airflow/dags/scraping_dag.py                           1           0  0.26s           2026-03-17T21:26:38                      12
================================================================================
[2026-03-17T21:27:36.712+0000] {manager.py:997} INFO - 
================================================================================
DAG File Processing Stats

File Path                          PID    Runtime      # DAGs    # Errors  Last Runtime    Last Run               Last # of DB Queries
---------------------------------  -----  ---------  --------  ----------  --------------  -------------------  ----------------------
/opt/airflow/dags/scraping_dag.py                           1           0  0.30s           2026-03-17T21:27:08                      12
================================================================================
[2026-03-17T21:28:07.151+0000] {manager.py:997} INFO - 
================================================================================
DAG File Processing Stats

File Path                          PID    Runtime      # DAGs    # Errors  Last Runtime    Last Run               Last # of DB Queries
---------------------------------  -----  ---------  --------  ----------  --------------  -------------------  ----------------------
/opt/airflow/dags/scraping_dag.py                           1           0  0.30s           2026-03-17T21:27:39                      12
================================================================================
[2026-03-17T21:28:37.717+0000] {manager.py:997} INFO - 
================================================================================
DAG File Processing Stats

File Path                          PID    Runtime      # DAGs    # Errors  Last Runtime    Last Run               Last # of DB Queries
---------------------------------  -----  ---------  --------  ----------  --------------  -------------------  ----------------------
/opt/airflow/dags/scraping_dag.py                           1           0  0.31s           2026-03-17T21:28:09                      12
================================================================================
[2026-03-17T21:29:08.175+0000] {manager.py:997} INFO - 
================================================================================
DAG File Processing Stats

File Path                          PID    Runtime      # DAGs    # Errors  Last Runtime    Last Run               Last # of DB Queries
---------------------------------  -----  ---------  --------  ----------  --------------  -------------------  ----------------------
/opt/airflow/dags/scraping_dag.py                           1           0  0.38s           2026-03-17T21:28:40                      12
================================================================================
[2026-03-17T21:29:38.863+0000] {manager.py:997} INFO - 
================================================================================
DAG File Processing Stats

File Path                          PID    Runtime      # DAGs    # Errors  Last Runtime    Last Run               Last # of DB Queries
---------------------------------  -----  ---------  --------  ----------  --------------  -------------------  ----------------------
/opt/airflow/dags/scraping_dag.py                           1           0  0.30s           2026-03-17T21:29:10                      12
================================================================================
[2026-03-17T21:30:09.286+0000] {manager.py:997} INFO - 
================================================================================
DAG File Processing Stats

File Path                          PID    Runtime      # DAGs    # Errors  Last Runtime    Last Run               Last # of DB Queries
---------------------------------  -----  ---------  --------  ----------  --------------  -------------------  ----------------------
/opt/airflow/dags/scraping_dag.py                           1           0  0.33s           2026-03-17T21:29:41                      12
================================================================================
[2026-03-17T21:30:39.942+0000] {manager.py:997} INFO - 
================================================================================
DAG File Processing Stats

File Path                          PID    Runtime      # DAGs    # Errors  Last Runtime    Last Run               Last # of DB Queries
---------------------------------  -----  ---------  --------  ----------  --------------  -------------------  ----------------------
/opt/airflow/dags/scraping_dag.py                           1           0  0.31s           2026-03-17T21:30:11                      12
================================================================================
[2026-03-17T21:31:10.341+0000] {manager.py:997} INFO - 
================================================================================
DAG File Processing Stats

File Path                          PID    Runtime      # DAGs    # Errors  Last Runtime    Last Run               Last # of DB Queries
---------------------------------  -----  ---------  --------  ----------  --------------  -------------------  ----------------------
/opt/airflow/dags/scraping_dag.py                           1           0  0.30s           2026-03-17T21:30:42                      12
================================================================================
[2026-03-17T21:31:17.701+0000] {manager.py:821} INFO - Searching for files in /opt/airflow/dags
[2026-03-17T21:31:17.748+0000] {manager.py:824} INFO - There are 1 files in /opt/airflow/dags
[2026-03-17T21:31:41.042+0000] {manager.py:997} INFO - 
================================================================================
DAG File Processing Stats

File Path                          PID    Runtime      # DAGs    # Errors  Last Runtime    Last Run               Last # of DB Queries
---------------------------------  -----  ---------  --------  ----------  --------------  -------------------  ----------------------
/opt/airflow/dags/scraping_dag.py                           1           0  0.29s           2026-03-17T21:31:12                      12
================================================================================
[2026-03-17T21:32:11.440+0000] {manager.py:997} INFO - 
================================================================================
DAG File Processing Stats

File Path                          PID    Runtime      # DAGs    # Errors  Last Runtime    Last Run               Last # of DB Queries
---------------------------------  -----  ---------  --------  ----------  --------------  -------------------  ----------------------
/opt/airflow/dags/scraping_dag.py                           1           0  0.28s           2026-03-17T21:31:43                      12
================================================================================
[2026-03-17T21:32:42.090+0000] {manager.py:997} INFO - 
================================================================================
DAG File Processing Stats

File Path                          PID    Runtime      # DAGs    # Errors  Last Runtime    Last Run               Last # of DB Queries
---------------------------------  -----  ---------  --------  ----------  --------------  -------------------  ----------------------
/opt/airflow/dags/scraping_dag.py                           1           0  0.31s           2026-03-17T21:32:13                      12
================================================================================
[2026-03-17T21:33:12.510+0000] {manager.py:997} INFO - 
================================================================================
DAG File Processing Stats

File Path                          PID    Runtime      # DAGs    # Errors  Last Runtime    Last Run               Last # of DB Queries
---------------------------------  -----  ---------  --------  ----------  --------------  -------------------  ----------------------
/opt/airflow/dags/scraping_dag.py                           1           0  0.30s           2026-03-17T21:32:44                      12
================================================================================
[2026-03-17T21:33:43.107+0000] {manager.py:997} INFO - 
================================================================================
DAG File Processing Stats

File Path                          PID    Runtime      # DAGs    # Errors  Last Runtime    Last Run               Last # of DB Queries
---------------------------------  -----  ---------  --------  ----------  --------------  -------------------  ----------------------
/opt/airflow/dags/scraping_dag.py                           1           0  0.37s           2026-03-17T21:33:14                      12
================================================================================
[2026-03-17T21:34:13.632+0000] {manager.py:997} INFO - 
================================================================================
DAG File Processing Stats

File Path                          PID    Runtime      # DAGs    # Errors  Last Runtime    Last Run               Last # of DB Queries
---------------------------------  -----  ---------  --------  ----------  --------------  -------------------  ----------------------
/opt/airflow/dags/scraping_dag.py                           1           0  0.29s           2026-03-17T21:33:45                      12
================================================================================
[2026-03-17T21:34:44.178+0000] {manager.py:997} INFO - 
================================================================================
DAG File Processing Stats

File Path                          PID    Runtime      # DAGs    # Errors  Last Runtime    Last Run               Last # of DB Queries
---------------------------------  -----  ---------  --------  ----------  --------------  -------------------  ----------------------
/opt/airflow/dags/scraping_dag.py                           1           0  0.42s           2026-03-17T21:34:16                      12
================================================================================
[2026-03-17T21:35:14.835+0000] {manager.py:997} INFO - 
================================================================================
DAG File Processing Stats

File Path                          PID    Runtime      # DAGs    # Errors  Last Runtime    Last Run               Last # of DB Queries
---------------------------------  -----  ---------  --------  ----------  --------------  -------------------  ----------------------
/opt/airflow/dags/scraping_dag.py                           1           0  0.29s           2026-03-17T21:34:46                      12
================================================================================
[2026-03-17T21:35:45.247+0000] {manager.py:997} INFO - 
================================================================================
DAG File Processing Stats

File Path                          PID    Runtime      # DAGs    # Errors  Last Runtime    Last Run               Last # of DB Queries
---------------------------------  -----  ---------  --------  ----------  --------------  -------------------  ----------------------
/opt/airflow/dags/scraping_dag.py                           1           0  0.30s           2026-03-17T21:35:17                      12
================================================================================
[2026-03-17T21:36:15.323+0000] {manager.py:997} INFO - 
================================================================================
DAG File Processing Stats

File Path                          PID    Runtime      # DAGs    # Errors  Last Runtime    Last Run               Last # of DB Queries
---------------------------------  -----  ---------  --------  ----------  --------------  -------------------  ----------------------
/opt/airflow/dags/scraping_dag.py                           1           0  0.39s           2026-03-17T21:36:06                      12
================================================================================
[2026-03-17T21:36:17.702+0000] {manager.py:821} INFO - Searching for files in /opt/airflow/dags
[2026-03-17T21:36:17.744+0000] {manager.py:824} INFO - There are 1 files in /opt/airflow/dags
[2026-03-17T21:36:45.516+0000] {manager.py:997} INFO - 
================================================================================
DAG File Processing Stats

File Path                          PID    Runtime      # DAGs    # Errors  Last Runtime    Last Run               Last # of DB Queries
---------------------------------  -----  ---------  --------  ----------  --------------  -------------------  ----------------------
/opt/airflow/dags/scraping_dag.py                           1           0  0.38s           2026-03-17T21:36:28                      12
================================================================================
[2026-03-17T21:37:15.856+0000] {manager.py:997} INFO - 
================================================================================
DAG File Processing Stats

File Path                          PID    Runtime      # DAGs    # Errors  Last Runtime    Last Run               Last # of DB Queries
---------------------------------  -----  ---------  --------  ----------  --------------  -------------------  ----------------------
/opt/airflow/dags/scraping_dag.py                           1           0  0.27s           2026-03-17T21:36:58                      12
================================================================================
[2026-03-17T21:37:22.504+0000] {manager.py:465} INFO - Exiting gracefully upon receiving signal 15
[2026-03-17T21:38:09.767+0000] {manager.py:483} INFO - Processing files using up to 2 processes at a time 
[2026-03-17T21:38:09.770+0000] {manager.py:484} INFO - Process each file at most once every 30 seconds
[2026-03-17T21:38:09.772+0000] {manager.py:485} INFO - Checking for new files in /opt/airflow/dags every 300 seconds
[2026-03-17T21:38:09.774+0000] {manager.py:821} INFO - Searching for files in /opt/airflow/dags
[2026-03-17T21:38:09.811+0000] {manager.py:824} INFO - There are 1 files in /opt/airflow/dags
[2026-03-17T21:38:09.957+0000] {manager.py:997} INFO - 
================================================================================
DAG File Processing Stats

File Path                            PID  Runtime      # DAGs    # Errors  Last Runtime    Last Run      Last # of DB Queries
---------------------------------  -----  ---------  --------  ----------  --------------  ----------  ----------------------
/opt/airflow/dags/scraping_dag.py     52  0.03s             0           0                                                   0
================================================================================
[2026-03-17T21:38:40.208+0000] {manager.py:997} INFO - 
================================================================================
DAG File Processing Stats

File Path                          PID    Runtime      # DAGs    # Errors  Last Runtime    Last Run               Last # of DB Queries
---------------------------------  -----  ---------  --------  ----------  --------------  -------------------  ----------------------
/opt/airflow/dags/scraping_dag.py                           1           0  0.96s           2026-03-17T21:38:10                      26
================================================================================
[2026-03-17T21:39:10.590+0000] {manager.py:997} INFO - 
================================================================================
DAG File Processing Stats

File Path                          PID    Runtime      # DAGs    # Errors  Last Runtime    Last Run               Last # of DB Queries
---------------------------------  -----  ---------  --------  ----------  --------------  -------------------  ----------------------
/opt/airflow/dags/scraping_dag.py                           1           0  0.33s           2026-03-17T21:38:41                      12
================================================================================
[2026-03-17T21:39:41.269+0000] {manager.py:997} INFO - 
================================================================================
DAG File Processing Stats

File Path                          PID    Runtime      # DAGs    # Errors  Last Runtime    Last Run               Last # of DB Queries
---------------------------------  -----  ---------  --------  ----------  --------------  -------------------  ----------------------
/opt/airflow/dags/scraping_dag.py                           1           0  0.58s           2026-03-17T21:39:12                      12
================================================================================
[2026-03-17T21:40:11.964+0000] {manager.py:997} INFO - 
================================================================================
DAG File Processing Stats

File Path                          PID    Runtime      # DAGs    # Errors  Last Runtime    Last Run               Last # of DB Queries
---------------------------------  -----  ---------  --------  ----------  --------------  -------------------  ----------------------
/opt/airflow/dags/scraping_dag.py                           1           0  0.32s           2026-03-17T21:39:42                      12
================================================================================
[2026-03-17T21:40:42.409+0000] {manager.py:997} INFO - 
================================================================================
DAG File Processing Stats

File Path                          PID    Runtime      # DAGs    # Errors  Last Runtime    Last Run               Last # of DB Queries
---------------------------------  -----  ---------  --------  ----------  --------------  -------------------  ----------------------
/opt/airflow/dags/scraping_dag.py                           1           0  0.31s           2026-03-17T21:40:13                      12
================================================================================
[2026-03-17T21:41:13.053+0000] {manager.py:997} INFO - 
================================================================================
DAG File Processing Stats

File Path                          PID    Runtime      # DAGs    # Errors  Last Runtime    Last Run               Last # of DB Queries
---------------------------------  -----  ---------  --------  ----------  --------------  -------------------  ----------------------
/opt/airflow/dags/scraping_dag.py                           1           0  0.32s           2026-03-17T21:40:43                      12
================================================================================
[2026-03-17T21:41:43.494+0000] {manager.py:997} INFO - 
================================================================================
DAG File Processing Stats

File Path                          PID    Runtime      # DAGs    # Errors  Last Runtime    Last Run               Last # of DB Queries
---------------------------------  -----  ---------  --------  ----------  --------------  -------------------  ----------------------
/opt/airflow/dags/scraping_dag.py                           1           0  0.34s           2026-03-17T21:41:14                      12
================================================================================
[2026-03-17T21:42:14.122+0000] {manager.py:997} INFO - 
================================================================================
DAG File Processing Stats

File Path                          PID    Runtime      # DAGs    # Errors  Last Runtime    Last Run               Last # of DB Queries
---------------------------------  -----  ---------  --------  ----------  --------------  -------------------  ----------------------
/opt/airflow/dags/scraping_dag.py                           1           0  0.30s           2026-03-17T21:41:44                      12
================================================================================
[2026-03-17T21:42:44.542+0000] {manager.py:997} INFO - 
================================================================================
DAG File Processing Stats

File Path                          PID    Runtime      # DAGs    # Errors  Last Runtime    Last Run               Last # of DB Queries
---------------------------------  -----  ---------  --------  ----------  --------------  -------------------  ----------------------
/opt/airflow/dags/scraping_dag.py                           1           0  0.44s           2026-03-17T21:42:15                      12
================================================================================
[2026-03-17T21:43:10.255+0000] {manager.py:821} INFO - Searching for files in /opt/airflow/dags
[2026-03-17T21:43:10.317+0000] {manager.py:824} INFO - There are 1 files in /opt/airflow/dags
[2026-03-17T21:43:14.551+0000] {manager.py:997} INFO - 
================================================================================
DAG File Processing Stats

File Path                          PID    Runtime      # DAGs    # Errors  Last Runtime    Last Run               Last # of DB Queries
---------------------------------  -----  ---------  --------  ----------  --------------  -------------------  ----------------------
/opt/airflow/dags/scraping_dag.py                           1           0  0.28s           2026-03-17T21:42:46                      12
================================================================================
[2026-03-17T21:43:44.930+0000] {manager.py:997} INFO - 
================================================================================
DAG File Processing Stats

File Path                          PID    Runtime      # DAGs    # Errors  Last Runtime    Last Run               Last # of DB Queries
---------------------------------  -----  ---------  --------  ----------  --------------  -------------------  ----------------------
/opt/airflow/dags/scraping_dag.py                           1           0  0.29s           2026-03-17T21:43:16                      12
================================================================================
[2026-03-17T21:44:15.048+0000] {manager.py:997} INFO - 
================================================================================
DAG File Processing Stats

File Path                          PID    Runtime      # DAGs    # Errors  Last Runtime    Last Run               Last # of DB Queries
---------------------------------  -----  ---------  --------  ----------  --------------  -------------------  ----------------------
/opt/airflow/dags/scraping_dag.py                           1           0  0.31s           2026-03-17T21:44:10                      12
================================================================================
[2026-03-17T21:44:34.623+0000] {manager.py:465} INFO - Exiting gracefully upon receiving signal 15
[2026-03-17T21:45:30.951+0000] {manager.py:483} INFO - Processing files using up to 2 processes at a time 
[2026-03-17T21:45:30.953+0000] {manager.py:484} INFO - Process each file at most once every 30 seconds
[2026-03-17T21:45:30.955+0000] {manager.py:485} INFO - Checking for new files in /opt/airflow/dags every 300 seconds
[2026-03-17T21:45:30.957+0000] {manager.py:821} INFO - Searching for files in /opt/airflow/dags
[2026-03-17T21:45:30.999+0000] {manager.py:824} INFO - There are 1 files in /opt/airflow/dags
[2026-03-17T21:45:31.136+0000] {manager.py:997} INFO - 
================================================================================
DAG File Processing Stats

File Path                            PID  Runtime      # DAGs    # Errors  Last Runtime    Last Run      Last # of DB Queries
---------------------------------  -----  ---------  --------  ----------  --------------  ----------  ----------------------
/opt/airflow/dags/scraping_dag.py     52  0.04s             0           0                                                   0
================================================================================
[2026-03-17T21:46:01.279+0000] {manager.py:997} INFO - 
================================================================================
DAG File Processing Stats

File Path                          PID    Runtime      # DAGs    # Errors  Last Runtime    Last Run               Last # of DB Queries
---------------------------------  -----  ---------  --------  ----------  --------------  -------------------  ----------------------
/opt/airflow/dags/scraping_dag.py                           1           0  0.88s           2026-03-17T21:45:31                      26
================================================================================
[2026-03-17T21:46:31.742+0000] {manager.py:997} INFO - 
================================================================================
DAG File Processing Stats

File Path                          PID    Runtime      # DAGs    # Errors  Last Runtime    Last Run               Last # of DB Queries
---------------------------------  -----  ---------  --------  ----------  --------------  -------------------  ----------------------
/opt/airflow/dags/scraping_dag.py                           1           0  0.33s           2026-03-17T21:46:02                      12
================================================================================
[2026-03-17T21:47:02.353+0000] {manager.py:997} INFO - 
================================================================================
DAG File Processing Stats

File Path                          PID    Runtime      # DAGs    # Errors  Last Runtime    Last Run               Last # of DB Queries
---------------------------------  -----  ---------  --------  ----------  --------------  -------------------  ----------------------
/opt/airflow/dags/scraping_dag.py                           1           0  0.33s           2026-03-17T21:46:33                      12
================================================================================
[2026-03-17T21:47:32.824+0000] {manager.py:997} INFO - 
================================================================================
DAG File Processing Stats

File Path                          PID    Runtime      # DAGs    # Errors  Last Runtime    Last Run               Last # of DB Queries
---------------------------------  -----  ---------  --------  ----------  --------------  -------------------  ----------------------
/opt/airflow/dags/scraping_dag.py                           1           0  0.36s           2026-03-17T21:47:03                      12
================================================================================
[2026-03-17T21:48:03.516+0000] {manager.py:997} INFO - 
================================================================================
DAG File Processing Stats

File Path                          PID    Runtime      # DAGs    # Errors  Last Runtime    Last Run               Last # of DB Queries
---------------------------------  -----  ---------  --------  ----------  --------------  -------------------  ----------------------
/opt/airflow/dags/scraping_dag.py                           1           0  0.34s           2026-03-17T21:47:34                      12
================================================================================
[2026-03-17T21:48:33.956+0000] {manager.py:997} INFO - 
================================================================================
DAG File Processing Stats

File Path                          PID    Runtime      # DAGs    # Errors  Last Runtime    Last Run               Last # of DB Queries
---------------------------------  -----  ---------  --------  ----------  --------------  -------------------  ----------------------
/opt/airflow/dags/scraping_dag.py                           1           0  0.28s           2026-03-17T21:48:04                      12
================================================================================
[2026-03-17T21:49:04.545+0000] {manager.py:997} INFO - 
================================================================================
DAG File Processing Stats

File Path                          PID    Runtime      # DAGs    # Errors  Last Runtime    Last Run               Last # of DB Queries
---------------------------------  -----  ---------  --------  ----------  --------------  -------------------  ----------------------
/opt/airflow/dags/scraping_dag.py                           1           0  0.32s           2026-03-17T21:48:35                      12
================================================================================
[2026-03-17T21:49:35.032+0000] {manager.py:997} INFO - 
================================================================================
DAG File Processing Stats

File Path                          PID    Runtime      # DAGs    # Errors  Last Runtime    Last Run               Last # of DB Queries
---------------------------------  -----  ---------  --------  ----------  --------------  -------------------  ----------------------
/opt/airflow/dags/scraping_dag.py                           1           0  0.33s           2026-03-17T21:49:05                      12
================================================================================
[2026-03-17T21:50:05.559+0000] {manager.py:997} INFO - 
================================================================================
DAG File Processing Stats

File Path                          PID    Runtime      # DAGs    # Errors  Last Runtime    Last Run               Last # of DB Queries
---------------------------------  -----  ---------  --------  ----------  --------------  -------------------  ----------------------
/opt/airflow/dags/scraping_dag.py                           1           0  0.27s           2026-03-17T21:49:36                      12
================================================================================
[2026-03-17T21:50:30.988+0000] {manager.py:821} INFO - Searching for files in /opt/airflow/dags
[2026-03-17T21:50:31.029+0000] {manager.py:824} INFO - There are 1 files in /opt/airflow/dags
[2026-03-17T21:50:36.104+0000] {manager.py:997} INFO - 
================================================================================
DAG File Processing Stats

File Path                          PID    Runtime      # DAGs    # Errors  Last Runtime    Last Run               Last # of DB Queries
---------------------------------  -----  ---------  --------  ----------  --------------  -------------------  ----------------------
/opt/airflow/dags/scraping_dag.py                           1           0  0.35s           2026-03-17T21:50:06                      12
================================================================================
[2026-03-17T21:51:06.650+0000] {manager.py:997} INFO - 
================================================================================
DAG File Processing Stats

File Path                          PID    Runtime      # DAGs    # Errors  Last Runtime    Last Run               Last # of DB Queries
---------------------------------  -----  ---------  --------  ----------  --------------  -------------------  ----------------------
/opt/airflow/dags/scraping_dag.py                           1           0  0.34s           2026-03-17T21:50:37                      12
================================================================================
[2026-03-17T21:51:37.189+0000] {manager.py:997} INFO - 
================================================================================
DAG File Processing Stats

File Path                          PID    Runtime      # DAGs    # Errors  Last Runtime    Last Run               Last # of DB Queries
---------------------------------  -----  ---------  --------  ----------  --------------  -------------------  ----------------------
/opt/airflow/dags/scraping_dag.py                           1           0  0.35s           2026-03-17T21:51:08                      12
================================================================================
[2026-03-17T21:52:07.748+0000] {manager.py:997} INFO - 
================================================================================
DAG File Processing Stats

File Path                          PID    Runtime      # DAGs    # Errors  Last Runtime    Last Run               Last # of DB Queries
---------------------------------  -----  ---------  --------  ----------  --------------  -------------------  ----------------------
/opt/airflow/dags/scraping_dag.py                           1           0  0.32s           2026-03-17T21:51:38                      12
================================================================================
[2026-03-17T21:52:38.247+0000] {manager.py:997} INFO - 
================================================================================
DAG File Processing Stats

File Path                          PID    Runtime      # DAGs    # Errors  Last Runtime    Last Run               Last # of DB Queries
---------------------------------  -----  ---------  --------  ----------  --------------  -------------------  ----------------------
/opt/airflow/dags/scraping_dag.py                           1           0  0.33s           2026-03-17T21:52:09                      12
================================================================================
[2026-03-17T21:53:08.798+0000] {manager.py:997} INFO - 
================================================================================
DAG File Processing Stats

File Path                          PID    Runtime      # DAGs    # Errors  Last Runtime    Last Run               Last # of DB Queries
---------------------------------  -----  ---------  --------  ----------  --------------  -------------------  ----------------------
/opt/airflow/dags/scraping_dag.py                           1           0  0.34s           2026-03-17T21:52:39                      12
================================================================================
[2026-03-17T21:53:39.291+0000] {manager.py:997} INFO - 
================================================================================
DAG File Processing Stats

File Path                          PID    Runtime      # DAGs    # Errors  Last Runtime    Last Run               Last # of DB Queries
---------------------------------  -----  ---------  --------  ----------  --------------  -------------------  ----------------------
/opt/airflow/dags/scraping_dag.py                           1           0  0.29s           2026-03-17T21:53:10                      12
================================================================================
[2026-03-17T21:54:09.817+0000] {manager.py:997} INFO - 
================================================================================
DAG File Processing Stats

File Path                          PID    Runtime      # DAGs    # Errors  Last Runtime    Last Run               Last # of DB Queries
---------------------------------  -----  ---------  --------  ----------  --------------  -------------------  ----------------------
/opt/airflow/dags/scraping_dag.py                           1           0  0.33s           2026-03-17T21:53:40                      12
================================================================================
[2026-03-17T21:54:40.420+0000] {manager.py:997} INFO - 
================================================================================
DAG File Processing Stats

File Path                          PID    Runtime      # DAGs    # Errors  Last Runtime    Last Run               Last # of DB Queries
---------------------------------  -----  ---------  --------  ----------  --------------  -------------------  ----------------------
/opt/airflow/dags/scraping_dag.py                           1           0  0.27s           2026-03-17T21:54:11                      12
================================================================================
[2026-03-17T21:55:10.871+0000] {manager.py:997} INFO - 
================================================================================
DAG File Processing Stats

File Path                          PID    Runtime      # DAGs    # Errors  Last Runtime    Last Run               Last # of DB Queries
---------------------------------  -----  ---------  --------  ----------  --------------  -------------------  ----------------------
/opt/airflow/dags/scraping_dag.py                           1           0  0.40s           2026-03-17T21:54:41                      12
================================================================================
[2026-03-17T21:55:31.473+0000] {manager.py:821} INFO - Searching for files in /opt/airflow/dags
[2026-03-17T21:55:31.517+0000] {manager.py:824} INFO - There are 1 files in /opt/airflow/dags
[2026-03-17T21:55:41.661+0000] {manager.py:997} INFO - 
================================================================================
DAG File Processing Stats

File Path                          PID    Runtime      # DAGs    # Errors  Last Runtime    Last Run               Last # of DB Queries
---------------------------------  -----  ---------  --------  ----------  --------------  -------------------  ----------------------
/opt/airflow/dags/scraping_dag.py                           1           0  0.36s           2026-03-17T21:55:12                      12
================================================================================
[2026-03-17T21:56:12.062+0000] {manager.py:997} INFO - 
================================================================================
DAG File Processing Stats

File Path                          PID    Runtime      # DAGs    # Errors  Last Runtime    Last Run               Last # of DB Queries
---------------------------------  -----  ---------  --------  ----------  --------------  -------------------  ----------------------
/opt/airflow/dags/scraping_dag.py                           1           0  0.33s           2026-03-17T21:55:43                      12
================================================================================
[2026-03-17T21:56:42.448+0000] {manager.py:997} INFO - 
================================================================================
DAG File Processing Stats

File Path                          PID    Runtime      # DAGs    # Errors  Last Runtime    Last Run               Last # of DB Queries
---------------------------------  -----  ---------  --------  ----------  --------------  -------------------  ----------------------
/opt/airflow/dags/scraping_dag.py                           1           0  0.27s           2026-03-17T21:56:13                      12
================================================================================
[2026-03-17T21:57:12.462+0000] {manager.py:997} INFO - 
================================================================================
DAG File Processing Stats

File Path                          PID    Runtime      # DAGs    # Errors  Last Runtime    Last Run               Last # of DB Queries
---------------------------------  -----  ---------  --------  ----------  --------------  -------------------  ----------------------
/opt/airflow/dags/scraping_dag.py                           1           0  0.41s           2026-03-17T21:57:03                      12
================================================================================
[2026-03-17T21:57:43.016+0000] {manager.py:997} INFO - 
================================================================================
DAG File Processing Stats

File Path                          PID    Runtime      # DAGs    # Errors  Last Runtime    Last Run               Last # of DB Queries
---------------------------------  -----  ---------  --------  ----------  --------------  -------------------  ----------------------
/opt/airflow/dags/scraping_dag.py                           1           0  0.29s           2026-03-17T21:57:34                      12
================================================================================
[2026-03-17T21:58:13.478+0000] {manager.py:997} INFO - 
================================================================================
DAG File Processing Stats

File Path                          PID    Runtime      # DAGs    # Errors  Last Runtime    Last Run               Last # of DB Queries
---------------------------------  -----  ---------  --------  ----------  --------------  -------------------  ----------------------
/opt/airflow/dags/scraping_dag.py                           1           0  0.37s           2026-03-17T21:58:04                      12
================================================================================
[2026-03-17T21:58:44.109+0000] {manager.py:997} INFO - 
================================================================================
DAG File Processing Stats

File Path                          PID    Runtime      # DAGs    # Errors  Last Runtime    Last Run               Last # of DB Queries
---------------------------------  -----  ---------  --------  ----------  --------------  -------------------  ----------------------
/opt/airflow/dags/scraping_dag.py                           1           0  0.28s           2026-03-17T21:58:35                      12
================================================================================
[2026-03-17T21:59:14.498+0000] {manager.py:997} INFO - 
================================================================================
DAG File Processing Stats

File Path                          PID    Runtime      # DAGs    # Errors  Last Runtime    Last Run               Last # of DB Queries
---------------------------------  -----  ---------  --------  ----------  --------------  -------------------  ----------------------
/opt/airflow/dags/scraping_dag.py                           1           0  0.32s           2026-03-17T21:59:05                      12
================================================================================
[2026-03-17T21:59:45.194+0000] {manager.py:997} INFO - 
================================================================================
DAG File Processing Stats

File Path                          PID    Runtime      # DAGs    # Errors  Last Runtime    Last Run               Last # of DB Queries
---------------------------------  -----  ---------  --------  ----------  --------------  -------------------  ----------------------
/opt/airflow/dags/scraping_dag.py                           1           0  0.34s           2026-03-17T21:59:36                      12
================================================================================
[2026-03-17T22:00:15.592+0000] {manager.py:997} INFO - 
================================================================================
DAG File Processing Stats

File Path                          PID    Runtime      # DAGs    # Errors  Last Runtime    Last Run               Last # of DB Queries
---------------------------------  -----  ---------  --------  ----------  --------------  -------------------  ----------------------
/opt/airflow/dags/scraping_dag.py                           1           0  0.27s           2026-03-17T22:00:06                      12
================================================================================
[2026-03-17T22:00:31.782+0000] {manager.py:821} INFO - Searching for files in /opt/airflow/dags
[2026-03-17T22:00:31.835+0000] {manager.py:824} INFO - There are 1 files in /opt/airflow/dags
[2026-03-17T22:00:46.254+0000] {manager.py:997} INFO - 
================================================================================
DAG File Processing Stats

File Path                          PID    Runtime      # DAGs    # Errors  Last Runtime    Last Run               Last # of DB Queries
---------------------------------  -----  ---------  --------  ----------  --------------  -------------------  ----------------------
/opt/airflow/dags/scraping_dag.py                           1           0  0.27s           2026-03-17T22:00:37                      12
================================================================================
[2026-03-17T22:01:16.658+0000] {manager.py:997} INFO - 
================================================================================
DAG File Processing Stats

File Path                          PID    Runtime      # DAGs    # Errors  Last Runtime    Last Run               Last # of DB Queries
---------------------------------  -----  ---------  --------  ----------  --------------  -------------------  ----------------------
/opt/airflow/dags/scraping_dag.py                           1           0  0.29s           2026-03-17T22:01:07                      12
================================================================================
[2026-03-17T22:01:47.313+0000] {manager.py:997} INFO - 
================================================================================
DAG File Processing Stats

File Path                          PID    Runtime      # DAGs    # Errors  Last Runtime    Last Run               Last # of DB Queries
---------------------------------  -----  ---------  --------  ----------  --------------  -------------------  ----------------------
/opt/airflow/dags/scraping_dag.py                           1           0  0.30s           2026-03-17T22:01:38                      12
================================================================================
[2026-03-17T22:02:18.005+0000] {manager.py:997} INFO - 
================================================================================
DAG File Processing Stats

File Path                          PID    Runtime      # DAGs    # Errors  Last Runtime    Last Run               Last # of DB Queries
---------------------------------  -----  ---------  --------  ----------  --------------  -------------------  ----------------------
/opt/airflow/dags/scraping_dag.py                           1           0  0.36s           2026-03-17T22:02:11                      12
================================================================================
[2026-03-17T22:02:48.487+0000] {manager.py:997} INFO - 
================================================================================
DAG File Processing Stats

File Path                          PID    Runtime      # DAGs    # Errors  Last Runtime    Last Run               Last # of DB Queries
---------------------------------  -----  ---------  --------  ----------  --------------  -------------------  ----------------------
/opt/airflow/dags/scraping_dag.py                           1           0  0.30s           2026-03-17T22:02:41                      12
================================================================================
[2026-03-17T22:03:19.099+0000] {manager.py:997} INFO - 
================================================================================
DAG File Processing Stats

File Path                          PID    Runtime      # DAGs    # Errors  Last Runtime    Last Run               Last # of DB Queries
---------------------------------  -----  ---------  --------  ----------  --------------  -------------------  ----------------------
/opt/airflow/dags/scraping_dag.py                           1           0  0.36s           2026-03-17T22:03:12                      12
================================================================================
[2026-03-17T22:03:49.603+0000] {manager.py:997} INFO - 
================================================================================
DAG File Processing Stats

File Path                          PID    Runtime      # DAGs    # Errors  Last Runtime    Last Run               Last # of DB Queries
---------------------------------  -----  ---------  --------  ----------  --------------  -------------------  ----------------------
/opt/airflow/dags/scraping_dag.py                           1           0  0.47s           2026-03-17T22:03:42                      12
================================================================================
[2026-03-17T22:04:19.724+0000] {manager.py:997} INFO - 
================================================================================
DAG File Processing Stats

File Path                          PID    Runtime      # DAGs    # Errors  Last Runtime    Last Run               Last # of DB Queries
---------------------------------  -----  ---------  --------  ----------  --------------  -------------------  ----------------------
/opt/airflow/dags/scraping_dag.py                           1           0  0.34s           2026-03-17T22:04:13                      12
================================================================================
[2026-03-17T22:04:49.772+0000] {manager.py:997} INFO - 
================================================================================
DAG File Processing Stats

File Path                          PID    Runtime      # DAGs    # Errors  Last Runtime    Last Run               Last # of DB Queries
---------------------------------  -----  ---------  --------  ----------  --------------  -------------------  ----------------------
/opt/airflow/dags/scraping_dag.py                           1           0  0.34s           2026-03-17T22:04:44                      12
================================================================================
[2026-03-17T22:05:20.453+0000] {manager.py:997} INFO - 
================================================================================
DAG File Processing Stats

File Path                          PID    Runtime      # DAGs    # Errors  Last Runtime    Last Run               Last # of DB Queries
---------------------------------  -----  ---------  --------  ----------  --------------  -------------------  ----------------------
/opt/airflow/dags/scraping_dag.py                           1           0  0.32s           2026-03-17T22:05:14                      12
================================================================================
[2026-03-17T22:05:32.598+0000] {manager.py:821} INFO - Searching for files in /opt/airflow/dags
[2026-03-17T22:05:32.638+0000] {manager.py:824} INFO - There are 1 files in /opt/airflow/dags
[2026-03-17T22:05:50.920+0000] {manager.py:997} INFO - 
================================================================================
DAG File Processing Stats

File Path                          PID    Runtime      # DAGs    # Errors  Last Runtime    Last Run               Last # of DB Queries
---------------------------------  -----  ---------  --------  ----------  --------------  -------------------  ----------------------
/opt/airflow/dags/scraping_dag.py                           1           0  0.32s           2026-03-17T22:05:45                      12
================================================================================
[2026-03-17T22:06:21.586+0000] {manager.py:997} INFO - 
================================================================================
DAG File Processing Stats

File Path                          PID    Runtime      # DAGs    # Errors  Last Runtime    Last Run               Last # of DB Queries
---------------------------------  -----  ---------  --------  ----------  --------------  -------------------  ----------------------
/opt/airflow/dags/scraping_dag.py                           1           0  0.33s           2026-03-17T22:06:15                      12
================================================================================
[2026-03-17T22:06:52.002+0000] {manager.py:997} INFO - 
================================================================================
DAG File Processing Stats

File Path                          PID    Runtime      # DAGs    # Errors  Last Runtime    Last Run               Last # of DB Queries
---------------------------------  -----  ---------  --------  ----------  --------------  -------------------  ----------------------
/opt/airflow/dags/scraping_dag.py                           1           0  0.32s           2026-03-17T22:06:46                      12
================================================================================
[2026-03-17T22:07:22.641+0000] {manager.py:997} INFO - 
================================================================================
DAG File Processing Stats

File Path                          PID    Runtime      # DAGs    # Errors  Last Runtime    Last Run               Last # of DB Queries
---------------------------------  -----  ---------  --------  ----------  --------------  -------------------  ----------------------
/opt/airflow/dags/scraping_dag.py                           1           0  0.32s           2026-03-17T22:07:16                      12
================================================================================
[2026-03-17T22:07:53.069+0000] {manager.py:997} INFO - 
================================================================================
DAG File Processing Stats

File Path                          PID    Runtime      # DAGs    # Errors  Last Runtime    Last Run               Last # of DB Queries
---------------------------------  -----  ---------  --------  ----------  --------------  -------------------  ----------------------
/opt/airflow/dags/scraping_dag.py                           1           0  0.32s           2026-03-17T22:07:31                      12
================================================================================
[2026-03-17T22:08:23.737+0000] {manager.py:997} INFO - 
================================================================================
DAG File Processing Stats

File Path                          PID    Runtime      # DAGs    # Errors  Last Runtime    Last Run               Last # of DB Queries
---------------------------------  -----  ---------  --------  ----------  --------------  -------------------  ----------------------
/opt/airflow/dags/scraping_dag.py                           1           0  0.28s           2026-03-17T22:08:01                      12
================================================================================
[2026-03-17T22:08:54.184+0000] {manager.py:997} INFO - 
================================================================================
DAG File Processing Stats

File Path                          PID    Runtime      # DAGs    # Errors  Last Runtime    Last Run               Last # of DB Queries
---------------------------------  -----  ---------  --------  ----------  --------------  -------------------  ----------------------
/opt/airflow/dags/scraping_dag.py                           1           0  0.34s           2026-03-17T22:08:32                      12
================================================================================
[2026-03-17T22:09:24.871+0000] {manager.py:997} INFO - 
================================================================================
DAG File Processing Stats

File Path                          PID    Runtime      # DAGs    # Errors  Last Runtime    Last Run               Last # of DB Queries
---------------------------------  -----  ---------  --------  ----------  --------------  -------------------  ----------------------
/opt/airflow/dags/scraping_dag.py                           1           0  0.30s           2026-03-17T22:09:02                      12
================================================================================
[2026-03-17T22:09:55.276+0000] {manager.py:997} INFO - 
================================================================================
DAG File Processing Stats

File Path                          PID    Runtime      # DAGs    # Errors  Last Runtime    Last Run               Last # of DB Queries
---------------------------------  -----  ---------  --------  ----------  --------------  -------------------  ----------------------
/opt/airflow/dags/scraping_dag.py                           1           0  0.31s           2026-03-17T22:09:33                      12
================================================================================
[2026-03-17T22:10:25.924+0000] {manager.py:997} INFO - 
================================================================================
DAG File Processing Stats

File Path                          PID    Runtime      # DAGs    # Errors  Last Runtime    Last Run               Last # of DB Queries
---------------------------------  -----  ---------  --------  ----------  --------------  -------------------  ----------------------
/opt/airflow/dags/scraping_dag.py                           1           0  0.36s           2026-03-17T22:10:03                      12
================================================================================
[2026-03-17T22:10:33.013+0000] {manager.py:821} INFO - Searching for files in /opt/airflow/dags
[2026-03-17T22:10:33.074+0000] {manager.py:824} INFO - There are 1 files in /opt/airflow/dags
[2026-03-17T22:10:56.470+0000] {manager.py:997} INFO - 
================================================================================
DAG File Processing Stats

File Path                          PID    Runtime      # DAGs    # Errors  Last Runtime    Last Run               Last # of DB Queries
---------------------------------  -----  ---------  --------  ----------  --------------  -------------------  ----------------------
/opt/airflow/dags/scraping_dag.py                           1           0  0.39s           2026-03-17T22:10:34                      12
================================================================================
[2026-03-17T22:11:27.166+0000] {manager.py:997} INFO - 
================================================================================
DAG File Processing Stats

File Path                          PID    Runtime      # DAGs    # Errors  Last Runtime    Last Run               Last # of DB Queries
---------------------------------  -----  ---------  --------  ----------  --------------  -------------------  ----------------------
/opt/airflow/dags/scraping_dag.py                           1           0  0.33s           2026-03-17T22:11:04                      12
================================================================================
[2026-03-17T22:11:57.586+0000] {manager.py:997} INFO - 
================================================================================
DAG File Processing Stats

File Path                          PID    Runtime      # DAGs    # Errors  Last Runtime    Last Run               Last # of DB Queries
---------------------------------  -----  ---------  --------  ----------  --------------  -------------------  ----------------------
/opt/airflow/dags/scraping_dag.py                           1           0  0.31s           2026-03-17T22:11:35                      12
================================================================================
[2026-03-17T22:12:28.230+0000] {manager.py:997} INFO - 
================================================================================
DAG File Processing Stats

File Path                          PID    Runtime      # DAGs    # Errors  Last Runtime    Last Run               Last # of DB Queries
---------------------------------  -----  ---------  --------  ----------  --------------  -------------------  ----------------------
/opt/airflow/dags/scraping_dag.py                           1           0  0.32s           2026-03-17T22:12:06                      12
================================================================================
[2026-03-17T22:12:58.633+0000] {manager.py:997} INFO - 
================================================================================
DAG File Processing Stats

File Path                          PID    Runtime      # DAGs    # Errors  Last Runtime    Last Run               Last # of DB Queries
---------------------------------  -----  ---------  --------  ----------  --------------  -------------------  ----------------------
/opt/airflow/dags/scraping_dag.py                           1           0  0.43s           2026-03-17T22:12:36                      12
================================================================================
[2026-03-17T22:13:28.716+0000] {manager.py:997} INFO - 
================================================================================
DAG File Processing Stats

File Path                          PID    Runtime      # DAGs    # Errors  Last Runtime    Last Run               Last # of DB Queries
---------------------------------  -----  ---------  --------  ----------  --------------  -------------------  ----------------------
/opt/airflow/dags/scraping_dag.py                           1           0  0.28s           2026-03-17T22:13:07                      12
================================================================================
[2026-03-17T22:13:59.085+0000] {manager.py:997} INFO - 
================================================================================
DAG File Processing Stats

File Path                          PID    Runtime      # DAGs    # Errors  Last Runtime    Last Run               Last # of DB Queries
---------------------------------  -----  ---------  --------  ----------  --------------  -------------------  ----------------------
/opt/airflow/dags/scraping_dag.py                           1           0  0.31s           2026-03-17T22:13:37                      12
================================================================================
[2026-03-17T22:14:29.479+0000] {manager.py:997} INFO - 
================================================================================
DAG File Processing Stats

File Path                          PID    Runtime      # DAGs    # Errors  Last Runtime    Last Run               Last # of DB Queries
---------------------------------  -----  ---------  --------  ----------  --------------  -------------------  ----------------------
/opt/airflow/dags/scraping_dag.py                           1           0  0.31s           2026-03-17T22:14:08                      12
================================================================================
[2026-03-17T22:15:00.112+0000] {manager.py:997} INFO - 
================================================================================
DAG File Processing Stats

File Path                          PID    Runtime      # DAGs    # Errors  Last Runtime    Last Run               Last # of DB Queries
---------------------------------  -----  ---------  --------  ----------  --------------  -------------------  ----------------------
/opt/airflow/dags/scraping_dag.py                           1           0  0.29s           2026-03-17T22:14:38                      12
================================================================================
[2026-03-17T22:15:30.545+0000] {manager.py:997} INFO - 
================================================================================
DAG File Processing Stats

File Path                          PID    Runtime      # DAGs    # Errors  Last Runtime    Last Run               Last # of DB Queries
---------------------------------  -----  ---------  --------  ----------  --------------  -------------------  ----------------------
/opt/airflow/dags/scraping_dag.py                           1           0  0.29s           2026-03-17T22:15:09                      12
================================================================================
[2026-03-17T22:15:33.593+0000] {manager.py:821} INFO - Searching for files in /opt/airflow/dags
[2026-03-17T22:15:33.647+0000] {manager.py:824} INFO - There are 1 files in /opt/airflow/dags
[2026-03-17T22:16:00.855+0000] {manager.py:997} INFO - 
================================================================================
DAG File Processing Stats

File Path                          PID    Runtime      # DAGs    # Errors  Last Runtime    Last Run               Last # of DB Queries
---------------------------------  -----  ---------  --------  ----------  --------------  -------------------  ----------------------
/opt/airflow/dags/scraping_dag.py                           1           0  0.41s           2026-03-17T22:15:52                      12
================================================================================
[2026-03-17T22:16:31.480+0000] {manager.py:997} INFO - 
================================================================================
DAG File Processing Stats

File Path                            PID  Runtime      # DAGs    # Errors  Last Runtime    Last Run               Last # of DB Queries
---------------------------------  -----  ---------  --------  ----------  --------------  -------------------  ----------------------
/opt/airflow/dags/scraping_dag.py    120  0.00s             0           1  0.10s           2026-03-17T22:16:29                       5
================================================================================
[2026-03-17T22:17:01.812+0000] {manager.py:997} INFO - 
================================================================================
DAG File Processing Stats

File Path                          PID    Runtime      # DAGs    # Errors  Last Runtime    Last Run               Last # of DB Queries
---------------------------------  -----  ---------  --------  ----------  --------------  -------------------  ----------------------
/opt/airflow/dags/scraping_dag.py                           1           0  0.34s           2026-03-17T22:16:31                      12
================================================================================
[2026-03-17T22:17:31.860+0000] {manager.py:997} INFO - 
================================================================================
DAG File Processing Stats

File Path                          PID    Runtime      # DAGs    # Errors  Last Runtime    Last Run               Last # of DB Queries
---------------------------------  -----  ---------  --------  ----------  --------------  -------------------  ----------------------
/opt/airflow/dags/scraping_dag.py                           1           0  0.33s           2026-03-17T22:17:02                      12
================================================================================
[2026-03-17T22:18:02.244+0000] {manager.py:997} INFO - 
================================================================================
DAG File Processing Stats

File Path                          PID    Runtime      # DAGs    # Errors  Last Runtime    Last Run               Last # of DB Queries
---------------------------------  -----  ---------  --------  ----------  --------------  -------------------  ----------------------
/opt/airflow/dags/scraping_dag.py                           1           0  0.34s           2026-03-17T22:17:32                      12
================================================================================
[2026-03-17T22:18:32.651+0000] {manager.py:997} INFO - 
================================================================================
DAG File Processing Stats

File Path                          PID    Runtime      # DAGs    # Errors  Last Runtime    Last Run               Last # of DB Queries
---------------------------------  -----  ---------  --------  ----------  --------------  -------------------  ----------------------
/opt/airflow/dags/scraping_dag.py                           1           0  0.30s           2026-03-17T22:18:03                      12
================================================================================
[2026-03-17T22:19:03.345+0000] {manager.py:997} INFO - 
================================================================================
DAG File Processing Stats

File Path                          PID    Runtime      # DAGs    # Errors  Last Runtime    Last Run               Last # of DB Queries
---------------------------------  -----  ---------  --------  ----------  --------------  -------------------  ----------------------
/opt/airflow/dags/scraping_dag.py                           1           0  0.33s           2026-03-17T22:18:34                      12
================================================================================
[2026-03-17T22:19:33.719+0000] {manager.py:997} INFO - 
================================================================================
DAG File Processing Stats

File Path                          PID    Runtime      # DAGs    # Errors  Last Runtime    Last Run               Last # of DB Queries
---------------------------------  -----  ---------  --------  ----------  --------------  -------------------  ----------------------
/opt/airflow/dags/scraping_dag.py                           1           0  0.28s           2026-03-17T22:19:04                      12
================================================================================
[2026-03-17T22:20:04.341+0000] {manager.py:997} INFO - 
================================================================================
DAG File Processing Stats

File Path                          PID    Runtime      # DAGs    # Errors  Last Runtime    Last Run               Last # of DB Queries
---------------------------------  -----  ---------  --------  ----------  --------------  -------------------  ----------------------
/opt/airflow/dags/scraping_dag.py                           1           0  0.39s           2026-03-17T22:19:35                      12
================================================================================
[2026-03-17T22:20:33.838+0000] {manager.py:821} INFO - Searching for files in /opt/airflow/dags
[2026-03-17T22:20:33.871+0000] {manager.py:824} INFO - There are 1 files in /opt/airflow/dags
[2026-03-17T22:20:34.903+0000] {manager.py:997} INFO - 
================================================================================
DAG File Processing Stats

File Path                          PID    Runtime      # DAGs    # Errors  Last Runtime    Last Run               Last # of DB Queries
---------------------------------  -----  ---------  --------  ----------  --------------  -------------------  ----------------------
/opt/airflow/dags/scraping_dag.py                           1           0  0.31s           2026-03-17T22:20:05                      12
================================================================================
[2026-03-17T22:21:05.421+0000] {manager.py:997} INFO - 
================================================================================
DAG File Processing Stats

File Path                          PID    Runtime      # DAGs    # Errors  Last Runtime    Last Run               Last # of DB Queries
---------------------------------  -----  ---------  --------  ----------  --------------  -------------------  ----------------------
/opt/airflow/dags/scraping_dag.py                           1           0  0.33s           2026-03-17T22:20:36                      12
================================================================================
[2026-03-17T22:21:35.957+0000] {manager.py:997} INFO - 
================================================================================
DAG File Processing Stats

File Path                          PID    Runtime      # DAGs    # Errors  Last Runtime    Last Run               Last # of DB Queries
---------------------------------  -----  ---------  --------  ----------  --------------  -------------------  ----------------------
/opt/airflow/dags/scraping_dag.py                           1           0  0.27s           2026-03-17T22:21:06                      12
================================================================================
[2026-03-17T22:22:06.031+0000] {manager.py:997} INFO - 
================================================================================
DAG File Processing Stats

File Path                          PID    Runtime      # DAGs    # Errors  Last Runtime    Last Run               Last # of DB Queries
---------------------------------  -----  ---------  --------  ----------  --------------  -------------------  ----------------------
/opt/airflow/dags/scraping_dag.py                           1           0  0.32s           2026-03-17T22:22:04                      12
================================================================================
[2026-03-17T22:22:36.472+0000] {manager.py:997} INFO - 
================================================================================
DAG File Processing Stats

File Path                          PID    Runtime      # DAGs    # Errors  Last Runtime    Last Run               Last # of DB Queries
---------------------------------  -----  ---------  --------  ----------  --------------  -------------------  ----------------------
/opt/airflow/dags/scraping_dag.py                           1           0  0.41s           2026-03-17T22:22:26                      12
================================================================================
[2026-03-17T22:23:06.602+0000] {manager.py:997} INFO - 
================================================================================
DAG File Processing Stats

File Path                          PID    Runtime      # DAGs    # Errors  Last Runtime    Last Run               Last # of DB Queries
---------------------------------  -----  ---------  --------  ----------  --------------  -------------------  ----------------------
/opt/airflow/dags/scraping_dag.py                           1           0  0.34s           2026-03-17T22:22:57                      12
================================================================================
[2026-03-17T22:23:36.617+0000] {manager.py:997} INFO - 
================================================================================
DAG File Processing Stats

File Path                          PID    Runtime      # DAGs    # Errors  Last Runtime    Last Run               Last # of DB Queries
---------------------------------  -----  ---------  --------  ----------  --------------  -------------------  ----------------------
/opt/airflow/dags/scraping_dag.py                           1           0  0.28s           2026-03-17T22:23:27                      12
================================================================================
[2026-03-17T22:24:07.250+0000] {manager.py:997} INFO - 
================================================================================
DAG File Processing Stats

File Path                          PID    Runtime      # DAGs    # Errors  Last Runtime    Last Run               Last # of DB Queries
---------------------------------  -----  ---------  --------  ----------  --------------  -------------------  ----------------------
/opt/airflow/dags/scraping_dag.py                           1           0  0.31s           2026-03-17T22:23:58                      12
================================================================================
[2026-03-17T22:24:37.681+0000] {manager.py:997} INFO - 
================================================================================
DAG File Processing Stats

File Path                          PID    Runtime      # DAGs    # Errors  Last Runtime    Last Run               Last # of DB Queries
---------------------------------  -----  ---------  --------  ----------  --------------  -------------------  ----------------------
/opt/airflow/dags/scraping_dag.py                           1           0  0.34s           2026-03-17T22:24:28                      12
================================================================================
[2026-03-17T22:25:08.353+0000] {manager.py:997} INFO - 
================================================================================
DAG File Processing Stats

File Path                          PID    Runtime      # DAGs    # Errors  Last Runtime    Last Run               Last # of DB Queries
---------------------------------  -----  ---------  --------  ----------  --------------  -------------------  ----------------------
/opt/airflow/dags/scraping_dag.py                           1           0  0.33s           2026-03-17T22:24:59                      12
================================================================================
[2026-03-17T22:25:33.937+0000] {manager.py:821} INFO - Searching for files in /opt/airflow/dags
[2026-03-17T22:25:33.995+0000] {manager.py:824} INFO - There are 1 files in /opt/airflow/dags
[2026-03-17T22:25:38.746+0000] {manager.py:997} INFO - 
================================================================================
DAG File Processing Stats

File Path                          PID    Runtime      # DAGs    # Errors  Last Runtime    Last Run               Last # of DB Queries
---------------------------------  -----  ---------  --------  ----------  --------------  -------------------  ----------------------
/opt/airflow/dags/scraping_dag.py                           1           0  0.28s           2026-03-17T22:25:29                      12
================================================================================
[2026-03-17T22:26:09.418+0000] {manager.py:997} INFO - 
================================================================================
DAG File Processing Stats

File Path                          PID    Runtime      # DAGs    # Errors  Last Runtime    Last Run               Last # of DB Queries
---------------------------------  -----  ---------  --------  ----------  --------------  -------------------  ----------------------
/opt/airflow/dags/scraping_dag.py                           1           0  0.40s           2026-03-17T22:26:00                      12
================================================================================
[2026-03-17T22:26:39.969+0000] {manager.py:997} INFO - 
================================================================================
DAG File Processing Stats

File Path                          PID    Runtime      # DAGs    # Errors  Last Runtime    Last Run               Last # of DB Queries
---------------------------------  -----  ---------  --------  ----------  --------------  -------------------  ----------------------
/opt/airflow/dags/scraping_dag.py                           1           0  0.28s           2026-03-17T22:26:30                      12
================================================================================
[2026-03-17T22:27:10.270+0000] {manager.py:997} INFO - 
================================================================================
DAG File Processing Stats

File Path                          PID    Runtime      # DAGs    # Errors  Last Runtime    Last Run               Last # of DB Queries
---------------------------------  -----  ---------  --------  ----------  --------------  -------------------  ----------------------
/opt/airflow/dags/scraping_dag.py                           1           0  0.32s           2026-03-17T22:26:58                      12
================================================================================
[2026-03-17T22:27:40.946+0000] {manager.py:997} INFO - 
================================================================================
DAG File Processing Stats

File Path                          PID    Runtime      # DAGs    # Errors  Last Runtime    Last Run               Last # of DB Queries
---------------------------------  -----  ---------  --------  ----------  --------------  -------------------  ----------------------
/opt/airflow/dags/scraping_dag.py                           1           0  0.31s           2026-03-17T22:27:28                      12
================================================================================
[2026-03-17T22:28:11.358+0000] {manager.py:997} INFO - 
================================================================================
DAG File Processing Stats

File Path                          PID    Runtime      # DAGs    # Errors  Last Runtime    Last Run               Last # of DB Queries
---------------------------------  -----  ---------  --------  ----------  --------------  -------------------  ----------------------
/opt/airflow/dags/scraping_dag.py                           1           0  0.31s           2026-03-17T22:27:59                      12
================================================================================
[2026-03-17T22:28:41.524+0000] {manager.py:997} INFO - 
================================================================================
DAG File Processing Stats

File Path                          PID    Runtime      # DAGs    # Errors  Last Runtime    Last Run               Last # of DB Queries
---------------------------------  -----  ---------  --------  ----------  --------------  -------------------  ----------------------
/opt/airflow/dags/scraping_dag.py                           1           0  0.46s           2026-03-17T22:28:33                      12
================================================================================
[2026-03-17T22:29:11.888+0000] {manager.py:997} INFO - 
================================================================================
DAG File Processing Stats

File Path                          PID    Runtime      # DAGs    # Errors  Last Runtime    Last Run               Last # of DB Queries
---------------------------------  -----  ---------  --------  ----------  --------------  -------------------  ----------------------
/opt/airflow/dags/scraping_dag.py                           1           0  0.38s           2026-03-17T22:29:04                      12
================================================================================
[2026-03-17T22:29:41.978+0000] {manager.py:997} INFO - 
================================================================================
DAG File Processing Stats

File Path                          PID    Runtime      # DAGs    # Errors  Last Runtime    Last Run               Last # of DB Queries
---------------------------------  -----  ---------  --------  ----------  --------------  -------------------  ----------------------
/opt/airflow/dags/scraping_dag.py                           1           0  0.33s           2026-03-17T22:29:34                      12
================================================================================
[2026-03-17T22:30:12.362+0000] {manager.py:997} INFO - 
================================================================================
DAG File Processing Stats

File Path                          PID    Runtime      # DAGs    # Errors  Last Runtime    Last Run               Last # of DB Queries
---------------------------------  -----  ---------  --------  ----------  --------------  -------------------  ----------------------
/opt/airflow/dags/scraping_dag.py                           1           0  0.33s           2026-03-17T22:30:05                      12
================================================================================
[2026-03-17T22:30:34.601+0000] {manager.py:821} INFO - Searching for files in /opt/airflow/dags
[2026-03-17T22:30:34.667+0000] {manager.py:824} INFO - There are 1 files in /opt/airflow/dags
[2026-03-17T22:30:42.862+0000] {manager.py:997} INFO - 
================================================================================
DAG File Processing Stats

File Path                          PID    Runtime      # DAGs    # Errors  Last Runtime    Last Run               Last # of DB Queries
---------------------------------  -----  ---------  --------  ----------  --------------  -------------------  ----------------------
/opt/airflow/dags/scraping_dag.py                           1           0  0.36s           2026-03-17T22:30:36                      12
================================================================================
[2026-03-17T22:31:13.119+0000] {manager.py:997} INFO - 
================================================================================
DAG File Processing Stats

File Path                          PID    Runtime      # DAGs    # Errors  Last Runtime    Last Run               Last # of DB Queries
---------------------------------  -----  ---------  --------  ----------  --------------  -------------------  ----------------------
/opt/airflow/dags/scraping_dag.py                           1           0  0.52s           2026-03-17T22:30:55                      12
================================================================================
[2026-03-17T22:31:43.489+0000] {manager.py:997} INFO - 
================================================================================
DAG File Processing Stats

File Path                          PID    Runtime      # DAGs    # Errors  Last Runtime    Last Run               Last # of DB Queries
---------------------------------  -----  ---------  --------  ----------  --------------  -------------------  ----------------------
/opt/airflow/dags/scraping_dag.py                           1           0  0.32s           2026-03-17T22:31:26                      12
================================================================================
[2026-03-17T22:32:14.168+0000] {manager.py:997} INFO - 
================================================================================
DAG File Processing Stats

File Path                          PID    Runtime      # DAGs    # Errors  Last Runtime    Last Run               Last # of DB Queries
---------------------------------  -----  ---------  --------  ----------  --------------  -------------------  ----------------------
/opt/airflow/dags/scraping_dag.py                           1           0  0.30s           2026-03-17T22:31:56                      12
================================================================================
[2026-03-17T22:32:44.567+0000] {manager.py:997} INFO - 
================================================================================
DAG File Processing Stats

File Path                          PID    Runtime      # DAGs    # Errors  Last Runtime    Last Run               Last # of DB Queries
---------------------------------  -----  ---------  --------  ----------  --------------  -------------------  ----------------------
/opt/airflow/dags/scraping_dag.py                           1           0  0.29s           2026-03-17T22:32:27                      12
================================================================================
[2026-03-17T22:33:15.195+0000] {manager.py:997} INFO - 
================================================================================
DAG File Processing Stats

File Path                          PID    Runtime      # DAGs    # Errors  Last Runtime    Last Run               Last # of DB Queries
---------------------------------  -----  ---------  --------  ----------  --------------  -------------------  ----------------------
/opt/airflow/dags/scraping_dag.py                           1           0  0.27s           2026-03-17T22:32:57                      12
================================================================================
[2026-03-17T22:33:45.627+0000] {manager.py:997} INFO - 
================================================================================
DAG File Processing Stats

File Path                          PID    Runtime      # DAGs    # Errors  Last Runtime    Last Run               Last # of DB Queries
---------------------------------  -----  ---------  --------  ----------  --------------  -------------------  ----------------------
/opt/airflow/dags/scraping_dag.py                           1           0  0.35s           2026-03-17T22:33:28                      12
================================================================================
[2026-03-17T22:34:16.273+0000] {manager.py:997} INFO - 
================================================================================
DAG File Processing Stats

File Path                          PID    Runtime      # DAGs    # Errors  Last Runtime    Last Run               Last # of DB Queries
---------------------------------  -----  ---------  --------  ----------  --------------  -------------------  ----------------------
/opt/airflow/dags/scraping_dag.py                           1           0  0.30s           2026-03-17T22:33:59                      12
================================================================================
[2026-03-17T22:34:46.693+0000] {manager.py:997} INFO - 
================================================================================
DAG File Processing Stats

File Path                          PID    Runtime      # DAGs    # Errors  Last Runtime    Last Run               Last # of DB Queries
---------------------------------  -----  ---------  --------  ----------  --------------  -------------------  ----------------------
/opt/airflow/dags/scraping_dag.py                           1           0  0.30s           2026-03-17T22:34:29                      12
================================================================================
[2026-03-17T22:35:17.295+0000] {manager.py:997} INFO - 
================================================================================
DAG File Processing Stats

File Path                          PID    Runtime      # DAGs    # Errors  Last Runtime    Last Run               Last # of DB Queries
---------------------------------  -----  ---------  --------  ----------  --------------  -------------------  ----------------------
/opt/airflow/dags/scraping_dag.py                           1           0  0.30s           2026-03-17T22:35:00                      12
================================================================================
[2026-03-17T22:35:34.885+0000] {manager.py:821} INFO - Searching for files in /opt/airflow/dags
[2026-03-17T22:35:34.911+0000] {manager.py:824} INFO - There are 1 files in /opt/airflow/dags
[2026-03-17T22:35:47.724+0000] {manager.py:997} INFO - 
================================================================================
DAG File Processing Stats

File Path                          PID    Runtime      # DAGs    # Errors  Last Runtime    Last Run               Last # of DB Queries
---------------------------------  -----  ---------  --------  ----------  --------------  -------------------  ----------------------
/opt/airflow/dags/scraping_dag.py                           1           0  0.37s           2026-03-17T22:35:30                      12
================================================================================
[2026-03-17T22:36:18.086+0000] {manager.py:997} INFO - 
================================================================================
DAG File Processing Stats

File Path                          PID    Runtime      # DAGs    # Errors  Last Runtime    Last Run               Last # of DB Queries
---------------------------------  -----  ---------  --------  ----------  --------------  -------------------  ----------------------
/opt/airflow/dags/scraping_dag.py                           1           0  0.31s           2026-03-17T22:36:01                      12
================================================================================
[2026-03-17T22:36:48.768+0000] {manager.py:997} INFO - 
================================================================================
DAG File Processing Stats

File Path                          PID    Runtime      # DAGs    # Errors  Last Runtime    Last Run               Last # of DB Queries
---------------------------------  -----  ---------  --------  ----------  --------------  -------------------  ----------------------
/opt/airflow/dags/scraping_dag.py                           1           0  0.32s           2026-03-17T22:36:31                      12
================================================================================
[2026-03-17T22:37:19.168+0000] {manager.py:997} INFO - 
================================================================================
DAG File Processing Stats

File Path                          PID    Runtime      # DAGs    # Errors  Last Runtime    Last Run               Last # of DB Queries
---------------------------------  -----  ---------  --------  ----------  --------------  -------------------  ----------------------
/opt/airflow/dags/scraping_dag.py                           1           0  0.31s           2026-03-17T22:37:02                      12
================================================================================
[2026-03-17T22:37:49.843+0000] {manager.py:997} INFO - 
================================================================================
DAG File Processing Stats

File Path                          PID    Runtime      # DAGs    # Errors  Last Runtime    Last Run               Last # of DB Queries
---------------------------------  -----  ---------  --------  ----------  --------------  -------------------  ----------------------
/opt/airflow/dags/scraping_dag.py                           1           0  0.44s           2026-03-17T22:37:32                      12
================================================================================
[2026-03-17T22:38:20.365+0000] {manager.py:997} INFO - 
================================================================================
DAG File Processing Stats

File Path                          PID    Runtime      # DAGs    # Errors  Last Runtime    Last Run               Last # of DB Queries
---------------------------------  -----  ---------  --------  ----------  --------------  -------------------  ----------------------
/opt/airflow/dags/scraping_dag.py                           1           0  0.55s           2026-03-17T22:38:03                      12
================================================================================
[2026-03-17T22:38:50.497+0000] {manager.py:997} INFO - 
================================================================================
DAG File Processing Stats

File Path                          PID    Runtime      # DAGs    # Errors  Last Runtime    Last Run               Last # of DB Queries
---------------------------------  -----  ---------  --------  ----------  --------------  -------------------  ----------------------
/opt/airflow/dags/scraping_dag.py                           1           0  0.31s           2026-03-17T22:38:34                      12
================================================================================
[2026-03-17T22:39:20.848+0000] {manager.py:997} INFO - 
================================================================================
DAG File Processing Stats

File Path                          PID    Runtime      # DAGs    # Errors  Last Runtime    Last Run               Last # of DB Queries
---------------------------------  -----  ---------  --------  ----------  --------------  -------------------  ----------------------
/opt/airflow/dags/scraping_dag.py                           1           0  0.34s           2026-03-17T22:39:04                      12
================================================================================
[2026-03-17T22:39:51.265+0000] {manager.py:997} INFO - 
================================================================================
DAG File Processing Stats

File Path                          PID    Runtime      # DAGs    # Errors  Last Runtime    Last Run               Last # of DB Queries
---------------------------------  -----  ---------  --------  ----------  --------------  -------------------  ----------------------
/opt/airflow/dags/scraping_dag.py                           1           0  0.33s           2026-03-17T22:39:35                      12
================================================================================
[2026-03-17T22:40:21.896+0000] {manager.py:997} INFO - 
================================================================================
DAG File Processing Stats

File Path                          PID    Runtime      # DAGs    # Errors  Last Runtime    Last Run               Last # of DB Queries
---------------------------------  -----  ---------  --------  ----------  --------------  -------------------  ----------------------
/opt/airflow/dags/scraping_dag.py                           1           0  0.38s           2026-03-17T22:40:05                      12
================================================================================
[2026-03-17T22:40:35.527+0000] {manager.py:821} INFO - Searching for files in /opt/airflow/dags
[2026-03-17T22:40:35.555+0000] {manager.py:824} INFO - There are 1 files in /opt/airflow/dags
[2026-03-17T22:40:52.250+0000] {manager.py:997} INFO - 
================================================================================
DAG File Processing Stats

File Path                          PID    Runtime      # DAGs    # Errors  Last Runtime    Last Run               Last # of DB Queries
---------------------------------  -----  ---------  --------  ----------  --------------  -------------------  ----------------------
/opt/airflow/dags/scraping_dag.py                           1           0  0.42s           2026-03-17T22:40:42                      12
================================================================================
[2026-03-17T22:41:22.406+0000] {manager.py:997} INFO - 
================================================================================
DAG File Processing Stats

File Path                          PID    Runtime      # DAGs    # Errors  Last Runtime    Last Run               Last # of DB Queries
---------------------------------  -----  ---------  --------  ----------  --------------  -------------------  ----------------------
/opt/airflow/dags/scraping_dag.py                           1           0  0.40s           2026-03-17T22:41:13                      12
================================================================================
[2026-03-17T22:41:52.756+0000] {manager.py:997} INFO - 
================================================================================
DAG File Processing Stats

File Path                          PID    Runtime      # DAGs    # Errors  Last Runtime    Last Run               Last # of DB Queries
---------------------------------  -----  ---------  --------  ----------  --------------  -------------------  ----------------------
/opt/airflow/dags/scraping_dag.py                           1           0  0.31s           2026-03-17T22:41:43                      12
================================================================================
[2026-03-17T22:42:23.441+0000] {manager.py:997} INFO - 
================================================================================
DAG File Processing Stats

File Path                          PID    Runtime      # DAGs    # Errors  Last Runtime    Last Run               Last # of DB Queries
---------------------------------  -----  ---------  --------  ----------  --------------  -------------------  ----------------------
/opt/airflow/dags/scraping_dag.py                           1           0  0.33s           2026-03-17T22:42:14                      12
================================================================================
[2026-03-17T22:42:53.858+0000] {manager.py:997} INFO - 
================================================================================
DAG File Processing Stats

File Path                          PID    Runtime      # DAGs    # Errors  Last Runtime    Last Run               Last # of DB Queries
---------------------------------  -----  ---------  --------  ----------  --------------  -------------------  ----------------------
/opt/airflow/dags/scraping_dag.py                           1           0  0.31s           2026-03-17T22:42:45                      12
================================================================================
[2026-03-17T22:43:24.497+0000] {manager.py:997} INFO - 
================================================================================
DAG File Processing Stats

File Path                          PID    Runtime      # DAGs    # Errors  Last Runtime    Last Run               Last # of DB Queries
---------------------------------  -----  ---------  --------  ----------  --------------  -------------------  ----------------------
/opt/airflow/dags/scraping_dag.py                           1           0  0.30s           2026-03-17T22:43:15                      12
================================================================================
[2026-03-17T22:43:54.958+0000] {manager.py:997} INFO - 
================================================================================
DAG File Processing Stats

File Path                          PID    Runtime      # DAGs    # Errors  Last Runtime    Last Run               Last # of DB Queries
---------------------------------  -----  ---------  --------  ----------  --------------  -------------------  ----------------------
/opt/airflow/dags/scraping_dag.py                           1           0  0.38s           2026-03-17T22:43:46                      12
================================================================================
[2026-03-17T22:44:25.638+0000] {manager.py:997} INFO - 
================================================================================
DAG File Processing Stats

File Path                          PID    Runtime      # DAGs    # Errors  Last Runtime    Last Run               Last # of DB Queries
---------------------------------  -----  ---------  --------  ----------  --------------  -------------------  ----------------------
/opt/airflow/dags/scraping_dag.py                           1           0  0.39s           2026-03-17T22:44:16                      12
================================================================================
[2026-03-17T22:44:56.061+0000] {manager.py:997} INFO - 
================================================================================
DAG File Processing Stats

File Path                          PID    Runtime      # DAGs    # Errors  Last Runtime    Last Run               Last # of DB Queries
---------------------------------  -----  ---------  --------  ----------  --------------  -------------------  ----------------------
/opt/airflow/dags/scraping_dag.py                           1           0  0.29s           2026-03-17T22:44:47                      12
================================================================================
[2026-03-17T22:45:26.679+0000] {manager.py:997} INFO - 
================================================================================
DAG File Processing Stats

File Path                          PID    Runtime      # DAGs    # Errors  Last Runtime    Last Run               Last # of DB Queries
---------------------------------  -----  ---------  --------  ----------  --------------  -------------------  ----------------------
/opt/airflow/dags/scraping_dag.py                           1           0  0.32s           2026-03-17T22:45:17                      12
================================================================================
[2026-03-17T22:45:35.810+0000] {manager.py:821} INFO - Searching for files in /opt/airflow/dags
[2026-03-17T22:45:35.867+0000] {manager.py:824} INFO - There are 1 files in /opt/airflow/dags
[2026-03-17T22:45:57.216+0000] {manager.py:997} INFO - 
================================================================================
DAG File Processing Stats

File Path                          PID    Runtime      # DAGs    # Errors  Last Runtime    Last Run               Last # of DB Queries
---------------------------------  -----  ---------  --------  ----------  --------------  -------------------  ----------------------
/opt/airflow/dags/scraping_dag.py                           1           0  0.37s           2026-03-17T22:45:48                      12
================================================================================
[2026-03-17T22:46:27.929+0000] {manager.py:997} INFO - 
================================================================================
DAG File Processing Stats

File Path                          PID    Runtime      # DAGs    # Errors  Last Runtime    Last Run               Last # of DB Queries
---------------------------------  -----  ---------  --------  ----------  --------------  -------------------  ----------------------
/opt/airflow/dags/scraping_dag.py                           1           0  0.37s           2026-03-17T22:46:18                      12
================================================================================
[2026-03-17T22:46:58.373+0000] {manager.py:997} INFO - 
================================================================================
DAG File Processing Stats

File Path                          PID    Runtime      # DAGs    # Errors  Last Runtime    Last Run               Last # of DB Queries
---------------------------------  -----  ---------  --------  ----------  --------------  -------------------  ----------------------
/opt/airflow/dags/scraping_dag.py                           1           0  0.58s           2026-03-17T22:46:49                      12
================================================================================
[2026-03-17T22:47:28.645+0000] {manager.py:997} INFO - 
================================================================================
DAG File Processing Stats

File Path                          PID    Runtime      # DAGs    # Errors  Last Runtime    Last Run               Last # of DB Queries
---------------------------------  -----  ---------  --------  ----------  --------------  -------------------  ----------------------
/opt/airflow/dags/scraping_dag.py                           1           0  0.35s           2026-03-17T22:47:20                      12
================================================================================
[2026-03-17T22:47:58.977+0000] {manager.py:997} INFO - 
================================================================================
DAG File Processing Stats

File Path                          PID    Runtime      # DAGs    # Errors  Last Runtime    Last Run               Last # of DB Queries
---------------------------------  -----  ---------  --------  ----------  --------------  -------------------  ----------------------
/opt/airflow/dags/scraping_dag.py                           1           0  0.46s           2026-03-17T22:47:51                      12
================================================================================
[2026-03-17T22:48:29.475+0000] {manager.py:997} INFO - 
================================================================================
DAG File Processing Stats

File Path                          PID    Runtime      # DAGs    # Errors  Last Runtime    Last Run               Last # of DB Queries
---------------------------------  -----  ---------  --------  ----------  --------------  -------------------  ----------------------
/opt/airflow/dags/scraping_dag.py                           1           0  0.42s           2026-03-17T22:48:11                      12
================================================================================
[2026-03-17T22:49:00.166+0000] {manager.py:997} INFO - 
================================================================================
DAG File Processing Stats

File Path                          PID    Runtime      # DAGs    # Errors  Last Runtime    Last Run               Last # of DB Queries
---------------------------------  -----  ---------  --------  ----------  --------------  -------------------  ----------------------
/opt/airflow/dags/scraping_dag.py                           1           0  0.32s           2026-03-17T22:48:41                      12
================================================================================
[2026-03-17T22:49:30.862+0000] {manager.py:997} INFO - 
================================================================================
DAG File Processing Stats

File Path                          PID    Runtime      # DAGs    # Errors  Last Runtime    Last Run               Last # of DB Queries
---------------------------------  -----  ---------  --------  ----------  --------------  -------------------  ----------------------
/opt/airflow/dags/scraping_dag.py                           1           0  0.33s           2026-03-17T22:49:21                      12
================================================================================
[2026-03-17T22:50:01.297+0000] {manager.py:997} INFO - 
================================================================================
DAG File Processing Stats

File Path                          PID    Runtime      # DAGs    # Errors  Last Runtime    Last Run               Last # of DB Queries
---------------------------------  -----  ---------  --------  ----------  --------------  -------------------  ----------------------
/opt/airflow/dags/scraping_dag.py                           1           0  0.36s           2026-03-17T22:49:45                      12
================================================================================
[2026-03-17T22:50:31.554+0000] {manager.py:997} INFO - 
================================================================================
DAG File Processing Stats

File Path                            PID  Runtime      # DAGs    # Errors  Last Runtime    Last Run               Last # of DB Queries
---------------------------------  -----  ---------  --------  ----------  --------------  -------------------  ----------------------
/opt/airflow/dags/scraping_dag.py    204  0.01s             0           1  0.09s           2026-03-17T22:50:29                       5
================================================================================
[2026-03-17T22:50:36.717+0000] {manager.py:821} INFO - Searching for files in /opt/airflow/dags
[2026-03-17T22:50:36.751+0000] {manager.py:824} INFO - There are 1 files in /opt/airflow/dags
[2026-03-17T22:51:01.654+0000] {manager.py:997} INFO - 
================================================================================
DAG File Processing Stats

File Path                          PID    Runtime      # DAGs    # Errors  Last Runtime    Last Run               Last # of DB Queries
---------------------------------  -----  ---------  --------  ----------  --------------  -------------------  ----------------------
/opt/airflow/dags/scraping_dag.py                           0           1  0.10s           2026-03-17T22:51:00                       5
================================================================================
[2026-03-17T22:51:32.282+0000] {manager.py:997} INFO - 
================================================================================
DAG File Processing Stats

File Path                          PID    Runtime      # DAGs    # Errors  Last Runtime    Last Run               Last # of DB Queries
---------------------------------  -----  ---------  --------  ----------  --------------  -------------------  ----------------------
/opt/airflow/dags/scraping_dag.py                           1           0  1.16s           2026-03-17T22:51:11                      22
================================================================================
[2026-03-17T22:52:02.711+0000] {manager.py:997} INFO - 
================================================================================
DAG File Processing Stats

File Path                          PID    Runtime      # DAGs    # Errors  Last Runtime    Last Run               Last # of DB Queries
---------------------------------  -----  ---------  --------  ----------  --------------  -------------------  ----------------------
/opt/airflow/dags/scraping_dag.py                           1           0  0.35s           2026-03-17T22:51:41                      12
================================================================================
[2026-03-17T22:52:05.762+0000] {manager.py:465} INFO - Exiting gracefully upon receiving signal 15
